CLIENT_NO,HIST_DATE,TRANSFER_IN,TRANSFER_OUT
900024,2024-01-31,4019.37,3701.52
900030,2024-01-31,113.19,323.24
900056,2024-01-31,3279.43,1957.56
900091,2024-01-31,2621.31,8822.75
900098,2024-01-31,1799.9,5610.52
900103,2024-01-31,1089.27,648.05
900137,2024-01-31,569.82,2627.89
900157,2024-01-31,376.2,1522.05
900159,2024-01-31,2940.21,1175.67
900214,2024-01-31,2822.4,2633.45
900263,2024-01-31,1266.47,472.08
900270,2024-01-31,2659.42,4330.67
900280,2024-01-31,1661.73,2629.27
900302,2024-01-31,928.93,2543.71
900306,2024-01-31,655.91,1619.47
900358,2024-01-31,229.19,741.68
900401,2024-01-31,1401.93,382.4
900411,2024-01-31,148.46,678.06
900414,2024-01-31,1431.24,4018.95
900417,2024-01-31,2560.54,4807.5
900433,2024-01-31,2327.87,2983.63
900444,2024-01-31,343.62,1030.33
900446,2024-01-31,676.48,3415.37
900448,2024-01-31,3082.58,2933.24
900477,2024-01-31,4190.92,2271.8
900518,2024-01-31,628.77,535.07
900542,2024-01-31,273.91,306.82
900616,2024-01-31,317.17,312.0
900625,2024-01-31,2525.2,5045.37
900634,2024-01-31,5047.12,2914.56
900668,2024-01-31,2203.42,1020.92
900710,2024-01-31,181.05,797.11
900715,2024-01-31,4288.52,2245.48
900739,2024-01-31,1810.25,1196.42
900757,2024-01-31,892.69,461.72
900774,2024-01-31,2806.14,4513.37
900778,2024-01-31,2484.64,870.04
900786,2024-01-31,1152.37,4527.83
900808,2024-01-31,2561.31,1752.79
900814,2024-01-31,1541.66,828.8
900828,2024-01-31,2365.29,5566.27
900901,2024-01-31,1972.94,846.84
900932,2024-01-31,1964.31,7724.75
900953,2024-01-31,3218.86,1830.36
900958,2024-01-31,519.14,1609.96
900961,2024-01-31,1414.03,2071.03
900966,2024-01-31,3034.59,7990.11
900985,2024-01-31,88.23,695.37
900993,2024-01-31,872.59,5307.6
901000,2024-01-31,4670.18,4497.73
901002,2024-01-31,131.28,377.43
901006,2024-01-31,2831.65,5051.34
901022,2024-01-31,2765.02,5004.32
901023,2024-01-31,2407.75,8031.97
901042,2024-01-31,1050.05,2762.22
901044,2024-01-31,885.09,2253.22
901070,2024-01-31,1573.13,8008.0
901084,2024-01-31,364.01,1389.36
901107,2024-01-31,1118.15,949.25
901117,2024-01-31,1008.56,4269.17
901119,2024-01-31,3089.85,3420.56
901156,2024-01-31,1550.88,643.17
901169,2024-01-31,691.07,336.59
901228,2024-01-31,478.12,1323.97
901244,2024-01-31,838.13,3469.81
901245,2024-01-31,1535.99,1413.76
901251,2024-01-31,936.29,789.95
901280,2024-01-31,895.14,494.77
901293,2024-01-31,1130.13,3526.85
901294,2024-01-31,1467.57,1851.88
901312,2024-01-31,5023.14,3169.6
901342,2024-01-31,397.03,867.95
901353,2024-01-31,4372.81,2166.57
901354,2024-01-31,2082.7,7026.9
901361,2024-01-31,1283.11,4464.66
901372,2024-01-31,905.9,582.53
901383,2024-01-31,5743.33,1922.3
901429,2024-01-31,1607.28,581.38
901431,2024-01-31,612.58,1518.34
901445,2024-01-31,1099.98,5693.69
901474,2024-01-31,2633.94,5808.32
901490,2024-01-31,1231.69,6829.29
901504,2024-01-31,298.48,381.99
901537,2024-01-31,1501.62,6036.32
901558,2024-01-31,1980.12,5897.27
901621,2024-01-31,5935.0,1665.33
901623,2024-01-31,2824.72,2736.59
901681,2024-01-31,819.78,4689.25
901728,2024-01-31,1456.16,5028.06
901732,2024-01-31,582.87,2173.8
901783,2024-01-31,1742.94,4613.97
901785,2024-01-31,2768.87,3904.4
901786,2024-01-31,3238.29,7678.93
901807,2024-01-31,565.06,689.45
901808,2024-01-31,4477.52,1705.0
901816,2024-01-31,515.49,375.09
901837,2024-01-31,2988.82,802.62
901840,2024-01-31,500.2,256.63
901860,2024-01-31,1179.26,2110.79
901903,2024-01-31,675.87,476.14
901913,2024-01-31,1202.35,3978.0
901960,2024-01-31,1336.67,4326.59
901966,2024-01-31,1227.14,2878.2
901977,2024-01-31,190.44,732.14
902000,2024-01-31,2967.98,3081.59
902072,2024-01-31,5368.36,2942.69
902106,2024-01-31,2957.23,1827.43
902113,2024-01-31,2410.45,2010.39
902180,2024-01-31,1573.78,3839.92
902193,2024-01-31,3255.77,1242.61
902218,2024-01-31,1668.21,5444.37
902265,2024-01-31,1255.6,6570.34
902281,2024-01-31,1060.1,4008.74
902289,2024-01-31,4591.58,3684.78
902290,2024-01-31,131.44,649.55
902301,2024-01-31,872.9,494.89
902362,2024-01-31,1658.55,4954.23
902364,2024-01-31,216.39,795.47
902389,2024-01-31,1020.63,4637.14
902395,2024-01-31,1751.36,4851.0
902402,2024-01-31,4875.86,2274.98
902425,2024-01-31,879.08,4003.13
902428,2024-01-31,4258.36,2345.87
902431,2024-01-31,3160.95,907.91
902446,2024-01-31,1027.46,334.06
902471,2024-01-31,3236.29,1022.85
902482,2024-01-31,4482.86,2992.09
902493,2024-01-31,1109.73,6736.38
902511,2024-01-31,1199.63,5728.63
902520,2024-01-31,609.41,295.7
902526,2024-01-31,3864.62,3439.08
902532,2024-01-31,1901.65,4237.51
902555,2024-01-31,212.88,301.96
902569,2024-01-31,676.97,2775.14
902643,2024-01-31,1967.85,7047.14
902650,2024-01-31,185.93,563.32
902654,2024-01-31,4145.19,1901.41
902664,2024-01-31,328.99,1734.32
902673,2024-01-31,3849.95,3583.27
902704,2024-01-31,912.84,6553.01
902712,2024-01-31,595.38,1929.02
902729,2024-01-31,2699.99,882.33
902751,2024-01-31,2275.54,2335.67
902774,2024-01-31,788.73,2067.96
902776,2024-01-31,560.92,682.79
902791,2024-01-31,568.24,403.89
902805,2024-01-31,1344.21,3298.2
902858,2024-01-31,6431.8,2597.18
902886,2024-01-31,736.92,334.62
902913,2024-01-31,906.05,4452.19
902922,2024-01-31,301.25,1225.53
902958,2024-01-31,750.68,1313.12
902969,2024-01-31,1383.32,6616.77
902975,2024-01-31,2062.01,868.24
902981,2024-01-31,721.66,1800.29
903020,2024-01-31,1154.62,1005.32
903084,2024-01-31,1921.29,1258.09
903103,2024-01-31,1892.12,2646.67
903104,2024-01-31,407.34,1015.77
903115,2024-01-31,4916.66,1741.41
903122,2024-01-31,3123.04,6931.73
903154,2024-01-31,1625.69,990.5
903229,2024-01-31,3896.43,2653.23
903230,2024-01-31,3041.64,8291.67
903232,2024-01-31,3951.56,1141.18
903240,2024-01-31,1110.83,2854.45
903256,2024-01-31,1960.57,1307.36
903261,2024-01-31,2548.76,641.11
903266,2024-01-31,1449.33,5534.27
903275,2024-01-31,1455.2,1062.33
903374,2024-01-31,3159.04,1329.16
903386,2024-01-31,2768.47,2988.42
903420,2024-01-31,290.36,117.96
903439,2024-01-31,1625.92,890.51
903461,2024-01-31,1606.43,3418.67
903463,2024-01-31,1083.85,1044.18
903561,2024-01-31,2131.12,870.3
903566,2024-01-31,1871.09,4883.65
903579,2024-01-31,1046.03,5268.67
903590,2024-01-31,532.13,1050.94
903598,2024-01-31,366.47,569.27
903643,2024-01-31,1039.79,3362.95
903648,2024-01-31,1369.03,3664.07
903713,2024-01-31,226.21,350.68
903720,2024-01-31,3093.12,3452.11
903764,2024-01-31,1825.42,5067.19
903785,2024-01-31,215.04,325.63
903794,2024-01-31,391.17,2285.86
903796,2024-01-31,895.11,2925.36
903810,2024-01-31,2638.39,5631.25
903815,2024-01-31,1359.24,1310.79
903816,2024-01-31,2168.32,6194.78
903847,2024-01-31,681.86,730.01
903868,2024-01-31,2737.96,2475.78
903872,2024-01-31,1795.58,5348.6
903906,2024-01-31,375.78,635.05
903912,2024-01-31,693.68,3052.68
903994,2024-01-31,1742.36,3808.43
904006,2024-01-31,345.88,1302.78
904007,2024-01-31,838.32,4443.26
904013,2024-01-31,892.85,7022.9
904015,2024-01-31,2117.96,6051.26
904022,2024-01-31,3576.87,2785.64
904084,2024-01-31,6453.46,2835.66
904140,2024-01-31,2486.69,2547.08
904158,2024-01-31,546.29,1567.5
904176,2024-01-31,1939.24,6257.81
904189,2024-01-31,4073.77,4298.69
904193,2024-01-31,3852.44,2818.71
904217,2024-01-31,3919.8,1963.68
904237,2024-01-31,743.75,3975.92
904254,2024-01-31,1707.25,4810.67
904291,2024-01-31,1348.43,350.44
904297,2024-01-31,1406.41,7560.93
904306,2024-01-31,2250.68,2898.67
904327,2024-01-31,2633.66,2894.61
904335,2024-01-31,1264.81,4492.43
904357,2024-01-31,152.76,723.9
904364,2024-01-31,3627.63,1750.47
904386,2024-01-31,1925.54,4475.64
904392,2024-01-31,3144.99,8291.09
904394,2024-01-31,1355.06,6651.8
904397,2024-01-31,634.01,1851.53
904436,2024-01-31,4634.65,1320.1
904446,2024-01-31,5680.11,2065.23
904450,2024-01-31,584.82,2367.88
904453,2024-01-31,4245.29,4388.49
904487,2024-01-31,4253.21,4163.81
904491,2024-01-31,2526.05,5844.5
904528,2024-01-31,1366.2,1698.37
904575,2024-01-31,385.73,981.11
904611,2024-01-31,2586.6,2595.46
904645,2024-01-31,2713.18,3505.3
904655,2024-01-31,972.58,565.22
904680,2024-01-31,892.24,2910.54
904682,2024-01-31,1665.28,7813.7
904710,2024-01-31,1273.77,3071.27
904716,2024-01-31,2804.82,4412.78
904718,2024-01-31,1974.25,4805.64
904726,2024-01-31,1160.66,2713.29
904739,2024-01-31,1208.3,3617.5
904740,2024-01-31,76.15,466.51
904748,2024-01-31,1761.91,1277.25
904786,2024-01-31,3662.25,1890.21
904791,2024-01-31,4149.83,1925.2
904811,2024-01-31,386.08,155.64
904829,2024-01-31,3312.38,7435.83
904839,2024-01-31,1239.19,3724.45
904841,2024-01-31,412.91,330.84
904852,2024-01-31,740.05,2865.17
904873,2024-01-31,2829.73,7229.58
904934,2024-01-31,1964.22,2340.57
904940,2024-01-31,284.42,1857.05
904944,2024-01-31,2311.47,1140.14
904968,2024-01-31,4412.32,1762.36
905046,2024-01-31,3937.93,2500.96
905058,2024-01-31,2095.76,8906.71
905104,2024-01-31,1835.27,2160.31
905115,2024-01-31,1017.03,4567.54
905133,2024-01-31,482.09,328.55
905152,2024-01-31,906.7,789.65
905170,2024-01-31,4297.34,4667.57
905190,2024-01-31,864.75,357.77
905197,2024-01-31,3846.33,2756.75
905218,2024-01-31,6390.74,1635.37
905267,2024-01-31,1765.59,962.45
905295,2024-01-31,823.8,2694.05
905351,2024-01-31,1041.3,5513.75
905358,2024-01-31,1808.1,8287.64
905360,2024-01-31,542.03,2977.77
905382,2024-01-31,467.54,1581.74
905397,2024-01-31,3084.29,2443.25
905410,2024-01-31,758.04,3949.16
905445,2024-01-31,3991.07,1099.74
905459,2024-01-31,440.17,1156.0
905471,2024-01-31,216.42,248.83
905488,2024-01-31,2145.12,5474.87
905504,2024-01-31,3866.87,4004.39
905527,2024-01-31,1021.0,3029.03
905544,2024-01-31,306.47,303.68
905572,2024-01-31,4426.06,1829.48
905592,2024-01-31,866.55,3886.98
905598,2024-01-31,2690.18,3126.68
905610,2024-01-31,1904.25,3456.32
905614,2024-01-31,2323.69,6821.61
905630,2024-01-31,1787.52,1513.02
905643,2024-01-31,1091.44,823.99
905659,2024-01-31,140.78,407.28
905660,2024-01-31,2477.67,697.78
905662,2024-01-31,926.76,5168.72
905680,2024-01-31,793.58,424.97
905689,2024-01-31,3963.22,1224.37
905712,2024-01-31,3481.81,935.53
905719,2024-01-31,2124.8,1108.63
905721,2024-01-31,3294.68,9140.03
905770,2024-01-31,1417.07,1240.4
905780,2024-01-31,1651.5,3032.88
905788,2024-01-31,3057.53,4418.05
905817,2024-01-31,2072.79,1892.22
905840,2024-01-31,340.7,1408.94
905841,2024-01-31,2560.0,1306.73
905850,2024-01-31,2208.85,4269.92
905864,2024-01-31,1707.6,943.61
905881,2024-01-31,3921.99,2700.69
905909,2024-01-31,3528.18,1045.19
906044,2024-01-31,2791.66,9462.44
906048,2024-01-31,539.45,439.62
906075,2024-01-31,1838.97,6659.76
906107,2024-01-31,648.0,1639.19
906139,2024-01-31,389.48,1194.14
906156,2024-01-31,3113.0,1047.48
906183,2024-01-31,1045.06,699.51
906186,2024-01-31,742.49,1888.15
906213,2024-01-31,2111.1,1684.85
906231,2024-01-31,502.29,812.49
906258,2024-01-31,1312.51,2404.94
906281,2024-01-31,2751.79,1377.35
906283,2024-01-31,1375.58,3816.54
906314,2024-01-31,2195.78,5880.25
906330,2024-01-31,1426.71,4606.54
906340,2024-01-31,3578.02,1808.52
906368,2024-01-31,916.78,3997.04
906438,2024-01-31,2705.38,1763.93
906460,2024-01-31,957.75,4081.71
906465,2024-01-31,3375.17,2475.57
906483,2024-01-31,537.08,2418.35
906485,2024-01-31,4479.16,1590.99
906501,2024-01-31,1597.57,3722.31
906560,2024-01-31,4469.37,2622.68
906573,2024-01-31,2318.09,6488.84
906582,2024-01-31,545.61,2870.5
906590,2024-01-31,850.36,2552.32
906611,2024-01-31,1047.79,5299.22
906620,2024-01-31,769.49,2219.99
906716,2024-01-31,566.08,2577.31
906718,2024-01-31,1657.57,8839.75
906739,2024-01-31,3682.96,1278.76
906759,2024-01-31,2226.83,1706.95
906765,2024-01-31,462.57,1165.85
906774,2024-01-31,1021.94,602.66
906816,2024-01-31,634.86,1519.13
906821,2024-01-31,3108.09,1759.02
906822,2024-01-31,141.25,595.54
906834,2024-01-31,3350.97,4592.25
906937,2024-01-31,2154.97,2129.91
906947,2024-01-31,5567.81,2472.81
906960,2024-01-31,4218.43,4613.16
906973,2024-01-31,1239.79,4385.15
906979,2024-01-31,1495.88,1945.33
907001,2024-01-31,1417.14,6382.89
907054,2024-01-31,1770.87,615.62
907057,2024-01-31,2980.99,2887.93
907064,2024-01-31,751.16,386.03
907072,2024-01-31,2112.43,2197.71
907079,2024-01-31,2893.68,8371.84
907082,2024-01-31,3278.45,2996.48
907092,2024-01-31,874.66,3087.61
907146,2024-01-31,3010.97,881.69
907169,2024-01-31,6426.58,2313.75
907187,2024-01-31,1476.35,3704.03
907212,2024-01-31,1875.04,4813.41
907237,2024-01-31,354.46,920.47
907254,2024-01-31,524.1,1299.08
907256,2024-01-31,2475.29,9143.22
907262,2024-01-31,2324.72,3920.18
907264,2024-01-31,2437.82,1730.95
907272,2024-01-31,1315.11,2929.01
907295,2024-01-31,1094.48,4042.88
907320,2024-01-31,3831.76,1725.2
907328,2024-01-31,1794.4,2563.29
907331,2024-01-31,1764.78,5415.64
907339,2024-01-31,2479.29,2074.47
907341,2024-01-31,2368.62,1712.61
907352,2024-01-31,1996.75,4711.46
907371,2024-01-31,1092.72,6250.36
907372,2024-01-31,2766.28,3873.63
907394,2024-01-31,747.35,657.56
907422,2024-01-31,2478.07,2483.25
907443,2024-01-31,1977.32,1609.02
907444,2024-01-31,1241.9,3289.67
907460,2024-01-31,635.5,1275.65
907477,2024-01-31,1235.85,6882.04
907485,2024-01-31,835.29,4140.19
907486,2024-01-31,830.93,2310.24
907531,2024-01-31,1741.69,5655.86
907542,2024-01-31,6029.48,2491.95
907566,2024-01-31,882.71,642.04
907575,2024-01-31,368.92,996.6
907593,2024-01-31,1173.41,913.83
907596,2024-01-31,257.47,1317.47
907606,2024-01-31,1065.46,6112.69
907608,2024-01-31,2346.38,7667.97
907621,2024-01-31,2195.93,5892.46
907643,2024-01-31,3029.67,6167.51
907674,2024-01-31,91.88,504.93
907677,2024-01-31,2287.07,911.55
907678,2024-01-31,5299.37,2356.05
907696,2024-01-31,1416.03,1845.25
907720,2024-01-31,2868.37,7333.2
907727,2024-01-31,670.7,1563.87
907736,2024-01-31,1727.16,568.72
907754,2024-01-31,954.14,358.59
907758,2024-01-31,5715.04,3178.0
907759,2024-01-31,2419.36,7358.09
907761,2024-01-31,3075.47,5039.73
907770,2024-01-31,2357.87,554.32
907774,2024-01-31,1205.67,2786.54
907782,2024-01-31,3862.5,3570.88
907783,2024-01-31,2316.75,1817.3
907800,2024-01-31,745.96,3583.98
907844,2024-01-31,1841.18,2116.83
907849,2024-01-31,686.78,3327.4
907877,2024-01-31,2061.95,6222.05
907915,2024-01-31,577.97,623.93
907919,2024-01-31,2229.12,7676.48
907950,2024-01-31,1504.25,5278.57
907964,2024-01-31,1236.16,8328.89
907971,2024-01-31,1136.0,6435.34
907983,2024-01-31,1492.99,4232.51
907991,2024-01-31,1678.13,6941.48
908002,2024-01-31,2253.33,6442.35
908061,2024-01-31,839.68,5413.5
908084,2024-01-31,124.89,627.47
908105,2024-01-31,3208.6,1177.72
908180,2024-01-31,2555.54,2633.27
908188,2024-01-31,986.89,3068.33
908230,2024-01-31,4213.94,1856.52
908232,2024-01-31,409.19,1744.53
908275,2024-01-31,485.33,1634.47
908289,2024-01-31,5454.12,2366.9
908291,2024-01-31,1883.59,2129.06
908294,2024-01-31,414.52,482.03
908339,2024-01-31,1213.68,2454.53
908352,2024-01-31,6634.76,1988.28
908383,2024-01-31,2861.75,1001.11
908392,2024-01-31,1622.98,680.03
908401,2024-01-31,693.68,632.15
908417,2024-01-31,1629.57,1051.3
908425,2024-01-31,963.72,4308.35
908466,2024-01-31,2446.5,1946.71
908482,2024-01-31,2396.17,3588.06
908499,2024-01-31,978.81,2175.23
908501,2024-01-31,1217.66,730.58
908532,2024-01-31,2117.31,583.64
908557,2024-01-31,1898.24,4405.42
908567,2024-01-31,344.74,1975.31
908576,2024-01-31,1847.95,3136.7
908580,2024-01-31,3454.05,3163.1
908607,2024-01-31,1777.96,539.0
908609,2024-01-31,2272.43,4214.73
908620,2024-01-31,1016.78,286.98
908643,2024-01-31,2715.14,3209.85
908665,2024-01-31,1053.83,5533.54
908677,2024-01-31,605.03,1436.27
908700,2024-01-31,1505.57,7311.25
908727,2024-01-31,4452.29,1256.82
908749,2024-01-31,949.59,994.37
908834,2024-01-31,621.64,3803.76
908862,2024-01-31,173.42,1011.16
908879,2024-01-31,4518.19,1743.87
908886,2024-01-31,3452.45,2177.54
908892,2024-01-31,1608.42,6640.47
908922,2024-01-31,734.55,583.76
908926,2024-01-31,1053.32,5723.93
908934,2024-01-31,2346.32,1534.72
908983,2024-01-31,2204.24,2708.84
900020,2024-02-29,1632.32,3335.99
900030,2024-02-29,735.53,4876.5
900052,2024-02-29,942.75,3901.11
900085,2024-02-29,1258.5,2957.43
900091,2024-02-29,1408.3,3203.08
900103,2024-02-29,3060.91,1303.0
900131,2024-02-29,1013.93,2575.87
900136,2024-02-29,474.73,1416.5
900145,2024-02-29,853.13,3682.65
900156,2024-02-29,2546.08,2686.17
900157,2024-02-29,823.35,2626.53
900159,2024-02-29,3658.7,1792.59
900270,2024-02-29,2097.25,4608.04
900306,2024-02-29,1339.03,2687.69
900322,2024-02-29,3185.24,6715.99
900329,2024-02-29,444.49,1740.52
900331,2024-02-29,5471.57,2095.8
900358,2024-02-29,1318.28,3553.92
900401,2024-02-29,362.69,108.16
900411,2024-02-29,2672.3,7435.08
900414,2024-02-29,715.97,3909.63
900416,2024-02-29,1931.31,4838.0
900417,2024-02-29,223.89,1105.15
900419,2024-02-29,3449.75,1840.36
900444,2024-02-29,1435.54,3935.57
900446,2024-02-29,925.63,3471.32
900518,2024-02-29,2451.43,3029.02
900542,2024-02-29,871.85,1233.48
900551,2024-02-29,1242.48,7599.91
900589,2024-02-29,1444.81,1286.32
900599,2024-02-29,2200.12,5890.29
900634,2024-02-29,1024.77,435.38
900668,2024-02-29,5783.1,2292.15
900680,2024-02-29,2771.33,1897.65
900686,2024-02-29,2804.66,1063.94
900715,2024-02-29,499.94,309.54
900739,2024-02-29,1961.49,1254.12
900742,2024-02-29,1076.44,1066.31
900754,2024-02-29,737.4,1583.31
900757,2024-02-29,4965.82,1700.72
900767,2024-02-29,1643.88,5154.61
900777,2024-02-29,974.3,3538.65
900778,2024-02-29,3933.16,2555.64
900786,2024-02-29,973.03,4701.77
900808,2024-02-29,4587.28,2371.57
900825,2024-02-29,5362.98,3047.24
900827,2024-02-29,3192.15,1693.71
900853,2024-02-29,3740.45,2139.34
900901,2024-02-29,4184.53,1347.25
900919,2024-02-29,718.8,586.59
900942,2024-02-29,1484.38,796.2
900958,2024-02-29,1231.73,5713.67
900965,2024-02-29,392.64,422.63
900985,2024-02-29,387.61,1691.66
900993,2024-02-29,1279.67,3847.85
901030,2024-02-29,1241.79,3869.48
901037,2024-02-29,2829.84,6833.63
901042,2024-02-29,1557.74,3938.32
901059,2024-02-29,529.95,1186.39
901070,2024-02-29,2006.27,6263.6
901091,2024-02-29,837.75,2518.66
901092,2024-02-29,1811.83,1939.03
901099,2024-02-29,1204.88,6213.28
901141,2024-02-29,2730.58,7001.04
901156,2024-02-29,2186.09,851.91
901193,2024-02-29,5928.26,2531.04
901228,2024-02-29,1297.56,4611.9
901244,2024-02-29,3107.54,9137.47
901245,2024-02-29,1712.04,2679.72
901251,2024-02-29,4181.04,3529.74
901293,2024-02-29,290.27,930.39
901297,2024-02-29,1434.57,2496.22
901304,2024-02-29,6372.12,1592.35
901312,2024-02-29,2540.2,1508.83
901353,2024-02-29,4044.07,1774.7
901354,2024-02-29,964.4,3173.39
901361,2024-02-29,840.2,6020.98
901363,2024-02-29,108.34,427.22
901372,2024-02-29,2089.21,1692.27
901383,2024-02-29,2880.34,1116.02
901429,2024-02-29,2622.8,669.8
901431,2024-02-29,2446.51,6729.03
901434,2024-02-29,4968.33,2620.47
901474,2024-02-29,1176.58,5275.19
901490,2024-02-29,388.71,1150.28
901538,2024-02-29,723.03,1913.58
901607,2024-02-29,967.47,909.19
901614,2024-02-29,3376.44,4677.88
901618,2024-02-29,848.8,4279.73
901621,2024-02-29,3553.94,1545.03
901630,2024-02-29,3099.97,3024.29
901663,2024-02-29,1574.6,7294.15
901681,2024-02-29,1816.11,3757.12
901691,2024-02-29,1843.71,3808.61
901744,2024-02-29,2963.57,2033.22
901786,2024-02-29,1092.66,5096.79
901794,2024-02-29,4071.26,1737.07
901840,2024-02-29,1116.56,630.92
901881,2024-02-29,1693.59,4029.05
901903,2024-02-29,476.18,116.86
901960,2024-02-29,1291.13,7276.49
901967,2024-02-29,302.09,586.16
901984,2024-02-29,3324.74,3621.59
902011,2024-02-29,3938.97,1383.49
902029,2024-02-29,2068.92,5814.95
902072,2024-02-29,1948.09,699.48
902091,2024-02-29,1121.13,607.15
902100,2024-02-29,833.65,3628.54
902193,2024-02-29,1757.69,450.38
902213,2024-02-29,991.13,3079.66
902246,2024-02-29,122.45,631.79
902251,2024-02-29,3182.66,6808.23
902265,2024-02-29,673.06,2211.64
902281,2024-02-29,2664.71,8012.25
902289,2024-02-29,2692.64,2232.1
902290,2024-02-29,896.44,5386.63
902301,2024-02-29,2732.14,831.12
902313,2024-02-29,1258.09,1538.57
902314,2024-02-29,1457.35,5632.92
902341,2024-02-29,844.37,1377.02
902362,2024-02-29,470.19,1315.16
902364,2024-02-29,1338.17,4025.99
902380,2024-02-29,5236.97,1690.93
902389,2024-02-29,713.44,4864.18
902428,2024-02-29,3655.91,2254.87
902431,2024-02-29,2146.68,1041.75
902446,2024-02-29,1031.54,402.28
902471,2024-02-29,2083.66,1023.66
902482,2024-02-29,5023.34,1273.49
902488,2024-02-29,246.54,245.8
902493,2024-02-29,1987.94,5582.64
902511,2024-02-29,2126.82,7925.69
902520,2024-02-29,4300.32,1577.52
902526,2024-02-29,2106.98,2088.36
902548,2024-02-29,1181.02,2766.38
902555,2024-02-29,3255.26,3821.47
902643,2024-02-29,1311.67,3933.13
902644,2024-02-29,2070.03,2059.12
902650,2024-02-29,2373.72,4980.15
902654,2024-02-29,5238.86,2773.49
902664,2024-02-29,396.26,1424.26
902673,2024-02-29,3793.15,2271.83
902704,2024-02-29,629.45,1068.94
902729,2024-02-29,904.79,241.18
902775,2024-02-29,1451.28,1426.07
902776,2024-02-29,3399.72,3609.59
902805,2024-02-29,2191.44,6086.02
902808,2024-02-29,2184.92,2417.69
902832,2024-02-29,2890.41,6666.59
902913,2024-02-29,888.95,1867.46
902922,2024-02-29,2079.09,5214.23
902958,2024-02-29,374.94,2527.44
902966,2024-02-29,2879.35,3379.54
902969,2024-02-29,1185.57,3344.75
902975,2024-02-29,4687.75,2077.51
902986,2024-02-29,1480.17,5132.25
903007,2024-02-29,853.69,1279.77
903018,2024-02-29,1127.14,3252.64
903020,2024-02-29,4432.35,3755.72
903104,2024-02-29,2484.82,6921.25
903115,2024-02-29,2441.45,801.22
903229,2024-02-29,5155.63,2162.45
903230,2024-02-29,829.6,4747.67
903240,2024-02-29,773.83,2841.55
903266,2024-02-29,1711.79,4000.58
903368,2024-02-29,2381.96,7271.75
903374,2024-02-29,3643.49,1138.89
903385,2024-02-29,2134.76,2638.81
903386,2024-02-29,4599.38,4457.05
903403,2024-02-29,3100.07,8064.1
903439,2024-02-29,1202.69,327.9
903463,2024-02-29,1015.77,1261.67
903485,2024-02-29,571.11,2026.66
903512,2024-02-29,2748.36,5375.35
903521,2024-02-29,2548.61,2164.84
903536,2024-02-29,2969.38,2092.49
903561,2024-02-29,4624.72,2729.07
903579,2024-02-29,633.99,1328.23
903598,2024-02-29,1657.22,4295.92
903616,2024-02-29,633.34,1905.73
903627,2024-02-29,2591.97,5638.03
903648,2024-02-29,1686.96,6021.94
903684,2024-02-29,1088.55,4791.64
903720,2024-02-29,1656.76,2195.48
903764,2024-02-29,327.55,912.49
903811,2024-02-29,647.75,1474.41
903815,2024-02-29,3219.86,3518.32
903816,2024-02-29,1252.62,2202.05
903843,2024-02-29,3625.89,2950.76
903856,2024-02-29,2024.87,7526.95
903868,2024-02-29,3548.07,4560.29
903881,2024-02-29,1007.73,5303.64
903889,2024-02-29,1990.59,3295.93
903906,2024-02-29,155.98,543.84
903912,2024-02-29,501.59,835.49
903936,2024-02-29,184.68,651.74
903951,2024-02-29,1151.45,393.31
903994,2024-02-29,1690.84,4085.42
904006,2024-02-29,2449.43,7139.51
904007,2024-02-29,1684.49,3785.17
904008,2024-02-29,1278.77,824.54
904013,2024-02-29,1291.46,2892.76
904015,2024-02-29,1596.38,5065.64
904022,2024-02-29,4545.21,1548.43
904039,2024-02-29,757.03,1720.19
904041,2024-02-29,654.96,1602.76
904081,2024-02-29,3710.02,3126.71
904108,2024-02-29,1039.29,1426.64
904151,2024-02-29,2356.31,5206.41
904189,2024-02-29,896.44,843.33
904217,2024-02-29,6307.31,3138.47
904254,2024-02-29,2217.18,4920.66
904291,2024-02-29,2605.48,1097.91
904297,2024-02-29,1042.43,3746.49
904303,2024-02-29,414.61,434.06
904335,2024-02-29,1732.29,5135.04
904336,2024-02-29,1488.05,729.93
904366,2024-02-29,214.68,288.76
904386,2024-02-29,1772.72,7919.33
904392,2024-02-29,1416.34,4842.3
904394,2024-02-29,814.11,2710.91
904397,2024-02-29,1514.7,5359.31
904436,2024-02-29,932.77,617.3
904446,2024-02-29,3908.58,1535.84
904450,2024-02-29,1817.58,5518.21
904453,2024-02-29,1425.66,1350.51
904460,2024-02-29,1910.78,1532.1
904478,2024-02-29,2739.68,3522.66
904487,2024-02-29,2181.94,2201.65
904491,2024-02-29,609.14,1852.75
904576,2024-02-29,4804.73,2671.93
904647,2024-02-29,280.5,1415.84
904652,2024-02-29,145.29,349.4
904680,2024-02-29,874.32,2276.14
904740,2024-02-29,772.07,2087.84
904757,2024-02-29,77.26,315.05
904786,2024-02-29,586.26,205.45
904791,2024-02-29,2447.71,1440.17
904794,2024-02-29,838.54,311.26
904797,2024-02-29,2064.76,6857.57
904811,2024-02-29,3503.58,1017.15
904829,2024-02-29,1553.27,9546.05
904851,2024-02-29,1132.48,1095.8
904862,2024-02-29,2824.72,1899.37
904873,2024-02-29,2923.64,5791.79
904876,2024-02-29,2675.64,1938.56
904934,2024-02-29,2652.59,3917.36
905012,2024-02-29,961.66,1960.19
905019,2024-02-29,2716.6,7304.72
905034,2024-02-29,2557.79,3536.08
905036,2024-02-29,2115.99,4404.06
905046,2024-02-29,3433.73,3216.13
905060,2024-02-29,1078.55,6092.19
905093,2024-02-29,1031.28,2985.4
905104,2024-02-29,1095.01,822.72
905115,2024-02-29,1448.21,6410.24
905124,2024-02-29,920.42,532.87
905152,2024-02-29,411.8,366.03
905170,2024-02-29,3547.73,2816.1
905180,2024-02-29,3773.07,2105.51
905188,2024-02-29,2932.51,2004.1
905190,2024-02-29,2840.07,1555.46
905218,2024-02-29,1234.34,854.93
905233,2024-02-29,1369.15,4023.85
905247,2024-02-29,803.12,5903.8
905267,2024-02-29,3402.68,2512.38
905295,2024-02-29,1364.47,5071.29
905316,2024-02-29,958.35,2906.15
905329,2024-02-29,989.7,5991.7
905334,2024-02-29,3579.9,1542.88
905345,2024-02-29,291.14,529.49
905351,2024-02-29,1943.12,5710.37
905356,2024-02-29,2602.04,5238.66
905358,2024-02-29,883.0,4819.49
905360,2024-02-29,2071.82,4921.65
905374,2024-02-29,5469.89,1772.68
905377,2024-02-29,634.03,2143.8
905382,2024-02-29,679.22,3403.96
905386,2024-02-29,3708.27,1419.5
905397,2024-02-29,1112.1,741.96
905410,2024-02-29,358.54,1099.64
905435,2024-02-29,604.78,1983.19
905459,2024-02-29,2126.76,4851.26
905471,2024-02-29,1465.8,1448.55
905493,2024-02-29,2770.0,8523.43
905509,2024-02-29,688.27,704.54
905527,2024-02-29,188.94,284.91
905533,2024-02-29,1270.57,1787.71
905544,2024-02-29,487.35,345.09
905545,2024-02-29,2636.41,1085.82
905598,2024-02-29,2679.79,2688.67
905610,2024-02-29,3057.93,9643.58
905614,2024-02-29,565.73,3047.67
905628,2024-02-29,2818.34,7758.58
905663,2024-02-29,178.9,817.58
905669,2024-02-29,2533.51,1196.01
905680,2024-02-29,1411.25,547.53
905683,2024-02-29,458.52,619.23
905689,2024-02-29,997.06,426.12
905712,2024-02-29,2399.29,1333.28
905719,2024-02-29,2028.99,1335.17
905770,2024-02-29,692.69,637.83
905780,2024-02-29,3210.73,5248.22
905793,2024-02-29,1169.71,1898.25
905841,2024-02-29,1503.11,1024.96
905856,2024-02-29,4869.2,1858.18
905881,2024-02-29,6759.55,2681.86
905896,2024-02-29,3346.33,9275.44
905909,2024-02-29,1458.25,651.44
905987,2024-02-29,1289.76,1613.25
906027,2024-02-29,2741.86,5072.93
906030,2024-02-29,4675.85,2960.76
906048,2024-02-29,3707.64,3121.23
906075,2024-02-29,1431.34,4169.83
906107,2024-02-29,659.67,2033.21
906114,2024-02-29,741.67,800.35
906115,2024-02-29,2476.2,1853.86
906123,2024-02-29,3598.07,2597.44
906139,2024-02-29,2841.8,6971.09
906156,2024-02-29,2289.56,1153.73
906166,2024-02-29,650.56,731.62
906183,2024-02-29,1103.86,1053.67
906186,2024-02-29,1733.68,7252.77
906187,2024-02-29,1416.35,6598.02
906213,2024-02-29,882.47,1554.68
906258,2024-02-29,883.49,3608.08
906285,2024-02-29,65.84,439.4
906292,2024-02-29,602.64,1906.97
906312,2024-02-29,1109.3,2227.2
906350,2024-02-29,2432.12,1656.35
906435,2024-02-29,500.47,1771.26
906460,2024-02-29,1143.64,2288.31
906478,2024-02-29,852.61,3187.15
906501,2024-02-29,311.39,1560.38
906506,2024-02-29,1123.06,5578.37
906535,2024-02-29,2979.58,2949.76
906559,2024-02-29,1334.35,6744.28
906561,2024-02-29,327.74,261.22
906590,2024-02-29,1169.98,7555.74
906611,2024-02-29,3154.61,6108.72
906620,2024-02-29,1636.74,4754.85
906673,2024-02-29,1184.47,3168.59
906740,2024-02-29,429.67,343.02
906759,2024-02-29,2413.87,3351.34
906765,2024-02-29,2906.78,5891.13
906774,2024-02-29,3918.05,2276.51
906816,2024-02-29,1196.47,3945.95
906821,2024-02-29,4923.48,2284.68
906834,2024-02-29,1846.14,1792.16
906837,2024-02-29,571.31,2885.72
906839,2024-02-29,2474.75,5805.59
906880,2024-02-29,941.3,4868.65
906947,2024-02-29,4789.47,1685.07
906960,2024-02-29,1493.55,1209.6
906973,2024-02-29,2236.03,6915.54
906979,2024-02-29,2873.05,3212.2
906990,2024-02-29,2134.96,2406.44
907024,2024-02-29,4047.17,1645.91
907054,2024-02-29,1028.59,645.96
907057,2024-02-29,3328.13,3104.35
907072,2024-02-29,1223.2,1940.13
907079,2024-02-29,839.62,3066.53
907082,2024-02-29,3460.51,4222.65
907085,2024-02-29,5262.14,1706.4
907122,2024-02-29,463.52,1260.48
907155,2024-02-29,300.97,1821.53
907167,2024-02-29,2709.96,1417.19
907169,2024-02-29,1503.36,760.81
907182,2024-02-29,1861.75,804.47
907199,2024-02-29,1307.32,2232.19
907200,2024-02-29,6635.27,2708.39
907232,2024-02-29,851.7,2506.08
907251,2024-02-29,1079.06,2716.7
907254,2024-02-29,173.37,914.0
907256,2024-02-29,1984.17,7330.17
907261,2024-02-29,170.22,304.1
907262,2024-02-29,1291.7,989.49
907264,2024-02-29,1072.01,430.68
907295,2024-02-29,1523.79,3032.36
907317,2024-02-29,2490.48,6827.24
907319,2024-02-29,2743.51,2369.9
907320,2024-02-29,1090.48,631.07
907328,2024-02-29,2568.23,2181.76
907331,2024-02-29,1327.52,8660.63
907339,2024-02-29,1366.83,996.33
907341,2024-02-29,2186.8,1895.44
907371,2024-02-29,369.77,1468.34
907372,2024-02-29,4080.5,3362.91
907376,2024-02-29,474.05,2652.42
907388,2024-02-29,1626.11,5084.69
907391,2024-02-29,1206.77,3324.81
907394,2024-02-29,2290.61,1923.8
907406,2024-02-29,1537.28,1409.54
907416,2024-02-29,720.34,1475.96
907422,2024-02-29,2732.65,2590.44
907426,2024-02-29,1333.59,1460.47
907429,2024-02-29,2816.01,3974.62
907451,2024-02-29,277.08,1737.88
907460,2024-02-29,2037.47,5353.76
907477,2024-02-29,708.96,2952.8
907505,2024-02-29,3318.46,873.75
907508,2024-02-29,1876.82,6076.24
907566,2024-02-29,3654.58,1324.07
907571,2024-02-29,1814.53,2136.54
907575,2024-02-29,618.12,1720.76
907591,2024-02-29,1702.56,3337.28
907593,2024-02-29,761.26,447.33
907595,2024-02-29,1279.69,3200.83
907608,2024-02-29,564.74,1627.27
907621,2024-02-29,95.56,559.94
907630,2024-02-29,413.94,994.27
907636,2024-02-29,2152.06,8111.93
907673,2024-02-29,1402.79,582.71
907678,2024-02-29,2146.64,1020.39
907688,2024-02-29,184.51,372.66
907696,2024-02-29,1711.39,1829.18
907720,2024-02-29,957.11,1964.53
907727,2024-02-29,2982.21,9308.22
907736,2024-02-29,3955.85,1124.12
907752,2024-02-29,2843.52,1180.19
907758,2024-02-29,3262.07,1887.49
907759,2024-02-29,1613.33,8003.49
907761,2024-02-29,297.71,278.61
907774,2024-02-29,186.46,459.29
907782,2024-02-29,2988.62,3204.59
907783,2024-02-29,2849.1,2406.65
907818,2024-02-29,3813.61,2510.85
907877,2024-02-29,902.46,6173.76
907878,2024-02-29,2890.56,5699.35
907879,2024-02-29,2270.36,5537.75
907885,2024-02-29,435.89,1737.28
907893,2024-02-29,1846.34,5326.49
907915,2024-02-29,393.94,486.7
907950,2024-02-29,175.48,1101.76
907951,2024-02-29,2942.12,1017.51
907964,2024-02-29,697.81,2168.37
907971,2024-02-29,618.57,1235.55
908004,2024-02-29,4604.81,1472.24
908006,2024-02-29,628.19,2967.96
908038,2024-02-29,729.75,878.42
908092,2024-02-29,484.78,1753.96
908106,2024-02-29,1082.48,8326.57
908133,2024-02-29,4607.64,2312.52
908134,2024-02-29,1481.69,7148.45
908154,2024-02-29,403.94,672.97
908177,2024-02-29,1006.98,1996.4
908180,2024-02-29,1847.95,1891.95
908228,2024-02-29,2100.96,5786.84
908246,2024-02-29,352.95,796.48
908266,2024-02-29,1166.26,1454.66
908291,2024-02-29,263.96,308.08
908294,2024-02-29,3501.33,2275.58
908339,2024-02-29,167.59,1197.77
908352,2024-02-29,519.09,254.86
908360,2024-02-29,3976.72,3291.69
908392,2024-02-29,2296.93,1206.06
908425,2024-02-29,672.14,3801.24
908430,2024-02-29,2552.54,3187.64
908449,2024-02-29,1825.38,5075.31
908499,2024-02-29,2326.83,6929.84
908501,2024-02-29,2518.83,2034.13
908521,2024-02-29,1701.52,3242.94
908557,2024-02-29,967.85,1927.55
908567,2024-02-29,858.98,3261.56
908572,2024-02-29,1178.26,6419.91
908580,2024-02-29,1050.65,1741.96
908583,2024-02-29,509.96,1208.89
908590,2024-02-29,977.12,4683.79
908607,2024-02-29,762.73,382.84
908609,2024-02-29,436.29,654.94
908620,2024-02-29,1130.35,509.5
908643,2024-02-29,1931.84,1471.55
908645,2024-02-29,3403.38,1412.82
908653,2024-02-29,1393.23,645.23
908661,2024-02-29,541.12,369.18
908691,2024-02-29,545.8,1531.15
908700,2024-02-29,1609.57,4538.37
908732,2024-02-29,4512.95,3957.92
908745,2024-02-29,1935.94,1550.49
908749,2024-02-29,1159.2,1030.22
908772,2024-02-29,1175.35,4594.15
908789,2024-02-29,1956.37,3651.22
908811,2024-02-29,2039.57,1511.4
908826,2024-02-29,3501.01,4937.87
908834,2024-02-29,356.39,740.64
908862,2024-02-29,1769.23,5079.2
908879,2024-02-29,429.35,184.69
908886,2024-02-29,1004.7,265.43
908892,2024-02-29,641.74,4103.01
908922,2024-02-29,4255.41,2850.76
908939,2024-02-29,527.03,612.58
900024,2024-03-31,344.73,267.85
900030,2024-03-31,1955.46,5095.75
900042,2024-03-31,3647.54,4325.01
900052,2024-03-31,517.94,1507.03
900056,2024-03-31,6450.87,3485.03
900076,2024-03-31,1578.12,6533.64
900098,2024-03-31,248.49,545.19
900103,2024-03-31,3107.17,1463.21
900131,2024-03-31,1787.18,5497.33
900136,2024-03-31,1060.58,3356.97
900157,2024-03-31,1145.59,2589.86
900214,2024-03-31,3043.04,2621.16
900232,2024-03-31,1877.88,2405.95
900260,2024-03-31,3276.39,1329.87
900270,2024-03-31,240.86,1398.97
900280,2024-03-31,534.17,2583.63
900302,2024-03-31,2704.05,4745.81
900331,2024-03-31,2769.52,894.95
900348,2024-03-31,5843.3,2163.36
900355,2024-03-31,2547.98,760.37
900358,2024-03-31,1081.47,1914.95
900401,2024-03-31,3346.3,1398.74
900411,2024-03-31,2627.27,4166.0
900433,2024-03-31,1675.41,2082.35
900446,2024-03-31,626.71,1504.3
900448,2024-03-31,382.02,328.94
900477,2024-03-31,2623.6,941.15
900518,2024-03-31,2147.15,2384.41
900522,2024-03-31,2108.77,1335.98
900531,2024-03-31,716.64,2255.75
900542,2024-03-31,1500.92,1983.73
900599,2024-03-31,1076.63,2112.12
900616,2024-03-31,392.02,348.68
900640,2024-03-31,650.86,2205.59
900669,2024-03-31,2408.54,6268.85
900680,2024-03-31,2695.28,3323.22
900683,2024-03-31,2166.44,6688.94
900686,2024-03-31,2548.1,1184.78
900694,2024-03-31,2842.82,7139.11
900710,2024-03-31,526.43,1210.23
900715,2024-03-31,1042.5,235.22
900739,2024-03-31,4855.04,1856.75
900750,2024-03-31,1573.3,1385.51
900754,2024-03-31,424.17,1257.79
900757,2024-03-31,6566.22,1981.28
900767,2024-03-31,290.46,632.17
900778,2024-03-31,278.62,111.43
900814,2024-03-31,3865.24,1864.45
900825,2024-03-31,1200.67,881.8
900828,2024-03-31,1712.87,6837.94
900901,2024-03-31,1800.93,1490.57
900919,2024-03-31,4688.34,2991.33
900932,2024-03-31,1085.5,7354.39
900953,2024-03-31,1722.08,776.01
900961,2024-03-31,2277.67,2720.32
900965,2024-03-31,1864.53,1484.71
900966,2024-03-31,1762.94,5171.55
900985,2024-03-31,474.87,1295.43
900991,2024-03-31,184.3,828.29
900993,2024-03-31,422.16,911.03
901000,2024-03-31,2884.36,3543.37
901002,2024-03-31,801.73,2698.37
901030,2024-03-31,447.28,1160.69
901031,2024-03-31,4291.79,4117.81
901037,2024-03-31,1071.95,5202.01
901042,2024-03-31,597.28,1755.29
901044,2024-03-31,2785.68,7021.57
901070,2024-03-31,130.43,646.15
901084,2024-03-31,616.61,960.86
901091,2024-03-31,2511.66,5790.68
901107,2024-03-31,3470.49,2991.74
901117,2024-03-31,1179.27,3241.5
901179,2024-03-31,903.18,532.63
901193,2024-03-31,3024.92,1405.18
901194,2024-03-31,2568.94,2919.37
901228,2024-03-31,2094.16,6035.7
901244,2024-03-31,1363.39,6771.46
901245,2024-03-31,2579.93,3021.69
901251,2024-03-31,1573.46,2455.13
901269,2024-03-31,997.59,587.43
901312,2024-03-31,3672.71,2420.05
901344,2024-03-31,831.62,467.21
901353,2024-03-31,2384.32,778.11
901354,2024-03-31,885.03,3555.9
901372,2024-03-31,3746.82,3254.99
901383,2024-03-31,3372.62,1688.65
901431,2024-03-31,1441.6,3433.96
901464,2024-03-31,1963.21,1111.69
901471,2024-03-31,2602.67,2413.49
901474,2024-03-31,2404.14,5082.12
901478,2024-03-31,1295.38,1658.69
901504,2024-03-31,387.7,507.47
901538,2024-03-31,1392.79,3102.77
901567,2024-03-31,548.37,1651.1
901607,2024-03-31,2855.91,2078.35
901614,2024-03-31,1255.27,1550.62
901618,2024-03-31,626.51,2310.92
901647,2024-03-31,2687.3,4364.71
901681,2024-03-31,357.03,886.68
901688,2024-03-31,947.91,4536.83
901691,2024-03-31,2037.13,3971.08
901728,2024-03-31,3106.68,6575.51
901732,2024-03-31,317.76,1197.16
901744,2024-03-31,2592.88,2464.06
901759,2024-03-31,1249.99,6926.89
901786,2024-03-31,768.02,4612.79
901807,2024-03-31,2761.06,1954.14
901808,2024-03-31,3419.45,1589.77
901816,2024-03-31,1077.59,972.21
901837,2024-03-31,735.61,206.42
901913,2024-03-31,1148.03,4279.6
901960,2024-03-31,1686.89,3331.12
901966,2024-03-31,2227.31,4827.6
901972,2024-03-31,1131.45,6838.27
901984,2024-03-31,3254.81,3485.78
902000,2024-03-31,3541.19,2200.33
902072,2024-03-31,1325.12,653.05
902091,2024-03-31,6385.09,1608.04
902106,2024-03-31,1493.58,938.2
902113,2024-03-31,2303.92,2360.31
902127,2024-03-31,2751.74,2521.63
902157,2024-03-31,650.83,320.35
902218,2024-03-31,1790.81,6044.05
902240,2024-03-31,975.58,2426.32
902246,2024-03-31,610.78,2838.33
902251,2024-03-31,1484.25,4085.27
902263,2024-03-31,1728.01,6830.18
902265,2024-03-31,1627.76,9479.82
902281,2024-03-31,97.84,435.42
902289,2024-03-31,385.78,351.09
902301,2024-03-31,3059.31,1344.48
902313,2024-03-31,2637.27,1744.92
902364,2024-03-31,1005.84,3378.69
902380,2024-03-31,5870.14,1968.5
902389,2024-03-31,175.48,587.4
902395,2024-03-31,1498.14,7109.68
902402,2024-03-31,6496.66,2284.31
902425,2024-03-31,954.29,2786.23
902428,2024-03-31,5077.84,1438.51
902431,2024-03-31,4473.89,2010.49
902446,2024-03-31,1144.6,343.65
902461,2024-03-31,1494.57,3844.96
902465,2024-03-31,1151.32,5214.06
902471,2024-03-31,2779.12,1176.25
902482,2024-03-31,4250.22,1515.1
902490,2024-03-31,226.07,810.74
902493,2024-03-31,188.46,891.54
902520,2024-03-31,4273.62,1426.88
902532,2024-03-31,2453.0,6582.66
902569,2024-03-31,2165.75,4875.22
902643,2024-03-31,1135.86,6031.11
902644,2024-03-31,684.56,1230.64
902649,2024-03-31,2682.77,5887.56
902650,2024-03-31,648.49,3636.62
902654,2024-03-31,1483.56,661.81
902697,2024-03-31,628.48,3330.7
902729,2024-03-31,4720.71,1295.3
902731,2024-03-31,1642.52,2693.17
902774,2024-03-31,1900.59,8634.41
902775,2024-03-31,1911.42,1718.1
902776,2024-03-31,1196.22,1437.62
902791,2024-03-31,1486.88,1055.97
902805,2024-03-31,714.2,2039.14
902808,2024-03-31,3212.06,2589.78
902832,2024-03-31,514.93,1846.99
902858,2024-03-31,4395.05,2391.61
902910,2024-03-31,1641.85,7025.34
902922,2024-03-31,341.94,1193.74
902956,2024-03-31,1646.24,4911.75
902958,2024-03-31,454.34,1656.13
902986,2024-03-31,1289.72,2740.48
903018,2024-03-31,2632.04,6653.45
903084,2024-03-31,1438.29,1082.97
903103,2024-03-31,2652.39,3171.51
903104,2024-03-31,1956.1,5787.44
903122,2024-03-31,1323.94,2137.52
903132,2024-03-31,284.66,1284.46
903169,2024-03-31,3063.32,2406.16
903184,2024-03-31,605.46,2941.95
903230,2024-03-31,577.55,3172.22
903240,2024-03-31,3179.74,5864.73
903256,2024-03-31,2287.75,2670.13
903266,2024-03-31,995.88,3239.36
903275,2024-03-31,1603.73,1284.31
903374,2024-03-31,6023.95,2502.3
903385,2024-03-31,4849.92,2936.31
903386,2024-03-31,2917.39,4430.58
903420,2024-03-31,3574.99,2166.6
903439,2024-03-31,2849.89,768.08
903463,2024-03-31,3361.12,3871.9
903485,2024-03-31,1042.58,2823.87
903512,2024-03-31,131.48,395.01
903514,2024-03-31,4304.91,1859.99
903536,2024-03-31,3247.38,2925.38
903561,2024-03-31,1655.66,746.5
903579,2024-03-31,645.62,1864.74
903580,2024-03-31,1690.51,3415.89
903590,2024-03-31,1447.32,5791.51
903598,2024-03-31,1494.14,7241.51
903627,2024-03-31,1118.98,2818.64
903653,2024-03-31,3244.78,9108.52
903723,2024-03-31,2425.88,2091.98
903734,2024-03-31,2204.9,3566.01
903764,2024-03-31,2481.49,5126.14
903771,2024-03-31,2229.31,2074.98
903796,2024-03-31,506.75,3616.57
903843,2024-03-31,318.43,261.68
903847,2024-03-31,2072.87,1277.95
903856,2024-03-31,1446.99,3599.32
903868,2024-03-31,2023.96,1998.98
903906,2024-03-31,857.07,3851.62
903912,2024-03-31,2165.5,6239.78
903936,2024-03-31,683.71,2137.2
903951,2024-03-31,424.24,238.52
903953,2024-03-31,1427.89,963.21
903994,2024-03-31,1278.32,3774.31
904006,2024-03-31,586.06,2229.43
904022,2024-03-31,1756.88,1453.43
904041,2024-03-31,1818.66,7682.02
904108,2024-03-31,4687.63,3241.6
904151,2024-03-31,665.92,1073.34
904176,2024-03-31,618.7,3529.86
904189,2024-03-31,3185.91,3235.86
904193,2024-03-31,1271.31,1743.93
904217,2024-03-31,2605.52,822.18
904226,2024-03-31,2111.72,6192.68
904236,2024-03-31,3152.73,840.45
904237,2024-03-31,1264.46,3132.98
904306,2024-03-31,3661.2,2700.57
904336,2024-03-31,1475.86,597.79
904343,2024-03-31,2904.43,1536.94
904349,2024-03-31,1364.51,1713.08
904364,2024-03-31,2757.96,1999.52
904366,2024-03-31,1732.58,1663.62
904392,2024-03-31,1438.03,2436.51
904394,2024-03-31,1608.35,6005.27
904436,2024-03-31,4554.29,1824.68
904440,2024-03-31,609.59,2573.2
904450,2024-03-31,1396.81,7521.37
904457,2024-03-31,1205.42,6945.99
904460,2024-03-31,646.92,465.4
904478,2024-03-31,3108.94,3231.73
904480,2024-03-31,2449.5,5762.75
904491,2024-03-31,173.33,465.49
904575,2024-03-31,774.38,2970.54
904576,2024-03-31,3963.45,1565.94
904647,2024-03-31,658.24,2231.97
904652,2024-03-31,1270.35,2618.61
904710,2024-03-31,2586.64,8850.84
904716,2024-03-31,1718.69,2799.23
904726,2024-03-31,1454.53,6615.35
904748,2024-03-31,2040.25,580.36
904757,2024-03-31,1179.66,4308.61
904791,2024-03-31,4599.75,2336.06
904797,2024-03-31,616.51,1631.89
904829,2024-03-31,1388.54,9141.17
904839,2024-03-31,1142.58,2939.57
904851,2024-03-31,613.18,568.98
904940,2024-03-31,1073.99,3381.36
904968,2024-03-31,4342.71,1093.69
905012,2024-03-31,2891.67,5271.02
905034,2024-03-31,1786.94,2387.09
905036,2024-03-31,1101.35,5457.25
905043,2024-03-31,5210.38,2493.31
905046,2024-03-31,2366.56,2194.36
905054,2024-03-31,535.77,1430.88
905058,2024-03-31,1527.82,5439.91
905104,2024-03-31,1802.28,2107.34
905115,2024-03-31,395.9,669.2
905118,2024-03-31,3692.74,1496.2
905180,2024-03-31,2832.38,1626.28
905188,2024-03-31,1326.88,930.69
905190,2024-03-31,3098.3,1298.9
905197,2024-03-31,5619.97,2879.15
905233,2024-03-31,1880.53,4076.53
905247,2024-03-31,3068.66,5188.11
905267,2024-03-31,3641.45,2036.88
905318,2024-03-31,2407.11,2160.61
905329,2024-03-31,1289.95,6030.78
905345,2024-03-31,1768.45,2641.78
905351,2024-03-31,682.51,3436.64
905360,2024-03-31,1830.1,7036.52
905374,2024-03-31,4016.05,1297.73
905383,2024-03-31,902.72,2175.52
905397,2024-03-31,2855.54,4087.19
905410,2024-03-31,1985.42,6999.75
905435,2024-03-31,2228.61,6360.18
905445,2024-03-31,3049.42,1607.06
905488,2024-03-31,223.87,1033.48
905504,2024-03-31,220.86,255.79
905527,2024-03-31,1230.67,4371.7
905533,2024-03-31,395.76,490.43
905544,2024-03-31,2978.09,2926.17
905572,2024-03-31,1517.8,694.36
905573,2024-03-31,639.08,3937.36
905592,2024-03-31,1274.46,2729.26
905598,2024-03-31,3519.83,2194.56
905610,2024-03-31,1200.97,3038.05
905614,2024-03-31,670.03,1148.08
905616,2024-03-31,634.63,1815.6
905663,2024-03-31,231.57,1042.52
905669,2024-03-31,2970.21,1761.12
905680,2024-03-31,1976.31,759.19
905683,2024-03-31,2379.74,3168.74
905689,2024-03-31,860.4,412.63
905700,2024-03-31,904.99,598.28
905719,2024-03-31,4416.68,1289.74
905721,2024-03-31,2158.05,6043.09
905737,2024-03-31,4100.06,4187.64
905793,2024-03-31,677.44,1051.48
905796,2024-03-31,4180.89,1963.08
905838,2024-03-31,794.69,2738.1
905840,2024-03-31,813.23,3685.64
905850,2024-03-31,2101.9,4861.17
905853,2024-03-31,3178.65,1711.64
905857,2024-03-31,771.07,4326.52
905881,2024-03-31,4596.8,1668.51
905885,2024-03-31,3596.45,3532.49
905896,2024-03-31,1501.47,7166.98
905919,2024-03-31,247.73,1943.69
905942,2024-03-31,648.23,2412.51
905955,2024-03-31,660.42,1508.47
905987,2024-03-31,2792.4,2116.29
906027,2024-03-31,2527.17,6303.19
906030,2024-03-31,3654.41,2161.84
906044,2024-03-31,1820.21,5015.24
906048,2024-03-31,550.81,424.49
906058,2024-03-31,2251.78,2275.52
906107,2024-03-31,1235.75,4458.95
906114,2024-03-31,955.35,1380.04
906115,2024-03-31,1237.41,1066.33
906123,2024-03-31,803.11,603.88
906127,2024-03-31,674.6,1774.11
906156,2024-03-31,1454.02,642.03
906166,2024-03-31,511.69,869.51
906183,2024-03-31,2360.97,3147.13
906213,2024-03-31,1506.42,2106.38
906231,2024-03-31,1225.15,6672.16
906283,2024-03-31,1655.44,3940.26
906285,2024-03-31,1296.93,5610.09
906289,2024-03-31,1589.35,8924.1
906292,2024-03-31,872.94,5789.5
906312,2024-03-31,1805.74,5905.93
906314,2024-03-31,1519.49,3763.09
906330,2024-03-31,1572.38,6300.92
906340,2024-03-31,1411.52,794.93
906368,2024-03-31,1831.85,2771.03
906379,2024-03-31,539.24,2752.24
906438,2024-03-31,1129.55,597.38
906460,2024-03-31,2679.25,5196.11
906478,2024-03-31,612.52,4267.22
906483,2024-03-31,635.21,3177.39
906485,2024-03-31,952.76,458.36
906501,2024-03-31,1752.75,6775.62
906506,2024-03-31,555.22,4438.86
906535,2024-03-31,3927.49,2787.56
906561,2024-03-31,3219.31,4639.19
906583,2024-03-31,567.1,1947.46
906673,2024-03-31,2613.76,5069.59
906711,2024-03-31,1095.17,585.65
906739,2024-03-31,3975.63,2566.76
906759,2024-03-31,292.52,257.64
906760,2024-03-31,193.63,914.96
906772,2024-03-31,1457.24,3138.02
906819,2024-03-31,1710.01,3040.51
906821,2024-03-31,3917.69,2976.37
906822,2024-03-31,1069.43,4802.99
906834,2024-03-31,2599.31,3311.82
906839,2024-03-31,163.52,901.88
906862,2024-03-31,1837.33,3003.31
906947,2024-03-31,787.26,275.38
906973,2024-03-31,2892.67,8753.93
906990,2024-03-31,1581.12,1997.72
906991,2024-03-31,1923.17,7035.45
907001,2024-03-31,371.08,1266.48
907024,2024-03-31,3742.14,1917.2
907057,2024-03-31,1383.98,860.76
907082,2024-03-31,900.81,661.31
907085,2024-03-31,1220.53,537.05
907092,2024-03-31,624.09,4131.6
907111,2024-03-31,1292.18,2962.8
907116,2024-03-31,209.89,393.93
907124,2024-03-31,1020.16,408.42
907155,2024-03-31,3088.28,8331.8
907166,2024-03-31,1445.56,569.78
907169,2024-03-31,5543.01,1333.58
907200,2024-03-31,1577.78,853.77
907237,2024-03-31,1130.03,2141.69
907251,2024-03-31,1231.24,2300.55
907256,2024-03-31,477.96,2334.84
907261,2024-03-31,594.93,2495.38
907264,2024-03-31,851.83,404.12
907272,2024-03-31,2446.68,5174.15
907295,2024-03-31,2553.88,8093.32
907300,2024-03-31,1723.73,1072.44
907317,2024-03-31,800.21,2063.06
907319,2024-03-31,2926.97,1670.12
907328,2024-03-31,836.73,1038.92
907331,2024-03-31,554.25,2289.81
907339,2024-03-31,998.22,1234.55
907341,2024-03-31,1234.98,1003.75
907352,2024-03-31,1540.04,4844.6
907372,2024-03-31,3095.27,2986.19
907376,2024-03-31,456.96,1519.57
907406,2024-03-31,3492.56,3244.42
907412,2024-03-31,1840.43,745.95
907426,2024-03-31,749.82,1053.03
907429,2024-03-31,1295.81,1080.03
907443,2024-03-31,1011.98,638.97
907451,2024-03-31,1431.11,4917.1
907477,2024-03-31,2780.0,6223.0
907485,2024-03-31,1202.24,4372.04
907486,2024-03-31,1849.08,6019.7
907508,2024-03-31,523.67,1964.39
907531,2024-03-31,2245.71,3765.9
907542,2024-03-31,2056.86,1477.15
907556,2024-03-31,772.89,2016.27
907566,2024-03-31,3336.97,1778.05
907575,2024-03-31,805.75,1741.2
907591,2024-03-31,748.37,4416.07
907596,2024-03-31,1037.04,3244.72
907606,2024-03-31,172.91,912.38
907621,2024-03-31,1260.37,3294.82
907630,2024-03-31,290.51,1145.28
907642,2024-03-31,2065.01,4404.72
907643,2024-03-31,1124.29,4376.43
907654,2024-03-31,481.87,2278.77
907673,2024-03-31,6107.19,3387.5
907674,2024-03-31,311.55,1265.63
907677,2024-03-31,1599.94,1042.83
907684,2024-03-31,4330.53,2421.71
907688,2024-03-31,124.84,1006.79
907720,2024-03-31,539.47,2002.11
907733,2024-03-31,214.26,455.54
907735,2024-03-31,2589.96,6405.72
907754,2024-03-31,398.05,310.84
907758,2024-03-31,2660.97,1442.41
907759,2024-03-31,252.54,1476.65
907761,2024-03-31,2360.23,3330.46
907782,2024-03-31,406.38,464.98
907844,2024-03-31,4176.63,4506.93
907849,2024-03-31,2191.76,6022.07
907877,2024-03-31,255.8,928.55
907878,2024-03-31,1781.15,9221.88
907879,2024-03-31,1175.99,8216.41
907885,2024-03-31,1957.79,3539.53
907950,2024-03-31,1166.31,6014.79
907951,2024-03-31,463.42,217.13
907964,2024-03-31,1647.79,3832.66
907983,2024-03-31,694.9,2668.36
907991,2024-03-31,1115.06,5261.05
908006,2024-03-31,1521.29,2865.7
908039,2024-03-31,1764.03,4538.33
908084,2024-03-31,344.86,935.93
908092,2024-03-31,590.99,2621.19
908103,2024-03-31,1552.87,2249.04
908154,2024-03-31,2034.03,2630.68
908187,2024-03-31,2657.52,6986.78
908188,2024-03-31,598.94,1676.15
908228,2024-03-31,741.85,1818.34
908246,2024-03-31,564.52,1519.74
908258,2024-03-31,5314.37,2094.64
908266,2024-03-31,2963.42,3027.12
908275,2024-03-31,1032.86,5635.62
908289,2024-03-31,939.91,416.16
908294,2024-03-31,1278.45,1184.16
908352,2024-03-31,979.4,502.91
908353,2024-03-31,1383.97,7449.5
908360,2024-03-31,3198.89,2652.89
908401,2024-03-31,350.81,406.39
908425,2024-03-31,1715.49,4191.49
908427,2024-03-31,1112.48,3143.02
908428,2024-03-31,1272.9,5377.09
908430,2024-03-31,2312.9,1540.24
908449,2024-03-31,1527.6,6544.79
908466,2024-03-31,2017.26,1191.39
908482,2024-03-31,2338.21,6144.5
908499,2024-03-31,2437.51,5790.54
908512,2024-03-31,743.8,2457.01
908539,2024-03-31,1204.99,8884.18
908567,2024-03-31,1183.65,2885.46
908572,2024-03-31,1728.14,6427.47
908580,2024-03-31,2906.35,2977.38
908583,2024-03-31,771.06,3217.32
908609,2024-03-31,2378.82,7790.75
908623,2024-03-31,1306.81,1029.67
908628,2024-03-31,1574.8,4356.61
908653,2024-03-31,3503.06,1360.15
908661,2024-03-31,2411.23,1760.05
908665,2024-03-31,277.71,917.38
908681,2024-03-31,701.08,2365.32
908691,2024-03-31,2531.3,5517.05
908693,2024-03-31,4251.47,2111.26
908700,2024-03-31,2604.22,7499.25
908718,2024-03-31,125.28,378.86
908745,2024-03-31,3744.14,3270.29
908746,2024-03-31,3133.05,1611.37
908749,2024-03-31,238.66,243.18
908772,2024-03-31,1341.69,7685.93
908785,2024-03-31,2727.36,6820.72
908811,2024-03-31,1982.99,1731.02
908834,2024-03-31,1130.0,2506.88
908882,2024-03-31,1990.21,3378.52
908892,2024-03-31,791.61,2414.74
908922,2024-03-31,857.46,417.52
908926,2024-03-31,1191.68,6722.49
908929,2024-03-31,3127.64,2206.22
908939,2024-03-31,2398.09,1949.86
900085,2024-04-30,915.44,4004.82
900091,2024-04-30,1457.45,4586.6
900098,2024-04-30,745.96,1800.68
900131,2024-04-30,3180.44,6584.89
900137,2024-04-30,2256.43,6325.78
900157,2024-04-30,1476.63,7160.77
900159,2024-04-30,3277.64,1899.93
900214,2024-04-30,2177.41,2508.74
900232,2024-04-30,2347.45,2687.87
900260,2024-04-30,4812.52,2180.03
900280,2024-04-30,1113.12,3113.81
900302,2024-04-30,1284.08,2580.14
900306,2024-04-30,1999.67,5217.71
900329,2024-04-30,2575.73,5917.91
900331,2024-04-30,750.05,347.59
900355,2024-04-30,3442.42,1570.32
900414,2024-04-30,455.0,2664.6
900417,2024-04-30,386.47,1648.2
900444,2024-04-30,1667.2,5086.9
900448,2024-04-30,2560.0,2518.91
900477,2024-04-30,4567.85,2815.95
900522,2024-04-30,3724.39,1784.09
900531,2024-04-30,1057.83,2660.53
900542,2024-04-30,1381.42,1201.28
900551,2024-04-30,1468.16,4203.2
900582,2024-04-30,804.46,5576.28
900616,2024-04-30,2946.28,3469.19
900640,2024-04-30,2275.27,4681.63
900668,2024-04-30,2411.6,1701.77
900680,2024-04-30,2177.75,3221.72
900683,2024-04-30,1348.21,3727.33
900694,2024-04-30,1672.71,5603.11
900701,2024-04-30,4832.34,2028.45
900710,2024-04-30,2470.33,5035.48
900739,2024-04-30,2689.28,907.37
900742,2024-04-30,1791.92,2427.37
900743,2024-04-30,1917.75,8010.79
900750,2024-04-30,662.51,652.08
900757,2024-04-30,2553.04,1805.25
900767,2024-04-30,2965.24,6438.14
900774,2024-04-30,2504.44,7159.6
900786,2024-04-30,952.46,1747.34
900804,2024-04-30,460.91,806.42
900808,2024-04-30,823.82,483.32
900814,2024-04-30,406.96,134.71
900840,2024-04-30,1196.45,1377.03
900898,2024-04-30,2357.12,7293.33
900953,2024-04-30,3210.39,1074.5
900958,2024-04-30,178.93,814.47
900993,2024-04-30,252.2,816.96
901000,2024-04-30,3707.99,3460.47
901002,2024-04-30,2565.87,4265.47
901022,2024-04-30,1459.76,1630.12
901023,2024-04-30,1800.55,3398.95
901031,2024-04-30,4199.71,2477.55
901037,2024-04-30,1620.05,4626.86
901042,2024-04-30,1838.42,3612.93
901044,2024-04-30,871.18,3380.91
901092,2024-04-30,2755.19,3127.91
901099,2024-04-30,382.02,942.68
901117,2024-04-30,1026.39,4025.44
901119,2024-04-30,2731.12,2334.95
901156,2024-04-30,3268.05,1046.05
901179,2024-04-30,2593.69,1731.33
901194,2024-04-30,3205.7,4006.68
901228,2024-04-30,1359.97,2768.91
901244,2024-04-30,1559.61,4522.89
901245,2024-04-30,2816.92,3725.23
901251,2024-04-30,4608.1,2582.8
901269,2024-04-30,3694.87,1501.33
901280,2024-04-30,2635.83,1624.79
901304,2024-04-30,2379.54,868.8
901312,2024-04-30,2708.96,748.65
901342,2024-04-30,2055.05,6840.74
901344,2024-04-30,3232.85,1939.41
901353,2024-04-30,2133.78,1012.68
901354,2024-04-30,1314.69,2232.96
901372,2024-04-30,508.64,528.96
901378,2024-04-30,416.39,2465.72
901429,2024-04-30,5892.98,1670.69
901431,2024-04-30,859.15,3368.79
901434,2024-04-30,4478.61,2638.64
901464,2024-04-30,860.29,358.99
901471,2024-04-30,1074.16,1648.04
901478,2024-04-30,2180.81,2326.98
901607,2024-04-30,2050.91,2855.66
901614,2024-04-30,2852.93,3335.56
901618,2024-04-30,1140.24,5269.9
901621,2024-04-30,2970.62,745.02
901630,2024-04-30,3217.2,3174.72
901632,2024-04-30,4024.32,1797.7
901645,2024-04-30,1144.11,5754.6
901681,2024-04-30,1927.86,8326.38
901695,2024-04-30,230.22,1013.1
901728,2024-04-30,382.22,1391.75
901732,2024-04-30,1081.1,6384.12
901785,2024-04-30,1247.58,1137.48
901840,2024-04-30,1947.08,943.72
901860,2024-04-30,419.36,1784.92
901877,2024-04-30,326.35,152.44
901903,2024-04-30,4124.59,1182.82
901960,2024-04-30,266.98,1074.89
901966,2024-04-30,193.63,1482.79
901967,2024-04-30,1094.77,5194.76
901972,2024-04-30,477.16,2047.41
902011,2024-04-30,1708.27,710.84
902029,2024-04-30,2446.76,6354.3
902042,2024-04-30,668.18,4068.49
902045,2024-04-30,1586.84,6549.84
902072,2024-04-30,595.27,238.61
902091,2024-04-30,2693.46,1441.48
902100,2024-04-30,1418.6,2985.54
902106,2024-04-30,3629.63,1548.68
902113,2024-04-30,2135.18,3171.47
902141,2024-04-30,641.31,573.35
902157,2024-04-30,2263.48,1146.94
902180,2024-04-30,535.83,2755.79
902218,2024-04-30,2059.92,5206.08
902240,2024-04-30,2481.59,8114.5
902246,2024-04-30,484.68,1795.59
902251,2024-04-30,341.19,1313.62
902284,2024-04-30,2105.28,1480.86
902289,2024-04-30,2989.37,2902.71
902290,2024-04-30,1926.9,3512.68
902316,2024-04-30,1498.19,1458.63
902341,2024-04-30,261.05,319.86
902364,2024-04-30,771.9,2814.88
902402,2024-04-30,3291.61,939.68
902428,2024-04-30,1576.32,1179.16
902431,2024-04-30,4641.95,1681.8
902461,2024-04-30,2237.13,7453.19
902482,2024-04-30,2423.25,1578.22
902490,2024-04-30,647.95,1627.26
902493,2024-04-30,1409.96,8618.3
902520,2024-04-30,2397.9,1196.0
902526,2024-04-30,2754.37,3722.7
902548,2024-04-30,995.31,5020.56
902555,2024-04-30,1035.34,927.64
902560,2024-04-30,1041.68,2332.21
902643,2024-04-30,1967.71,6450.15
902649,2024-04-30,507.49,1812.7
902664,2024-04-30,311.71,731.1
902697,2024-04-30,1055.28,4321.64
902704,2024-04-30,1843.86,6227.14
902712,2024-04-30,557.45,3033.09
902727,2024-04-30,1559.47,1483.27
902729,2024-04-30,322.22,169.46
902731,2024-04-30,3453.67,4794.7
902805,2024-04-30,2017.93,5933.5
902808,2024-04-30,2669.91,3609.64
902832,2024-04-30,1598.39,3624.37
902858,2024-04-30,3871.44,2498.84
902886,2024-04-30,5205.88,2095.93
902910,2024-04-30,873.64,1993.2
902922,2024-04-30,116.9,577.04
902956,2024-04-30,1065.92,5470.19
902966,2024-04-30,2952.52,2395.14
902969,2024-04-30,2627.66,7652.53
902975,2024-04-30,4845.27,1255.21
902981,2024-04-30,1295.21,2601.41
903053,2024-04-30,4628.99,1315.8
903084,2024-04-30,4896.48,1550.33
903103,2024-04-30,2056.84,1764.42
903104,2024-04-30,651.48,1934.5
903115,2024-04-30,4982.02,1384.53
903132,2024-04-30,1955.08,8125.16
903169,2024-04-30,1942.52,1929.34
903184,2024-04-30,986.56,3477.22
903240,2024-04-30,347.07,682.44
903256,2024-04-30,4168.84,4831.35
903261,2024-04-30,4016.3,2756.93
903385,2024-04-30,385.42,497.14
903420,2024-04-30,5775.3,1913.31
903430,2024-04-30,2001.46,3919.63
903439,2024-04-30,3630.1,1686.97
903512,2024-04-30,1215.26,4171.47
903514,2024-04-30,2876.87,929.28
903521,2024-04-30,1849.58,2529.22
903561,2024-04-30,469.26,232.84
903566,2024-04-30,761.77,2066.51
903579,2024-04-30,1359.07,3691.64
903580,2024-04-30,1426.57,4513.6
903586,2024-04-30,2876.79,1882.67
903590,2024-04-30,1500.98,3938.53
903598,2024-04-30,1164.35,6265.88
903608,2024-04-30,4496.84,1468.07
903627,2024-04-30,1982.1,4807.29
903653,2024-04-30,256.52,861.72
903709,2024-04-30,3403.85,1146.75
903720,2024-04-30,411.78,308.42
903723,2024-04-30,2079.12,2404.65
903764,2024-04-30,272.21,605.32
903771,2024-04-30,799.47,1275.38
903785,2024-04-30,1776.33,1564.88
903811,2024-04-30,374.09,1732.16
903815,2024-04-30,684.95,707.65
903816,2024-04-30,2114.21,4954.01
903856,2024-04-30,2234.26,5320.2
903868,2024-04-30,3075.38,3478.73
903872,2024-04-30,1272.92,5531.51
903881,2024-04-30,2015.93,7011.83
903889,2024-04-30,3750.66,3177.22
903912,2024-04-30,1599.61,2679.54
903936,2024-04-30,1258.84,5055.75
903953,2024-04-30,237.23,275.36
903994,2024-04-30,2267.5,8111.69
904006,2024-04-30,758.69,2523.71
904015,2024-04-30,2491.14,6649.49
904039,2024-04-30,2577.36,5341.28
904041,2024-04-30,771.4,1879.15
904084,2024-04-30,1321.17,788.15
904158,2024-04-30,1486.57,6171.38
904176,2024-04-30,1026.68,3460.14
904189,2024-04-30,3179.06,2952.53
904193,2024-04-30,552.69,468.29
904217,2024-04-30,3541.59,1149.78
904237,2024-04-30,673.8,3252.16
904254,2024-04-30,2420.13,5563.98
904303,2024-04-30,1213.31,1045.89
904306,2024-04-30,2814.34,2967.9
904335,2024-04-30,992.49,3870.69
904339,2024-04-30,2479.62,3652.39
904349,2024-04-30,3091.57,2062.86
904364,2024-04-30,602.82,306.25
904366,2024-04-30,4665.34,2825.82
904386,2024-04-30,2950.44,8590.62
904394,2024-04-30,1929.52,5488.99
904397,2024-04-30,1563.7,7092.96
904436,2024-04-30,3912.75,2702.77
904446,2024-04-30,4515.29,2308.75
904452,2024-04-30,1546.94,3312.34
904453,2024-04-30,1747.26,1768.23
904480,2024-04-30,157.66,878.1
904487,2024-04-30,1907.32,1842.14
904491,2024-04-30,2638.72,4696.73
904575,2024-04-30,792.36,2233.41
904611,2024-04-30,3035.76,4177.3
904655,2024-04-30,5331.82,2153.47
904680,2024-04-30,1910.21,6431.74
904682,2024-04-30,1534.94,6294.33
904716,2024-04-30,439.54,3112.97
904726,2024-04-30,2169.95,5992.65
904739,2024-04-30,1933.27,4404.07
904740,2024-04-30,1198.07,3827.17
904748,2024-04-30,1811.21,1201.2
904757,2024-04-30,1180.18,6110.77
904811,2024-04-30,4308.11,1569.16
904829,2024-04-30,1868.4,8937.55
904851,2024-04-30,617.22,538.16
904873,2024-04-30,493.61,1620.63
904917,2024-04-30,1639.43,4904.82
904934,2024-04-30,1561.86,1234.25
904940,2024-04-30,137.59,555.01
904976,2024-04-30,517.5,3087.35
905012,2024-04-30,410.85,2277.78
905019,2024-04-30,2405.56,5744.02
905034,2024-04-30,1641.75,1287.1
905036,2024-04-30,982.93,2781.24
905043,2024-04-30,3387.27,1243.84
905054,2024-04-30,1346.88,4114.12
905060,2024-04-30,989.48,7782.0
905093,2024-04-30,1599.72,6408.81
905104,2024-04-30,1051.81,691.73
905115,2024-04-30,936.28,1466.54
905133,2024-04-30,4616.69,1598.34
905188,2024-04-30,1168.59,461.33
905190,2024-04-30,675.72,233.56
905218,2024-04-30,5625.28,1600.25
905247,2024-04-30,1470.04,8918.51
905267,2024-04-30,3608.32,1852.4
905287,2024-04-30,1298.21,5487.24
905295,2024-04-30,1466.73,2781.26
905316,2024-04-30,1783.31,7882.21
905318,2024-04-30,1255.32,1182.83
905345,2024-04-30,1563.45,4964.6
905356,2024-04-30,2692.37,7029.29
905358,2024-04-30,2524.55,5943.1
905362,2024-04-30,1347.37,975.75
905374,2024-04-30,2502.59,610.73
905383,2024-04-30,958.12,2650.78
905386,2024-04-30,1716.54,590.21
905397,2024-04-30,874.17,1071.88
905412,2024-04-30,239.5,719.1
905435,2024-04-30,425.68,1265.76
905445,2024-04-30,5037.84,1262.92
905459,2024-04-30,1723.55,4882.76
905488,2024-04-30,618.06,1072.5
905533,2024-04-30,595.54,695.27
905544,2024-04-30,4383.48,3053.79
905556,2024-04-30,1168.72,2754.83
905570,2024-04-30,522.58,2144.72
905572,2024-04-30,4620.42,1653.43
905573,2024-04-30,707.31,3477.76
905592,2024-04-30,1505.7,4814.22
905628,2024-04-30,161.56,312.29
905630,2024-04-30,657.2,434.25
905660,2024-04-30,1302.55,630.75
905662,2024-04-30,1329.02,5261.98
905700,2024-04-30,6056.71,2369.71
905712,2024-04-30,3619.37,1619.23
905719,2024-04-30,2748.02,837.99
905737,2024-04-30,1000.58,1179.55
905770,2024-04-30,2746.79,3967.57
905788,2024-04-30,3827.5,3134.0
905838,2024-04-30,1880.43,5380.03
905841,2024-04-30,4822.82,1874.54
905853,2024-04-30,2552.01,1211.16
905857,2024-04-30,1246.95,5858.61
905864,2024-04-30,699.81,314.0
905896,2024-04-30,1567.32,5215.56
905919,2024-04-30,1738.82,6258.39
905942,2024-04-30,851.7,2245.09
905955,2024-04-30,848.3,1931.43
905987,2024-04-30,1090.28,1623.18
906005,2024-04-30,735.76,3603.39
906027,2024-04-30,2282.64,6563.07
906044,2024-04-30,1369.04,2539.32
906058,2024-04-30,802.52,682.47
906107,2024-04-30,1945.31,3706.91
906123,2024-04-30,3977.82,3305.79
906156,2024-04-30,6923.42,2468.24
906186,2024-04-30,365.6,1105.46
906187,2024-04-30,535.24,2603.37
906213,2024-04-30,463.54,635.59
906258,2024-04-30,1187.38,8187.26
906281,2024-04-30,1259.32,384.97
906285,2024-04-30,1572.49,4302.16
906292,2024-04-30,693.48,2015.91
906312,2024-04-30,1031.66,5752.76
906330,2024-04-30,266.21,1188.2
906368,2024-04-30,1271.62,3097.6
906379,2024-04-30,3212.24,6043.86
906438,2024-04-30,3330.01,2113.17
906460,2024-04-30,1472.76,5145.64
906468,2024-04-30,4422.96,1138.96
906483,2024-04-30,75.62,331.32
906485,2024-04-30,413.93,164.34
906506,2024-04-30,840.26,2513.45
906535,2024-04-30,1628.16,1697.65
906560,2024-04-30,4661.53,1777.2
906561,2024-04-30,635.96,1037.82
906582,2024-04-30,396.73,1200.4
906590,2024-04-30,1275.62,5748.22
906611,2024-04-30,168.08,792.28
906620,2024-04-30,511.3,2211.82
906651,2024-04-30,2465.68,4596.05
906704,2024-04-30,863.89,4891.14
906712,2024-04-30,159.78,560.32
906718,2024-04-30,347.95,930.1
906727,2024-04-30,1585.66,2114.97
906739,2024-04-30,4833.9,1825.4
906760,2024-04-30,209.65,693.66
906772,2024-04-30,2472.76,6706.66
906774,2024-04-30,4317.35,3016.05
906816,2024-04-30,1066.27,3212.5
906821,2024-04-30,3952.28,2212.57
906834,2024-04-30,1062.12,838.89
906837,2024-04-30,2186.16,5101.04
906866,2024-04-30,1465.19,5030.27
906880,2024-04-30,3080.94,6405.2
906928,2024-04-30,740.16,370.41
906937,2024-04-30,3485.75,2348.75
906947,2024-04-30,4782.63,2483.58
906973,2024-04-30,1665.79,2904.44
906979,2024-04-30,507.07,457.78
906991,2024-04-30,1906.16,4136.03
907024,2024-04-30,3075.19,1496.42
907057,2024-04-30,535.38,463.02
907064,2024-04-30,502.79,203.45
907079,2024-04-30,1468.55,4076.27
907092,2024-04-30,197.55,377.57
907116,2024-04-30,1755.66,4882.42
907119,2024-04-30,2814.39,784.17
907122,2024-04-30,205.55,962.77
907124,2024-04-30,337.13,207.68
907167,2024-04-30,2772.88,938.98
907182,2024-04-30,1397.72,1053.65
907187,2024-04-30,3011.05,5088.92
907199,2024-04-30,2344.29,3142.49
907200,2024-04-30,4989.45,2267.59
907212,2024-04-30,809.26,4582.8
907232,2024-04-30,2328.2,5688.57
907237,2024-04-30,1569.21,3774.01
907251,2024-04-30,1833.16,4923.01
907256,2024-04-30,2462.79,5665.2
907261,2024-04-30,157.69,328.32
907262,2024-04-30,2430.8,2452.11
907272,2024-04-30,2157.75,5382.59
907295,2024-04-30,133.92,657.19
907300,2024-04-30,3798.06,2956.91
907317,2024-04-30,242.87,1299.66
907319,2024-04-30,3117.98,1344.85
907331,2024-04-30,3338.15,7645.65
907341,2024-04-30,1153.57,1260.16
907352,2024-04-30,2831.6,6249.59
907371,2024-04-30,573.93,2853.06
907372,2024-04-30,2743.77,2284.61
907406,2024-04-30,1414.39,1257.65
907412,2024-04-30,3289.43,2406.04
907416,2024-04-30,2686.77,6826.64
907422,2024-04-30,3107.17,2922.52
907443,2024-04-30,1664.07,1424.99
907451,2024-04-30,1019.67,6855.44
907460,2024-04-30,597.94,2435.28
907486,2024-04-30,2630.91,6222.7
907505,2024-04-30,3456.47,1719.77
907531,2024-04-30,1209.44,6135.22
907542,2024-04-30,2116.27,907.55
907575,2024-04-30,915.58,6018.79
907593,2024-04-30,899.87,409.92
907596,2024-04-30,1430.13,5209.7
907608,2024-04-30,1699.61,4497.16
907621,2024-04-30,1544.31,3604.32
907630,2024-04-30,1265.46,8013.22
907636,2024-04-30,1456.43,4283.98
907641,2024-04-30,1120.75,959.96
907642,2024-04-30,1080.57,5255.15
907643,2024-04-30,987.6,2708.48
907673,2024-04-30,2629.44,1389.2
907674,2024-04-30,926.43,2575.17
907688,2024-04-30,1903.76,4650.77
907696,2024-04-30,886.64,525.98
907720,2024-04-30,481.77,3021.59
907727,2024-04-30,1591.03,3253.26
907733,2024-04-30,1459.72,4003.54
907735,2024-04-30,722.05,2028.33
907736,2024-04-30,2025.44,1584.62
907754,2024-04-30,1063.59,408.84
907761,2024-04-30,777.36,694.4
907770,2024-04-30,2662.1,1347.22
907774,2024-04-30,1169.51,3281.55
907818,2024-04-30,3478.23,1667.32
907877,2024-04-30,1973.07,4097.19
907885,2024-04-30,2599.98,4202.28
907893,2024-04-30,725.23,1953.41
907915,2024-04-30,902.23,950.7
907919,2024-04-30,2134.22,5651.9
907937,2024-04-30,895.3,3502.38
907950,2024-04-30,1282.27,5486.86
907964,2024-04-30,1065.26,2641.73
907971,2024-04-30,520.53,1414.57
907991,2024-04-30,639.89,1767.74
908006,2024-04-30,1467.99,6832.37
908017,2024-04-30,2686.61,3185.7
908039,2024-04-30,903.17,3548.73
908061,2024-04-30,645.23,3026.06
908134,2024-04-30,2680.88,6207.44
908152,2024-04-30,3503.86,3522.98
908154,2024-04-30,4126.41,4173.52
908180,2024-04-30,2964.5,2921.03
908187,2024-04-30,953.31,2371.19
908219,2024-04-30,541.61,608.98
908232,2024-04-30,1554.0,5535.94
908242,2024-04-30,421.27,1331.51
908275,2024-04-30,814.75,2019.47
908291,2024-04-30,3829.84,3989.22
908294,2024-04-30,3732.31,3581.69
908339,2024-04-30,1617.85,8827.0
908352,2024-04-30,5505.71,1834.56
908383,2024-04-30,1550.45,601.38
908392,2024-04-30,2311.94,1160.32
908401,2024-04-30,2303.99,2567.35
908427,2024-04-30,810.1,1520.62
908428,2024-04-30,1681.92,3708.89
908430,2024-04-30,3739.31,4391.86
908461,2024-04-30,2342.42,4939.72
908466,2024-04-30,828.69,575.13
908499,2024-04-30,1574.08,5224.02
908512,2024-04-30,1691.76,4598.4
908539,2024-04-30,325.32,701.3
908557,2024-04-30,1425.94,6270.2
908567,2024-04-30,357.39,2111.55
908582,2024-04-30,2356.68,4228.21
908583,2024-04-30,718.52,3615.09
908589,2024-04-30,869.92,3280.99
908590,2024-04-30,1240.02,4913.81
908607,2024-04-30,3869.73,2168.28
908609,2024-04-30,1794.35,4339.59
908643,2024-04-30,645.3,381.21
908645,2024-04-30,5125.36,2839.97
908653,2024-04-30,5185.46,1549.4
908661,2024-04-30,1565.26,615.78
908665,2024-04-30,282.15,678.51
908677,2024-04-30,328.82,1051.88
908681,2024-04-30,1559.76,3161.85
908691,2024-04-30,1940.07,7963.65
908700,2024-04-30,471.7,1109.61
908727,2024-04-30,1928.95,844.82
908745,2024-04-30,2426.08,2405.45
908746,2024-04-30,2667.35,1697.09
908749,2024-04-30,3091.77,2704.07
908772,2024-04-30,1809.25,4852.14
908789,2024-04-30,1035.52,3714.56
908826,2024-04-30,544.68,811.48
908834,2024-04-30,1454.34,7134.04
908862,2024-04-30,1263.21,3043.23
908879,2024-04-30,1338.35,576.78
908882,2024-04-30,2153.39,5144.02
908886,2024-04-30,4020.18,2107.31
908922,2024-04-30,3553.45,2492.71
908929,2024-04-30,2818.8,1855.75
908934,2024-04-30,2203.44,1166.75
908983,2024-04-30,3485.5,3494.16
900030,2024-05-31,1616.17,5978.29
900042,2024-05-31,1354.23,1180.84
900052,2024-05-31,424.45,1829.4
900076,2024-05-31,357.32,870.47
900091,2024-05-31,2939.14,7033.71
900098,2024-05-31,1438.22,5282.37
900103,2024-05-31,394.96,137.49
900136,2024-05-31,2245.42,5730.92
900137,2024-05-31,709.1,1391.32
900145,2024-05-31,2139.83,4033.68
900157,2024-05-31,2653.87,7236.16
900232,2024-05-31,2591.93,4636.92
900260,2024-05-31,5112.43,2081.2
900306,2024-05-31,676.7,3345.54
900329,2024-05-31,560.23,1811.49
900348,2024-05-31,390.18,122.49
900358,2024-05-31,2188.77,5594.52
900401,2024-05-31,3965.65,1910.59
900411,2024-05-31,777.83,3873.44
900414,2024-05-31,415.65,1505.25
900416,2024-05-31,332.25,1575.37
900417,2024-05-31,304.65,1343.19
900419,2024-05-31,1597.96,493.27
900433,2024-05-31,903.11,1104.69
900477,2024-05-31,302.46,191.82
900518,2024-05-31,2655.94,2108.6
900542,2024-05-31,3716.9,4369.63
900582,2024-05-31,266.15,904.14
900599,2024-05-31,2607.64,8658.28
900625,2024-05-31,1103.04,5314.66
900634,2024-05-31,2932.78,1283.17
900640,2024-05-31,326.67,1103.25
900668,2024-05-31,321.5,172.97
900680,2024-05-31,1487.52,1370.74
900686,2024-05-31,5331.01,2369.83
900701,2024-05-31,6719.84,2709.21
900715,2024-05-31,3975.75,1934.25
900739,2024-05-31,1247.18,565.93
900754,2024-05-31,1062.29,3224.01
900757,2024-05-31,2053.72,558.46
900777,2024-05-31,1063.82,3661.15
900778,2024-05-31,1508.04,758.55
900786,2024-05-31,2413.7,5641.43
900804,2024-05-31,883.01,2960.95
900825,2024-05-31,5055.2,1633.69
900827,2024-05-31,5885.75,2107.9
900828,2024-05-31,351.01,1189.58
900840,2024-05-31,1502.77,1656.92
900898,2024-05-31,483.82,1289.42
900932,2024-05-31,127.97,513.75
900953,2024-05-31,3692.93,1793.04
900958,2024-05-31,399.38,734.11
900961,2024-05-31,2316.33,3181.14
900965,2024-05-31,3393.46,2465.27
900985,2024-05-31,411.26,935.69
900993,2024-05-31,473.36,859.51
901000,2024-05-31,597.93,556.57
901006,2024-05-31,2631.25,5864.83
901023,2024-05-31,2732.73,8429.28
901031,2024-05-31,320.14,425.36
901042,2024-05-31,1051.54,2054.97
901044,2024-05-31,1285.07,4962.29
901070,2024-05-31,1333.24,4706.98
901084,2024-05-31,261.03,1250.82
901099,2024-05-31,2068.06,7425.92
901117,2024-05-31,1231.68,6127.64
901156,2024-05-31,593.25,198.64
901169,2024-05-31,3920.91,3056.42
901193,2024-05-31,4220.72,1902.39
901228,2024-05-31,324.69,1030.37
901244,2024-05-31,2012.36,3797.52
901269,2024-05-31,3812.89,1742.6
901280,2024-05-31,1557.34,1074.6
901294,2024-05-31,616.84,438.58
901297,2024-05-31,1084.91,4639.6
901342,2024-05-31,381.33,1449.75
901353,2024-05-31,5132.64,2971.48
901361,2024-05-31,290.89,1262.01
901363,2024-05-31,894.63,3046.58
901372,2024-05-31,1163.16,1456.86
901378,2024-05-31,2229.71,7069.99
901429,2024-05-31,4845.79,2939.24
901463,2024-05-31,111.22,453.55
901464,2024-05-31,1850.08,964.6
901478,2024-05-31,1147.35,1759.02
901482,2024-05-31,226.29,455.08
901490,2024-05-31,1859.86,7270.34
901504,2024-05-31,2068.1,2530.74
901509,2024-05-31,959.57,2105.49
901538,2024-05-31,1454.44,5324.65
901614,2024-05-31,2574.87,2250.97
901618,2024-05-31,937.37,4987.21
901621,2024-05-31,6580.26,3225.76
901630,2024-05-31,2770.83,1771.86
901632,2024-05-31,365.46,85.96
901645,2024-05-31,594.54,1868.64
901647,2024-05-31,2192.04,2204.4
901663,2024-05-31,1378.54,3252.17
901688,2024-05-31,2545.89,5923.48
901783,2024-05-31,970.82,1932.01
901785,2024-05-31,678.75,597.35
901786,2024-05-31,931.69,3653.89
901807,2024-05-31,3743.37,3756.14
901808,2024-05-31,1502.47,824.87
901816,2024-05-31,275.51,252.74
901840,2024-05-31,401.29,187.51
901869,2024-05-31,2987.87,1534.85
901877,2024-05-31,1715.6,853.45
901913,2024-05-31,630.18,2526.17
901959,2024-05-31,820.08,2452.91
901960,2024-05-31,325.85,923.13
901966,2024-05-31,1564.98,5043.71
902000,2024-05-31,1937.05,3202.29
902011,2024-05-31,4227.17,2182.09
902029,2024-05-31,2922.55,7371.03
902045,2024-05-31,458.41,947.71
902091,2024-05-31,3418.71,1948.61
902100,2024-05-31,1768.78,6047.31
902113,2024-05-31,931.59,1096.78
902114,2024-05-31,4459.66,3100.36
902127,2024-05-31,459.01,581.01
902157,2024-05-31,1650.03,649.63
902193,2024-05-31,5104.96,2117.68
902213,2024-05-31,913.37,4731.22
902218,2024-05-31,2816.93,4197.89
902240,2024-05-31,1760.09,5370.71
902246,2024-05-31,568.26,1658.7
902265,2024-05-31,519.72,1820.33
902281,2024-05-31,587.26,2135.01
902284,2024-05-31,4852.29,3639.03
902301,2024-05-31,2633.83,1114.83
902314,2024-05-31,824.78,3832.65
902316,2024-05-31,1192.91,983.53
902341,2024-05-31,2911.17,2924.84
902362,2024-05-31,298.21,805.67
902380,2024-05-31,5632.66,2515.56
902395,2024-05-31,1183.37,1964.2
902425,2024-05-31,344.22,727.31
902428,2024-05-31,2652.46,1515.8
902446,2024-05-31,3087.2,2359.48
902482,2024-05-31,3564.6,1772.76
902488,2024-05-31,1862.33,1706.95
902511,2024-05-31,1397.57,3173.0
902555,2024-05-31,176.9,185.26
902560,2024-05-31,1377.4,4454.27
902629,2024-05-31,363.99,938.12
902654,2024-05-31,5160.94,2205.86
902704,2024-05-31,1678.59,5779.87
902712,2024-05-31,636.75,2462.29
902727,2024-05-31,1324.43,1228.54
902751,2024-05-31,3323.76,3188.76
902774,2024-05-31,2526.96,9603.4
902775,2024-05-31,3283.54,2880.4
902788,2024-05-31,618.17,297.88
902805,2024-05-31,266.11,569.47
902807,2024-05-31,2316.19,5342.56
902832,2024-05-31,2223.26,4012.25
902858,2024-05-31,4965.9,1762.91
902913,2024-05-31,327.96,1143.62
902958,2024-05-31,1243.5,9285.31
902969,2024-05-31,2516.97,8436.0
902981,2024-05-31,1096.22,4056.33
903020,2024-05-31,4190.13,2419.11
903053,2024-05-31,2884.56,1444.0
903075,2024-05-31,463.57,1410.4
903084,2024-05-31,826.92,421.62
903104,2024-05-31,1092.34,3002.71
903115,2024-05-31,3087.09,1423.29
903122,2024-05-31,332.11,1682.07
903132,2024-05-31,1502.91,3876.25
903169,2024-05-31,232.27,247.48
903184,2024-05-31,1761.84,4181.95
903229,2024-05-31,4382.52,3197.39
903240,2024-05-31,863.37,3456.26
903261,2024-05-31,1487.21,694.01
903275,2024-05-31,1175.73,844.45
903374,2024-05-31,3855.11,1174.72
903461,2024-05-31,1134.11,6300.3
903463,2024-05-31,1202.39,1208.56
903514,2024-05-31,2695.64,1501.01
903521,2024-05-31,2759.42,3671.41
903536,2024-05-31,4842.1,3455.56
903561,2024-05-31,2429.53,1144.16
903566,2024-05-31,248.66,938.82
903580,2024-05-31,660.05,1798.99
903598,2024-05-31,1494.27,6129.45
903608,2024-05-31,2160.71,561.33
903627,2024-05-31,1574.21,3944.19
903643,2024-05-31,2358.08,5013.35
903648,2024-05-31,2827.3,5435.14
903653,2024-05-31,390.16,1478.97
903684,2024-05-31,2794.35,7691.66
903709,2024-05-31,2630.47,1107.0
903713,2024-05-31,1551.6,1018.24
903734,2024-05-31,1690.12,3248.88
903764,2024-05-31,1188.98,3854.62
903771,2024-05-31,1602.33,1510.73
903785,2024-05-31,517.02,438.58
903794,2024-05-31,609.65,4100.72
903810,2024-05-31,357.12,1422.9
903811,2024-05-31,1696.58,7799.11
903843,2024-05-31,2266.86,2369.4
903847,2024-05-31,3585.13,2737.46
903872,2024-05-31,2437.09,5225.98
903881,2024-05-31,274.21,577.61
903906,2024-05-31,1129.54,4400.46
903912,2024-05-31,81.14,400.23
903936,2024-05-31,442.71,2038.26
903951,2024-05-31,2635.2,869.08
903994,2024-05-31,1549.53,7662.49
904006,2024-05-31,2643.45,6722.71
904007,2024-05-31,1852.27,5828.89
904015,2024-05-31,1922.49,4083.9
904140,2024-05-31,2325.55,2008.61
904151,2024-05-31,1570.8,5875.66
904236,2024-05-31,770.96,175.5
904237,2024-05-31,1611.74,7085.78
904254,2024-05-31,992.68,2296.37
904291,2024-05-31,1607.07,476.94
904303,2024-05-31,1545.1,1042.35
904335,2024-05-31,2775.52,5106.13
904343,2024-05-31,2232.74,585.87
904364,2024-05-31,3365.22,1720.37
904386,2024-05-31,460.44,1411.33
904392,2024-05-31,2107.84,6374.07
904397,2024-05-31,1827.07,5127.5
904436,2024-05-31,2101.19,1471.34
904440,2024-05-31,2528.65,8354.51
904446,2024-05-31,1111.42,620.99
904450,2024-05-31,775.14,4113.2
904457,2024-05-31,1772.67,5983.46
904460,2024-05-31,2679.36,1741.05
904478,2024-05-31,685.86,1073.52
904480,2024-05-31,1979.48,4726.54
904528,2024-05-31,2728.32,4250.76
904611,2024-05-31,445.83,436.25
904645,2024-05-31,1831.18,2195.43
904652,2024-05-31,2473.0,5952.04
904680,2024-05-31,1718.64,3839.32
904682,2024-05-31,1608.29,5935.78
904685,2024-05-31,632.34,616.74
904710,2024-05-31,812.35,3050.7
904716,2024-05-31,202.58,1522.55
904739,2024-05-31,793.85,2510.5
904740,2024-05-31,1677.97,3773.11
904748,2024-05-31,3080.62,1866.61
904757,2024-05-31,716.51,3521.44
904786,2024-05-31,4057.3,2713.48
904791,2024-05-31,644.52,372.96
904794,2024-05-31,3166.41,1544.83
904797,2024-05-31,997.55,2318.03
904841,2024-05-31,2807.58,2553.4
904862,2024-05-31,1300.52,1222.92
904873,2024-05-31,247.0,1209.25
904917,2024-05-31,544.53,1894.21
904954,2024-05-31,1535.59,3429.26
904968,2024-05-31,5011.65,1786.17
904976,2024-05-31,1052.74,5029.92
905012,2024-05-31,1309.31,2885.21
905019,2024-05-31,2446.07,4154.92
905034,2024-05-31,2475.58,3572.57
905036,2024-05-31,685.71,4212.14
905043,2024-05-31,310.74,112.14
905104,2024-05-31,1876.13,1613.17
905118,2024-05-31,4468.81,1668.0
905140,2024-05-31,291.66,558.52
905152,2024-05-31,1779.58,1573.05
905190,2024-05-31,1648.81,728.87
905197,2024-05-31,3132.51,1414.87
905218,2024-05-31,3257.49,1919.71
905233,2024-05-31,2005.96,5146.84
905267,2024-05-31,2674.61,1031.77
905300,2024-05-31,389.47,358.78
905329,2024-05-31,430.04,1962.59
905334,2024-05-31,6316.87,2572.61
905356,2024-05-31,1326.11,4508.19
905360,2024-05-31,885.19,2728.85
905374,2024-05-31,888.9,437.44
905382,2024-05-31,2090.46,8736.91
905383,2024-05-31,573.04,2064.15
905410,2024-05-31,994.28,1745.47
905435,2024-05-31,413.64,1457.93
905445,2024-05-31,1102.81,473.26
905464,2024-05-31,2527.24,6916.61
905488,2024-05-31,1032.36,3787.49
905504,2024-05-31,2231.43,3154.08
905527,2024-05-31,710.3,2395.54
905533,2024-05-31,149.81,238.91
905544,2024-05-31,3911.56,3230.4
905545,2024-05-31,5699.42,2032.56
905556,2024-05-31,743.19,2392.49
905570,2024-05-31,2512.66,7011.7
905592,2024-05-31,1647.23,3607.77
905610,2024-05-31,488.75,1604.46
905614,2024-05-31,1539.28,3952.01
905616,2024-05-31,1251.45,3416.57
905630,2024-05-31,2515.33,2380.75
905660,2024-05-31,4670.25,1672.59
905662,2024-05-31,1375.1,6992.65
905663,2024-05-31,1616.82,4729.35
905683,2024-05-31,4118.25,3087.34
905689,2024-05-31,3409.67,1736.74
905712,2024-05-31,3528.43,1772.41
905719,2024-05-31,3405.82,1651.46
905721,2024-05-31,832.17,2639.72
905737,2024-05-31,1073.81,1088.63
905788,2024-05-31,224.41,230.1
905817,2024-05-31,3117.67,2235.0
905840,2024-05-31,1204.51,5207.39
905850,2024-05-31,2239.26,5940.31
905853,2024-05-31,1242.88,809.18
905857,2024-05-31,162.72,496.08
905864,2024-05-31,415.58,205.7
905872,2024-05-31,4086.71,4675.02
905881,2024-05-31,4667.5,2490.97
905885,2024-05-31,484.7,719.09
905896,2024-05-31,2683.05,5953.91
905909,2024-05-31,1438.52,411.0
905955,2024-05-31,1510.78,2688.2
905957,2024-05-31,1245.4,8645.11
905977,2024-05-31,1823.0,3985.83
905987,2024-05-31,2485.12,2938.32
906005,2024-05-31,1880.26,3879.3
906030,2024-05-31,961.66,589.22
906044,2024-05-31,231.56,920.52
906058,2024-05-31,3020.03,4034.58
906075,2024-05-31,1257.58,4667.39
906107,2024-05-31,739.97,3153.43
906114,2024-05-31,660.62,518.95
906115,2024-05-31,617.42,646.65
906123,2024-05-31,4018.9,4895.04
906127,2024-05-31,2405.2,3937.76
906132,2024-05-31,5528.3,2702.23
906139,2024-05-31,132.79,933.11
906166,2024-05-31,3360.18,3116.44
906186,2024-05-31,1931.36,7485.01
906213,2024-05-31,470.95,420.79
906231,2024-05-31,1590.88,4945.67
906289,2024-05-31,1206.44,3327.47
906312,2024-05-31,765.31,1695.78
906314,2024-05-31,993.2,6050.36
906379,2024-05-31,1423.23,2701.2
906460,2024-05-31,1253.02,7992.15
906468,2024-05-31,3642.51,2471.84
906478,2024-05-31,2139.67,4026.96
906507,2024-05-31,2079.85,761.52
906535,2024-05-31,2372.17,2927.73
906542,2024-05-31,1317.55,2315.71
906559,2024-05-31,1130.53,3030.98
906583,2024-05-31,1121.74,1922.57
906590,2024-05-31,1414.81,4445.46
906611,2024-05-31,1572.48,7007.03
906620,2024-05-31,1146.69,2645.51
906663,2024-05-31,3326.88,4606.13
906704,2024-05-31,366.89,857.96
906711,2024-05-31,2424.53,594.14
906727,2024-05-31,3402.95,3420.18
906740,2024-05-31,285.43,274.07
906759,2024-05-31,2883.73,3415.75
906760,2024-05-31,829.48,2635.69
906772,2024-05-31,785.57,4288.66
906816,2024-05-31,812.93,4034.84
906819,2024-05-31,2974.17,6448.94
906822,2024-05-31,258.05,511.74
906837,2024-05-31,2049.01,5456.37
906839,2024-05-31,1283.28,6119.46
906862,2024-05-31,647.4,2721.73
906937,2024-05-31,3235.56,3213.82
906947,2024-05-31,3483.75,913.86
906991,2024-05-31,327.32,1060.3
907054,2024-05-31,1085.55,515.8
907057,2024-05-31,2310.62,1971.43
907092,2024-05-31,969.78,4554.23
907116,2024-05-31,2985.24,7508.26
907119,2024-05-31,4447.23,1492.05
907124,2024-05-31,3692.29,1532.4
907166,2024-05-31,3812.13,2141.89
907167,2024-05-31,2178.63,992.87
907187,2024-05-31,135.18,583.34
907199,2024-05-31,1763.22,1887.89
907200,2024-05-31,742.14,310.68
907232,2024-05-31,1686.45,2561.49
907237,2024-05-31,1551.43,6195.45
907261,2024-05-31,1755.48,4943.67
907262,2024-05-31,1795.11,1871.6
907264,2024-05-31,4945.84,1142.75
907295,2024-05-31,955.73,3644.95
907320,2024-05-31,1453.99,609.4
907328,2024-05-31,709.93,639.19
907331,2024-05-31,2213.26,6702.12
907371,2024-05-31,259.39,525.17
907372,2024-05-31,3204.6,2619.3
907394,2024-05-31,2806.49,2434.11
907412,2024-05-31,4230.35,1128.15
907422,2024-05-31,1544.44,1527.2
907426,2024-05-31,753.83,491.0
907429,2024-05-31,1446.92,2020.32
907444,2024-05-31,87.84,391.47
907477,2024-05-31,2130.62,4556.23
907486,2024-05-31,2665.83,4228.74
907537,2024-05-31,4300.03,3700.26
907542,2024-05-31,1137.96,409.85
907556,2024-05-31,3178.13,8904.67
907566,2024-05-31,5910.15,3256.11
907571,2024-05-31,1331.9,1040.34
907591,2024-05-31,529.28,1089.01
907595,2024-05-31,729.24,2934.71
907606,2024-05-31,2717.32,5163.34
907608,2024-05-31,734.29,1511.97
907636,2024-05-31,1055.9,1838.93
907641,2024-05-31,2378.27,1770.19
907643,2024-05-31,1735.66,6358.41
907671,2024-05-31,4439.37,1995.82
907674,2024-05-31,339.04,1106.28
907678,2024-05-31,4637.18,2189.43
907684,2024-05-31,5250.98,2879.72
907696,2024-05-31,3129.97,4481.49
907720,2024-05-31,202.35,678.58
907727,2024-05-31,296.78,730.24
907735,2024-05-31,1094.51,6082.65
907736,2024-05-31,3034.92,2025.37
907758,2024-05-31,1233.09,758.05
907759,2024-05-31,1118.88,2918.83
907770,2024-05-31,2134.75,685.88
907782,2024-05-31,2774.8,4315.7
907783,2024-05-31,2139.32,2799.93
907844,2024-05-31,2119.06,1901.9
907849,2024-05-31,1061.45,7101.71
907877,2024-05-31,1049.01,3001.4
907879,2024-05-31,1935.58,6248.97
907893,2024-05-31,3060.37,8693.95
907915,2024-05-31,2738.16,2521.98
907937,2024-05-31,2908.83,6309.69
907950,2024-05-31,2931.76,8046.46
907951,2024-05-31,3971.21,2101.19
907971,2024-05-31,420.71,779.98
907983,2024-05-31,1070.32,4753.8
908002,2024-05-31,1121.17,4192.31
908004,2024-05-31,2549.44,860.0
908006,2024-05-31,851.58,3085.19
908061,2024-05-31,552.4,1531.8
908084,2024-05-31,1878.04,4015.9
908092,2024-05-31,1111.03,3444.11
908105,2024-05-31,1343.79,666.99
908106,2024-05-31,2914.04,6380.55
908133,2024-05-31,393.51,269.94
908152,2024-05-31,538.92,773.73
908180,2024-05-31,2624.69,2060.88
908187,2024-05-31,1450.45,4994.09
908188,2024-05-31,2766.61,6241.84
908228,2024-05-31,1373.17,3559.49
908230,2024-05-31,1127.03,552.15
908232,2024-05-31,738.38,1781.81
908258,2024-05-31,2593.31,983.62
908266,2024-05-31,2164.19,1667.09
908294,2024-05-31,2534.19,1664.64
908352,2024-05-31,4021.54,2204.98
908392,2024-05-31,4484.26,2431.13
908425,2024-05-31,576.67,3899.83
908427,2024-05-31,738.34,3291.93
908428,2024-05-31,2201.86,5145.67
908461,2024-05-31,1129.74,5353.79
908499,2024-05-31,609.68,2402.31
908512,2024-05-31,1005.91,3759.09
908532,2024-05-31,5754.98,3292.4
908539,2024-05-31,2902.72,6591.87
908557,2024-05-31,556.89,3079.89
908567,2024-05-31,847.71,3941.64
908572,2024-05-31,256.44,1643.12
908576,2024-05-31,942.64,5465.74
908580,2024-05-31,1101.7,920.64
908582,2024-05-31,2189.78,3742.83
908589,2024-05-31,243.31,462.38
908609,2024-05-31,692.07,2521.05
908628,2024-05-31,515.6,2266.79
908645,2024-05-31,2014.62,1398.33
908677,2024-05-31,633.97,2145.83
908681,2024-05-31,2641.74,4967.1
908693,2024-05-31,2518.41,1228.99
908700,2024-05-31,1393.64,4087.81
908718,2024-05-31,531.05,1468.12
908732,2024-05-31,255.61,216.89
908745,2024-05-31,3883.57,2975.78
908746,2024-05-31,2565.76,1945.95
908749,2024-05-31,3975.85,4189.94
908772,2024-05-31,1400.17,6259.06
908785,2024-05-31,1222.4,2557.83
908789,2024-05-31,591.18,3194.8
908811,2024-05-31,2205.81,3035.9
908826,2024-05-31,500.73,444.33
908860,2024-05-31,3180.39,5871.76
908862,2024-05-31,558.85,2187.44
908879,2024-05-31,806.47,396.04
908934,2024-05-31,343.61,119.48
908983,2024-05-31,2791.0,3646.33
900020,2024-06-30,1722.14,3465.08
900024,2024-06-30,2462.26,3227.31
900030,2024-06-30,403.34,1599.13
900076,2024-06-30,217.16,1016.97
900085,2024-06-30,1638.07,5635.94
900098,2024-06-30,2125.63,4907.85
900103,2024-06-30,2810.65,1243.48
900131,2024-06-30,395.27,1259.64
900145,2024-06-30,84.21,469.23
900156,2024-06-30,2949.71,3301.72
900157,2024-06-30,902.31,3133.05
900159,2024-06-30,6077.74,3027.28
900232,2024-06-30,3451.18,3698.71
900270,2024-06-30,1670.48,4904.01
900280,2024-06-30,1796.25,7044.31
900302,2024-06-30,215.18,719.69
900322,2024-06-30,1998.11,6438.32
900329,2024-06-30,873.06,2432.23
900331,2024-06-30,789.12,254.43
900358,2024-06-30,312.99,872.39
900411,2024-06-30,1131.93,3920.22
900414,2024-06-30,1292.97,5087.6
900419,2024-06-30,3047.46,1365.28
900433,2024-06-30,4815.91,2912.02
900446,2024-06-30,1211.85,6306.13
900448,2024-06-30,1053.36,1647.43
900455,2024-06-30,3803.82,3453.63
900477,2024-06-30,275.79,183.27
900518,2024-06-30,3890.86,2553.02
900531,2024-06-30,2400.39,4403.88
900582,2024-06-30,1280.09,6088.44
900589,2024-06-30,1486.97,1388.19
900599,2024-06-30,2801.06,7705.44
900634,2024-06-30,2860.11,1771.84
900652,2024-06-30,921.12,2863.51
900661,2024-06-30,2180.79,2568.04
900668,2024-06-30,3025.23,778.26
900669,2024-06-30,942.57,4442.06
900683,2024-06-30,771.05,3635.43
900701,2024-06-30,5814.19,1647.13
900715,2024-06-30,3491.67,1212.27
900742,2024-06-30,567.39,475.26
900743,2024-06-30,931.37,3131.54
900754,2024-06-30,2383.25,5128.86
900777,2024-06-30,1573.47,4715.0
900778,2024-06-30,1365.25,444.29
900786,2024-06-30,1180.52,3669.11
900804,2024-06-30,463.17,2031.05
900808,2024-06-30,2777.16,1119.8
900825,2024-06-30,3073.41,1486.24
900853,2024-06-30,4350.85,1593.96
900898,2024-06-30,1620.31,6802.27
900901,2024-06-30,977.31,418.12
900919,2024-06-30,1599.56,1506.38
900932,2024-06-30,2748.36,6188.3
900942,2024-06-30,1234.96,697.98
900958,2024-06-30,1999.29,8980.21
900965,2024-06-30,760.45,1056.52
900966,2024-06-30,1658.3,7819.99
900985,2024-06-30,372.0,933.67
901002,2024-06-30,816.74,2025.87
901006,2024-06-30,2215.42,5860.75
901023,2024-06-30,308.42,599.27
901031,2024-06-30,1901.52,2139.37
901037,2024-06-30,334.0,586.92
901059,2024-06-30,1063.57,2392.63
901099,2024-06-30,728.94,2085.79
901107,2024-06-30,4277.22,3591.16
901119,2024-06-30,916.67,1230.85
901156,2024-06-30,2398.78,1383.48
901169,2024-06-30,1766.95,580.64
901179,2024-06-30,2092.22,618.64
901228,2024-06-30,574.07,1574.3
901244,2024-06-30,928.65,3147.0
901280,2024-06-30,669.85,314.09
901294,2024-06-30,1966.19,2943.4
901354,2024-06-30,1624.38,4740.23
901361,2024-06-30,499.85,3066.31
901363,2024-06-30,1232.66,7485.5
901372,2024-06-30,1011.29,932.67
901383,2024-06-30,586.11,402.99
901429,2024-06-30,4168.62,1542.04
901431,2024-06-30,131.38,767.76
901434,2024-06-30,3570.98,2081.35
901464,2024-06-30,2197.76,1245.26
901478,2024-06-30,3324.96,2874.12
901482,2024-06-30,431.18,3077.67
901490,2024-06-30,1075.0,4788.73
901504,2024-06-30,315.34,268.82
901509,2024-06-30,1151.38,4831.43
901537,2024-06-30,967.58,2181.25
901538,2024-06-30,473.33,2598.48
901558,2024-06-30,673.65,3534.5
901567,2024-06-30,321.97,935.11
901614,2024-06-30,1641.53,2653.67
901618,2024-06-30,1751.06,3987.56
901621,2024-06-30,2297.33,1376.29
901630,2024-06-30,2998.4,2272.27
901663,2024-06-30,1093.27,3280.03
901681,2024-06-30,142.65,524.44
901691,2024-06-30,1837.13,5378.63
901744,2024-06-30,757.24,795.32
901785,2024-06-30,1387.93,1008.05
901794,2024-06-30,3833.56,2069.96
901807,2024-06-30,3813.49,4334.64
901816,2024-06-30,452.15,530.44
901837,2024-06-30,5522.66,2720.97
901840,2024-06-30,1886.2,847.71
901860,2024-06-30,1313.13,2748.03
901869,2024-06-30,4890.71,2376.76
901881,2024-06-30,490.06,2293.82
901903,2024-06-30,4419.61,2009.69
901913,2024-06-30,96.17,486.32
901952,2024-06-30,3362.96,1571.26
901959,2024-06-30,2018.02,4711.26
901960,2024-06-30,1076.53,3615.25
901967,2024-06-30,1627.73,6267.7
901972,2024-06-30,465.45,2158.79
901984,2024-06-30,2957.71,4254.19
902029,2024-06-30,1007.54,2792.89
902042,2024-06-30,1522.81,2556.24
902045,2024-06-30,1085.52,2354.79
902072,2024-06-30,1077.13,523.77
902091,2024-06-30,472.03,352.26
902100,2024-06-30,875.34,4932.63
902106,2024-06-30,912.31,485.83
902113,2024-06-30,1541.47,2576.22
902114,2024-06-30,747.9,834.41
902141,2024-06-30,3664.93,2863.44
902157,2024-06-30,4881.23,1517.8
902180,2024-06-30,1123.65,3633.93
902213,2024-06-30,1229.14,2537.43
902218,2024-06-30,2615.64,7789.93
902246,2024-06-30,2692.26,4586.63
902265,2024-06-30,1819.92,3820.01
902284,2024-06-30,777.74,987.59
902301,2024-06-30,279.23,144.92
902362,2024-06-30,718.68,2510.38
902380,2024-06-30,1067.91,353.09
902395,2024-06-30,371.35,1034.51
902402,2024-06-30,2133.09,1178.36
902431,2024-06-30,3102.53,2040.91
902437,2024-06-30,1441.62,5206.41
902465,2024-06-30,834.57,2065.73
902471,2024-06-30,2447.84,887.39
902482,2024-06-30,3567.36,1561.89
902490,2024-06-30,1269.44,4737.24
902511,2024-06-30,1181.26,2991.72
902526,2024-06-30,3853.84,3698.35
902532,2024-06-30,2262.32,7024.4
902548,2024-06-30,3123.67,6764.71
902555,2024-06-30,1584.84,1351.67
902569,2024-06-30,1129.8,4012.74
902644,2024-06-30,2224.14,2621.09
902649,2024-06-30,695.07,3979.23
902664,2024-06-30,389.71,2168.54
902673,2024-06-30,1313.81,768.02
902704,2024-06-30,770.11,1444.25
902727,2024-06-30,2286.62,2289.95
902729,2024-06-30,3721.6,1973.95
902731,2024-06-30,657.6,604.6
902775,2024-06-30,2089.28,2151.51
902776,2024-06-30,2300.74,1660.57
902788,2024-06-30,4526.63,1841.97
902791,2024-06-30,1770.0,1283.9
902805,2024-06-30,2343.69,6788.67
902807,2024-06-30,2302.17,9866.43
902808,2024-06-30,930.88,1163.42
902825,2024-06-30,1766.79,3813.52
902958,2024-06-30,695.8,1796.08
902966,2024-06-30,870.17,1274.95
902969,2024-06-30,700.86,3560.41
902975,2024-06-30,1790.63,544.36
902981,2024-06-30,929.67,1872.36
902986,2024-06-30,2134.01,6535.56
903007,2024-06-30,665.73,773.93
903018,2024-06-30,1489.36,4227.4
903020,2024-06-30,3206.37,3218.08
903053,2024-06-30,3347.44,1810.31
903084,2024-06-30,3779.38,1758.07
903103,2024-06-30,1086.41,842.37
903104,2024-06-30,2194.85,6950.81
903115,2024-06-30,4643.4,2398.4
903132,2024-06-30,544.06,2057.21
903154,2024-06-30,693.24,804.61
903240,2024-06-30,1826.8,5602.41
903256,2024-06-30,633.09,636.65
903261,2024-06-30,2339.35,1442.15
903266,2024-06-30,2818.42,8007.72
903275,2024-06-30,252.08,291.35
903368,2024-06-30,1375.29,3251.39
903420,2024-06-30,4087.69,1918.65
903430,2024-06-30,1005.93,6002.79
903439,2024-06-30,5015.15,2894.21
903461,2024-06-30,240.3,444.7
903463,2024-06-30,2239.57,2697.35
903521,2024-06-30,2413.26,2184.48
903561,2024-06-30,1687.92,727.8
903580,2024-06-30,2687.67,6167.91
903586,2024-06-30,1306.4,1904.57
903616,2024-06-30,1349.76,3227.06
903643,2024-06-30,316.64,803.66
903648,2024-06-30,467.61,990.96
903734,2024-06-30,517.61,944.35
903764,2024-06-30,281.87,1190.84
903785,2024-06-30,2981.76,3728.47
903794,2024-06-30,941.83,3984.81
903815,2024-06-30,2395.17,3474.67
903847,2024-06-30,2925.46,3433.57
903856,2024-06-30,1170.07,4371.56
903868,2024-06-30,1130.95,1235.27
903881,2024-06-30,379.2,955.85
903889,2024-06-30,4797.57,3635.47
904007,2024-06-30,1434.97,5285.3
904008,2024-06-30,2052.95,1538.7
904015,2024-06-30,1188.94,1877.77
904041,2024-06-30,1492.1,4333.3
904108,2024-06-30,726.76,972.32
904149,2024-06-30,1272.26,3566.04
904151,2024-06-30,945.31,3717.08
904176,2024-06-30,1499.66,7728.04
904226,2024-06-30,2333.84,4700.92
904237,2024-06-30,1662.69,2751.36
904254,2024-06-30,2318.03,7211.1
904291,2024-06-30,3467.78,1147.27
904297,2024-06-30,1334.31,3863.63
904303,2024-06-30,396.54,273.18
904306,2024-06-30,2462.45,2419.24
904335,2024-06-30,2942.58,7186.73
904339,2024-06-30,1307.65,1300.22
904343,2024-06-30,3224.14,1215.41
904349,2024-06-30,3547.95,2177.31
904364,2024-06-30,1801.99,1053.68
904386,2024-06-30,2084.8,8334.44
904397,2024-06-30,1266.22,2795.95
904436,2024-06-30,4648.88,3052.04
904440,2024-06-30,2763.5,4970.95
904445,2024-06-30,1961.8,4582.92
904446,2024-06-30,1776.77,1194.02
904450,2024-06-30,2855.1,8865.56
904478,2024-06-30,1748.94,1996.08
904480,2024-06-30,1280.32,3157.43
904487,2024-06-30,4481.99,4369.63
904611,2024-06-30,930.73,889.73
904645,2024-06-30,1331.76,995.92
904647,2024-06-30,853.74,4386.11
904652,2024-06-30,823.85,2636.24
904682,2024-06-30,787.65,1732.82
904739,2024-06-30,949.95,6488.44
904740,2024-06-30,1261.32,6561.48
904748,2024-06-30,4275.13,2489.65
904757,2024-06-30,699.88,3092.4
904794,2024-06-30,1226.64,439.19
904811,2024-06-30,814.13,327.94
904829,2024-06-30,2053.95,7295.86
904841,2024-06-30,3666.9,2388.5
904851,2024-06-30,1209.9,1804.35
904873,2024-06-30,219.3,584.53
904917,2024-06-30,1546.47,3395.18
904940,2024-06-30,1171.45,2055.25
904944,2024-06-30,2626.87,1474.18
904954,2024-06-30,2435.47,8449.75
904968,2024-06-30,4683.62,1396.29
904976,2024-06-30,2251.64,6502.67
905036,2024-06-30,1100.61,4034.07
905043,2024-06-30,1478.3,562.53
905058,2024-06-30,2864.18,8113.13
905104,2024-06-30,3764.96,2913.72
905115,2024-06-30,582.83,1161.67
905118,2024-06-30,5308.8,2570.74
905152,2024-06-30,1354.31,1438.19
905218,2024-06-30,4682.84,1707.98
905247,2024-06-30,1042.11,3152.74
905287,2024-06-30,2195.36,4565.99
905300,2024-06-30,2025.47,2899.16
905318,2024-06-30,644.57,748.19
905334,2024-06-30,1495.66,1092.53
905345,2024-06-30,931.94,5230.87
905351,2024-06-30,1019.63,3524.48
905356,2024-06-30,1769.81,4689.46
905360,2024-06-30,2586.65,6884.56
905374,2024-06-30,1350.01,700.62
905383,2024-06-30,1339.34,6154.63
905410,2024-06-30,1581.92,4787.35
905445,2024-06-30,3114.67,1815.83
905455,2024-06-30,2691.98,6926.96
905471,2024-06-30,2364.88,2701.7
905488,2024-06-30,980.68,5343.37
905504,2024-06-30,3376.34,2471.58
905527,2024-06-30,711.71,3455.92
905570,2024-06-30,1578.22,4689.97
905572,2024-06-30,777.79,491.38
905592,2024-06-30,1116.35,5256.74
905610,2024-06-30,1545.63,5512.39
905614,2024-06-30,1338.53,2848.01
905616,2024-06-30,1545.26,6203.67
905628,2024-06-30,996.01,2662.25
905643,2024-06-30,895.02,939.6
905659,2024-06-30,1590.3,5137.12
905660,2024-06-30,375.53,160.0
905662,2024-06-30,608.85,2245.72
905663,2024-06-30,1477.07,3160.05
905680,2024-06-30,1389.32,862.43
905683,2024-06-30,601.34,545.75
905689,2024-06-30,3988.34,2276.56
905712,2024-06-30,3100.9,1601.71
905721,2024-06-30,336.09,863.45
905737,2024-06-30,3588.48,3133.86
905770,2024-06-30,911.19,708.67
905780,2024-06-30,693.2,1186.51
905788,2024-06-30,2741.46,2059.39
905793,2024-06-30,826.24,1115.71
905796,2024-06-30,3535.3,2649.52
905840,2024-06-30,1273.46,6053.09
905841,2024-06-30,471.89,278.58
905850,2024-06-30,2002.0,6546.76
905853,2024-06-30,4649.73,2036.93
905856,2024-06-30,2970.85,1111.09
905857,2024-06-30,1031.75,2973.23
905864,2024-06-30,1064.12,515.77
905885,2024-06-30,462.61,634.37
905909,2024-06-30,4181.01,2143.96
905942,2024-06-30,881.7,1590.12
905977,2024-06-30,565.35,2229.12
906005,2024-06-30,613.16,3508.48
906044,2024-06-30,1887.74,4870.29
906075,2024-06-30,1589.99,5598.68
906107,2024-06-30,165.38,621.47
906114,2024-06-30,710.94,511.1
906123,2024-06-30,304.14,509.8
906139,2024-06-30,1169.64,2208.35
906156,2024-06-30,3006.82,1421.15
906166,2024-06-30,826.67,778.46
906183,2024-06-30,3139.98,4132.13
906184,2024-06-30,389.78,1279.11
906187,2024-06-30,815.15,3145.78
906258,2024-06-30,550.67,2821.98
906285,2024-06-30,1878.85,5653.63
906289,2024-06-30,268.34,724.79
906292,2024-06-30,1290.46,5224.9
906330,2024-06-30,724.38,1861.69
906350,2024-06-30,2640.59,1447.92
906368,2024-06-30,778.51,2995.69
906435,2024-06-30,2036.02,6500.02
906460,2024-06-30,1157.93,3879.12
906465,2024-06-30,4802.57,3273.2
906478,2024-06-30,2333.32,8965.52
906483,2024-06-30,791.22,2148.87
906500,2024-06-30,2144.8,4961.21
906501,2024-06-30,2302.53,6668.69
906506,2024-06-30,1318.92,3748.33
906507,2024-06-30,3768.67,2560.81
906559,2024-06-30,2651.46,7224.75
906573,2024-06-30,2093.67,8101.92
906611,2024-06-30,1277.02,6203.15
906620,2024-06-30,2417.65,9014.18
906632,2024-06-30,2532.98,2592.78
906663,2024-06-30,447.53,435.52
906673,2024-06-30,436.14,2032.43
906704,2024-06-30,1657.13,9042.67
906711,2024-06-30,665.99,282.3
906716,2024-06-30,1757.73,5580.73
906727,2024-06-30,2734.69,3508.3
906739,2024-06-30,621.7,200.09
906740,2024-06-30,289.91,208.42
906759,2024-06-30,2318.44,2150.86
906760,2024-06-30,1115.54,3788.84
906765,2024-06-30,3212.28,8169.18
906772,2024-06-30,180.45,829.13
906816,2024-06-30,3249.05,8828.38
906821,2024-06-30,6266.98,1911.7
906834,2024-06-30,1576.8,1220.82
906839,2024-06-30,1222.65,8628.77
906866,2024-06-30,1091.83,1743.19
906880,2024-06-30,1632.42,3744.26
906928,2024-06-30,4163.16,1843.05
906937,2024-06-30,3111.96,3258.39
906973,2024-06-30,1171.06,3023.79
906979,2024-06-30,2262.85,3312.63
907024,2024-06-30,3091.06,2678.57
907057,2024-06-30,871.49,1499.28
907072,2024-06-30,3610.39,4829.21
907082,2024-06-30,2335.85,2353.8
907111,2024-06-30,301.4,1659.89
907119,2024-06-30,1758.18,763.25
907122,2024-06-30,1376.49,4402.24
907124,2024-06-30,3559.28,1631.05
907146,2024-06-30,1219.4,388.38
907166,2024-06-30,2137.64,602.79
907167,2024-06-30,1549.94,808.44
907169,2024-06-30,3289.85,1253.96
907187,2024-06-30,690.99,1587.04
907212,2024-06-30,120.28,378.66
907251,2024-06-30,757.25,2956.09
907254,2024-06-30,3069.52,9181.51
907256,2024-06-30,73.19,485.78
907261,2024-06-30,1903.82,4920.69
907264,2024-06-30,4123.41,1715.1
907272,2024-06-30,1123.8,3309.55
907320,2024-06-30,5187.32,2629.66
907339,2024-06-30,2969.23,2678.32
907341,2024-06-30,1948.06,3026.78
907352,2024-06-30,1319.08,6612.85
907371,2024-06-30,1374.98,6636.0
907422,2024-06-30,1125.76,1087.86
907429,2024-06-30,5002.71,4574.72
907443,2024-06-30,2223.61,1874.27
907460,2024-06-30,1023.41,5445.47
907477,2024-06-30,2428.41,6292.51
907486,2024-06-30,1369.99,4459.87
907508,2024-06-30,1983.96,7260.76
907531,2024-06-30,2678.87,4009.38
907537,2024-06-30,4376.75,4528.23
907542,2024-06-30,2085.37,521.96
907575,2024-06-30,1940.02,4091.49
907591,2024-06-30,356.16,640.61
907593,2024-06-30,1218.77,724.39
907595,2024-06-30,2336.3,8105.6
907608,2024-06-30,1079.33,5319.37
907621,2024-06-30,2055.59,5740.34
907630,2024-06-30,1890.07,4647.45
907641,2024-06-30,944.32,700.57
907642,2024-06-30,1457.16,7998.01
907673,2024-06-30,2726.85,1798.53
907678,2024-06-30,2509.35,1468.76
907696,2024-06-30,715.7,798.52
907720,2024-06-30,1407.07,5078.85
907727,2024-06-30,1006.52,3091.69
907735,2024-06-30,892.86,2668.47
907736,2024-06-30,404.16,129.9
907754,2024-06-30,4557.28,2109.09
907761,2024-06-30,914.24,895.8
907770,2024-06-30,1323.52,636.44
907782,2024-06-30,3012.01,1719.11
907783,2024-06-30,3331.96,2590.05
907818,2024-06-30,887.63,537.83
907849,2024-06-30,1348.42,2359.31
907877,2024-06-30,2197.94,8536.12
907878,2024-06-30,639.36,2625.02
907915,2024-06-30,1626.98,1497.64
907919,2024-06-30,1883.4,5482.21
907937,2024-06-30,1481.39,6775.14
907950,2024-06-30,1388.93,5849.17
907951,2024-06-30,5250.82,1568.11
907964,2024-06-30,2391.82,6796.85
907983,2024-06-30,3063.09,6448.13
908004,2024-06-30,2876.11,1944.54
908038,2024-06-30,3209.35,3148.4
908103,2024-06-30,1712.16,1765.62
908106,2024-06-30,1416.99,6710.99
908133,2024-06-30,986.28,462.29
908134,2024-06-30,1290.61,5066.91
908180,2024-06-30,686.88,563.0
908187,2024-06-30,684.16,5273.01
908219,2024-06-30,759.16,949.7
908230,2024-06-30,1686.16,1073.62
908266,2024-06-30,415.19,330.51
908275,2024-06-30,769.75,1698.32
908339,2024-06-30,135.65,586.65
908360,2024-06-30,3222.44,1878.38
908383,2024-06-30,780.81,385.28
908417,2024-06-30,937.54,610.7
908425,2024-06-30,1221.25,4040.94
908428,2024-06-30,1849.41,4168.54
908461,2024-06-30,3038.43,6177.23
908466,2024-06-30,1734.32,582.39
908482,2024-06-30,460.96,743.06
908501,2024-06-30,1120.85,802.29
908512,2024-06-30,1340.49,2733.58
908532,2024-06-30,2318.67,1094.86
908572,2024-06-30,2393.87,5426.29
908580,2024-06-30,2891.2,3745.12
908590,2024-06-30,1325.6,3263.84
908607,2024-06-30,2210.09,859.66
908628,2024-06-30,1705.18,3229.26
908653,2024-06-30,629.92,366.47
908661,2024-06-30,1698.82,717.96
908665,2024-06-30,1279.42,7052.28
908677,2024-06-30,908.9,2438.91
908681,2024-06-30,1392.02,6901.34
908691,2024-06-30,647.32,1458.8
908693,2024-06-30,1990.77,737.46
908718,2024-06-30,241.42,617.89
908746,2024-06-30,4169.42,2849.92
908749,2024-06-30,1944.24,1813.84
908789,2024-06-30,951.48,2206.22
908826,2024-06-30,3630.51,2877.28
908860,2024-06-30,632.27,4435.73
908862,2024-06-30,2441.37,5690.37
908882,2024-06-30,333.39,1175.79
908886,2024-06-30,4785.02,1872.27
908892,2024-06-30,504.92,848.69
908929,2024-06-30,1557.5,1432.59
908939,2024-06-30,1313.17,1405.73
900020,2024-07-31,2076.56,7385.11
900030,2024-07-31,1090.72,3242.2
900042,2024-07-31,4420.96,3619.02
900085,2024-07-31,2191.75,7833.7
900091,2024-07-31,2877.98,6659.05
900098,2024-07-31,1138.91,5615.88
900136,2024-07-31,811.24,3617.36
900137,2024-07-31,1304.77,4162.75
900145,2024-07-31,894.77,2880.11
900157,2024-07-31,1253.91,4391.73
900159,2024-07-31,3896.16,1525.36
900214,2024-07-31,4298.48,2743.65
900232,2024-07-31,944.89,810.75
900260,2024-07-31,1051.46,562.69
900280,2024-07-31,480.35,1816.38
900302,2024-07-31,1777.05,8392.76
900322,2024-07-31,2362.95,6591.79
900329,2024-07-31,206.35,959.24
900331,2024-07-31,5513.69,2240.53
900348,2024-07-31,2610.96,1096.66
900355,2024-07-31,333.42,199.45
900414,2024-07-31,879.82,2082.41
900416,2024-07-31,1188.52,3647.5
900417,2024-07-31,1120.73,2631.29
900419,2024-07-31,3598.59,1767.54
900446,2024-07-31,300.49,1239.54
900455,2024-07-31,2248.4,3567.48
900477,2024-07-31,2144.5,1036.91
900522,2024-07-31,1723.81,1095.03
900542,2024-07-31,2115.1,2474.27
900582,2024-07-31,1089.18,5474.18
900599,2024-07-31,287.05,1121.76
900616,2024-07-31,537.02,640.13
900661,2024-07-31,301.48,304.13
900668,2024-07-31,3080.3,2112.24
900686,2024-07-31,3927.17,1537.88
900694,2024-07-31,904.57,2841.96
900701,2024-07-31,4897.5,1635.81
900715,2024-07-31,6390.57,2460.7
900750,2024-07-31,2769.43,3500.19
900754,2024-07-31,967.72,3781.64
900757,2024-07-31,372.25,168.38
900767,2024-07-31,733.32,2643.36
900774,2024-07-31,1630.97,4816.67
900777,2024-07-31,101.55,450.64
900825,2024-07-31,4380.76,2499.52
900827,2024-07-31,3190.93,1655.74
900853,2024-07-31,797.32,275.56
900919,2024-07-31,3163.95,2669.43
900932,2024-07-31,699.01,1704.84
900942,2024-07-31,3562.56,1022.69
900958,2024-07-31,1414.14,3445.15
900961,2024-07-31,2650.41,3492.36
900965,2024-07-31,3327.93,3973.53
900966,2024-07-31,982.53,3955.52
900985,2024-07-31,804.78,3716.73
900991,2024-07-31,2590.79,4793.02
901002,2024-07-31,1766.41,3540.48
901022,2024-07-31,4284.84,4871.54
901031,2024-07-31,1140.98,895.91
901042,2024-07-31,1323.61,4301.39
901059,2024-07-31,875.39,5663.88
901070,2024-07-31,461.29,1166.24
901091,2024-07-31,1432.06,2519.13
901092,2024-07-31,2334.02,2829.89
901119,2024-07-31,800.18,1219.2
901141,2024-07-31,995.61,3172.04
901194,2024-07-31,514.47,368.55
901228,2024-07-31,1666.84,5277.0
901244,2024-07-31,177.88,746.54
901269,2024-07-31,3905.02,2798.9
901312,2024-07-31,5553.27,2170.66
901342,2024-07-31,1266.98,5276.67
901344,2024-07-31,5080.13,1530.33
901361,2024-07-31,1324.38,3899.97
901363,2024-07-31,1342.03,4894.34
901372,2024-07-31,3997.33,5077.09
901383,2024-07-31,5944.35,1409.51
901445,2024-07-31,586.24,2298.39
901471,2024-07-31,569.09,360.95
901474,2024-07-31,1149.68,7124.48
901478,2024-07-31,2643.16,3065.34
901482,2024-07-31,1744.67,5324.41
901504,2024-07-31,3573.71,2389.54
901537,2024-07-31,1780.35,6141.32
901538,2024-07-31,1673.06,7007.5
901558,2024-07-31,773.36,1270.49
901607,2024-07-31,1819.22,1949.02
901614,2024-07-31,3460.81,3697.61
901623,2024-07-31,2806.17,2516.68
901645,2024-07-31,2859.83,4549.27
901647,2024-07-31,3058.22,3775.48
901681,2024-07-31,404.48,1767.39
901691,2024-07-31,477.38,1061.08
901695,2024-07-31,303.06,1301.18
901728,2024-07-31,1872.83,5050.24
901732,2024-07-31,476.2,1897.65
901744,2024-07-31,2985.72,2966.57
901759,2024-07-31,936.42,1526.17
901785,2024-07-31,1200.62,1354.42
901786,2024-07-31,127.69,638.57
901807,2024-07-31,1649.19,2250.65
901808,2024-07-31,2460.89,1182.62
901816,2024-07-31,899.53,1324.89
901837,2024-07-31,2454.45,910.63
901840,2024-07-31,4036.4,3139.35
901869,2024-07-31,312.36,132.51
901881,2024-07-31,1257.03,7773.15
901913,2024-07-31,2077.22,4676.77
901959,2024-07-31,978.43,4551.66
901960,2024-07-31,642.39,1499.77
901966,2024-07-31,1277.79,7647.35
901972,2024-07-31,1306.26,3148.94
902000,2024-07-31,782.74,1089.35
902042,2024-07-31,805.94,1659.31
902045,2024-07-31,2456.22,5613.19
902113,2024-07-31,1679.55,1139.48
902114,2024-07-31,2792.84,3405.03
902127,2024-07-31,2998.74,3203.68
902141,2024-07-31,3110.37,2772.53
902157,2024-07-31,1661.12,1195.2
902180,2024-07-31,2054.78,3581.14
902193,2024-07-31,1785.21,1205.56
902240,2024-07-31,481.35,1253.55
902251,2024-07-31,1463.97,2357.56
902265,2024-07-31,583.6,1126.61
902281,2024-07-31,1350.06,8156.69
902290,2024-07-31,907.52,4983.93
902313,2024-07-31,2421.83,1753.83
902316,2024-07-31,1020.76,652.55
902341,2024-07-31,250.86,189.95
902362,2024-07-31,1212.43,1811.07
902395,2024-07-31,693.71,2239.85
902402,2024-07-31,416.55,281.78
902428,2024-07-31,1421.31,750.72
902431,2024-07-31,826.31,376.64
902446,2024-07-31,3946.28,1454.23
902465,2024-07-31,279.34,1198.12
902482,2024-07-31,3742.78,1953.53
902488,2024-07-31,1507.46,1482.9
902490,2024-07-31,463.25,2076.28
902555,2024-07-31,883.07,1389.19
902560,2024-07-31,714.6,2623.82
902569,2024-07-31,465.32,741.14
902643,2024-07-31,483.17,1484.33
902644,2024-07-31,1138.55,1007.86
902649,2024-07-31,698.02,1901.1
902673,2024-07-31,2931.29,2621.64
902697,2024-07-31,203.07,1144.17
902712,2024-07-31,1188.3,2514.24
902727,2024-07-31,1583.93,2305.65
902729,2024-07-31,1156.27,674.73
902731,2024-07-31,2804.37,2731.41
902774,2024-07-31,456.29,1809.45
902775,2024-07-31,452.55,605.32
902776,2024-07-31,1101.24,1096.07
902788,2024-07-31,4014.16,3363.16
902791,2024-07-31,3044.49,2991.2
902805,2024-07-31,166.22,327.06
902807,2024-07-31,1275.71,4532.37
902808,2024-07-31,4224.81,2978.51
902858,2024-07-31,2938.94,1927.05
902922,2024-07-31,2098.85,6024.69
902966,2024-07-31,627.94,491.87
902969,2024-07-31,1152.56,3328.02
902975,2024-07-31,1918.57,1136.89
902981,2024-07-31,1993.46,3503.55
903020,2024-07-31,3674.96,3767.62
903075,2024-07-31,966.18,2296.01
903115,2024-07-31,850.71,543.32
903122,2024-07-31,913.4,4015.18
903154,2024-07-31,1274.39,907.18
903169,2024-07-31,1184.43,774.07
903184,2024-07-31,1210.65,3600.55
903229,2024-07-31,4264.22,2227.9
903230,2024-07-31,1739.99,4593.1
903240,2024-07-31,2091.14,4960.63
903266,2024-07-31,1035.91,5240.93
903385,2024-07-31,3468.39,3171.14
903386,2024-07-31,2475.18,3323.01
903461,2024-07-31,822.34,3590.01
903463,2024-07-31,5118.28,3561.89
903512,2024-07-31,415.82,2078.37
903514,2024-07-31,3003.22,1637.68
903521,2024-07-31,2086.8,2606.57
903536,2024-07-31,2146.75,2836.66
903561,2024-07-31,298.84,183.84
903566,2024-07-31,1702.3,3220.56
903608,2024-07-31,2313.76,908.7
903616,2024-07-31,998.04,4311.15
903627,2024-07-31,1274.54,4132.68
903643,2024-07-31,1518.69,6304.91
903648,2024-07-31,414.34,1785.35
903653,2024-07-31,213.99,707.86
903713,2024-07-31,2901.1,3722.47
903723,2024-07-31,3714.92,3898.31
903734,2024-07-31,270.85,753.23
903771,2024-07-31,2622.34,1766.13
903794,2024-07-31,794.99,1507.41
903810,2024-07-31,2025.48,6307.81
903811,2024-07-31,2269.03,5766.86
903815,2024-07-31,3540.82,3144.09
903816,2024-07-31,1095.26,3115.6
903843,2024-07-31,743.74,647.89
903872,2024-07-31,2314.86,4559.68
903881,2024-07-31,1331.83,5472.14
903889,2024-07-31,248.46,253.4
903906,2024-07-31,2164.37,3854.72
903994,2024-07-31,2481.84,6071.14
904006,2024-07-31,1080.09,4407.9
904007,2024-07-31,455.06,910.34
904008,2024-07-31,1848.22,1237.73
904039,2024-07-31,184.0,1156.27
904041,2024-07-31,971.26,4691.34
904084,2024-07-31,2899.51,1134.42
904108,2024-07-31,435.35,286.19
904149,2024-07-31,318.35,1296.8
904151,2024-07-31,1592.98,4768.83
904158,2024-07-31,375.97,1142.29
904217,2024-07-31,2635.45,1298.48
904226,2024-07-31,673.24,2182.97
904254,2024-07-31,347.7,1250.71
904291,2024-07-31,4061.04,2354.49
904303,2024-07-31,1571.62,1571.88
904327,2024-07-31,1511.24,1579.49
904335,2024-07-31,1755.24,6718.12
904336,2024-07-31,1563.68,769.7
904386,2024-07-31,1574.21,5992.76
904392,2024-07-31,1470.6,3933.88
904394,2024-07-31,410.9,1189.69
904436,2024-07-31,3258.89,1188.69
904460,2024-07-31,369.55,262.2
904478,2024-07-31,1877.06,2758.32
904487,2024-07-31,3038.01,2588.26
904575,2024-07-31,926.96,5710.23
904611,2024-07-31,776.2,1265.99
904645,2024-07-31,3049.28,3158.99
904652,2024-07-31,996.11,3089.46
904655,2024-07-31,1638.74,992.81
904680,2024-07-31,1250.82,4254.72
904685,2024-07-31,2657.03,1974.02
904726,2024-07-31,1603.65,3645.88
904740,2024-07-31,1871.72,6094.83
904797,2024-07-31,2794.86,5936.23
904811,2024-07-31,1587.48,707.92
904829,2024-07-31,926.14,2991.26
904841,2024-07-31,1539.07,1887.43
904917,2024-07-31,1189.39,4153.38
904934,2024-07-31,2703.3,3761.04
904940,2024-07-31,1499.24,3558.98
904954,2024-07-31,162.48,877.03
905019,2024-07-31,551.58,1823.58
905034,2024-07-31,1337.78,1901.63
905036,2024-07-31,810.64,2885.66
905043,2024-07-31,1900.77,813.6
905054,2024-07-31,684.91,1723.59
905058,2024-07-31,127.41,355.29
905060,2024-07-31,750.94,3317.58
905104,2024-07-31,1284.62,1338.98
905115,2024-07-31,1992.99,6199.36
905124,2024-07-31,933.67,587.76
905133,2024-07-31,723.74,230.37
905140,2024-07-31,1551.48,6754.78
905152,2024-07-31,4223.26,3534.11
905170,2024-07-31,2470.08,2288.92
905188,2024-07-31,811.65,560.71
905190,2024-07-31,1805.9,1293.38
905197,2024-07-31,1097.91,317.56
905218,2024-07-31,3270.25,808.95
905233,2024-07-31,2083.5,4602.01
905295,2024-07-31,215.47,742.34
905300,2024-07-31,3026.75,2209.0
905316,2024-07-31,2622.82,7297.15
905334,2024-07-31,2665.36,1369.18
905345,2024-07-31,1128.55,2324.55
905351,2024-07-31,2880.83,6856.79
905362,2024-07-31,660.6,588.14
905382,2024-07-31,2035.63,6116.99
905386,2024-07-31,4271.27,2103.68
905397,2024-07-31,1257.76,2035.3
905445,2024-07-31,2082.72,1615.54
905459,2024-07-31,2976.94,7715.8
905464,2024-07-31,2313.22,6556.56
905488,2024-07-31,721.36,4553.22
905493,2024-07-31,321.04,1856.51
905504,2024-07-31,3895.86,4209.54
905509,2024-07-31,2295.73,2945.67
905527,2024-07-31,2321.08,5374.88
905570,2024-07-31,1873.79,2993.64
905592,2024-07-31,1396.42,5205.06
905643,2024-07-31,965.09,907.52
905659,2024-07-31,1540.91,3256.97
905700,2024-07-31,1711.82,899.91
905712,2024-07-31,5316.77,2954.84
905737,2024-07-31,4359.47,3246.29
905780,2024-07-31,682.46,3983.0
905788,2024-07-31,2314.28,2688.63
905793,2024-07-31,1197.31,870.66
905796,2024-07-31,1607.56,704.21
905817,2024-07-31,2825.02,3496.05
905838,2024-07-31,318.24,1337.65
905840,2024-07-31,529.19,1750.41
905841,2024-07-31,3244.76,2374.4
905850,2024-07-31,2353.63,6988.46
905853,2024-07-31,1455.13,777.88
905856,2024-07-31,6063.97,3301.49
905857,2024-07-31,914.99,5053.63
905864,2024-07-31,4899.45,2917.3
905881,2024-07-31,3348.71,1137.45
905885,2024-07-31,1906.89,1795.03
905955,2024-07-31,1162.27,6631.22
905977,2024-07-31,2077.27,8500.91
905987,2024-07-31,782.13,856.14
906030,2024-07-31,4945.62,1571.52
906044,2024-07-31,2326.74,7248.22
906114,2024-07-31,4204.15,3242.02
906127,2024-07-31,925.63,1615.68
906183,2024-07-31,1718.39,2097.85
906186,2024-07-31,1103.04,3074.51
906187,2024-07-31,3315.82,5806.56
906213,2024-07-31,3331.82,2641.01
906228,2024-07-31,2585.82,8637.47
906231,2024-07-31,2267.05,6529.65
906258,2024-07-31,1010.97,2039.1
906281,2024-07-31,3903.82,1249.69
906283,2024-07-31,544.19,1218.59
906285,2024-07-31,190.09,726.73
906314,2024-07-31,2726.64,4785.89
906340,2024-07-31,3948.77,1791.32
906350,2024-07-31,1244.09,622.74
906379,2024-07-31,1133.39,3196.16
906435,2024-07-31,864.15,5511.55
906465,2024-07-31,4097.0,1579.41
906468,2024-07-31,621.04,174.46
906478,2024-07-31,781.2,1284.69
906507,2024-07-31,1008.58,334.36
906535,2024-07-31,786.24,1338.96
906559,2024-07-31,1577.8,3840.07
906560,2024-07-31,797.21,322.8
906573,2024-07-31,1260.57,7312.56
906620,2024-07-31,3041.04,5352.8
906651,2024-07-31,1915.85,5705.56
906704,2024-07-31,823.63,1519.63
906711,2024-07-31,4497.51,1615.09
906718,2024-07-31,2230.55,6406.71
906727,2024-07-31,3405.59,5062.96
906759,2024-07-31,1521.87,1548.43
906765,2024-07-31,2008.97,6845.4
906772,2024-07-31,2024.71,5471.2
906816,2024-07-31,1062.29,4658.39
906821,2024-07-31,1985.17,548.62
906822,2024-07-31,1001.38,4004.42
906837,2024-07-31,2667.37,7169.05
906839,2024-07-31,1686.43,3438.16
906880,2024-07-31,1231.12,3027.7
906937,2024-07-31,3961.25,3929.82
906960,2024-07-31,2600.42,2594.34
906979,2024-07-31,3852.6,2515.01
907001,2024-07-31,281.08,1367.39
907057,2024-07-31,662.12,802.78
907064,2024-07-31,1945.0,887.77
907072,2024-07-31,964.37,1150.3
907079,2024-07-31,996.77,4247.76
907092,2024-07-31,183.87,350.6
907155,2024-07-31,717.47,3486.6
907166,2024-07-31,6262.95,1499.02
907167,2024-07-31,1392.43,582.62
907187,2024-07-31,699.5,2069.63
907199,2024-07-31,428.23,566.84
907237,2024-07-31,602.88,1741.45
907256,2024-07-31,2398.22,4427.04
907262,2024-07-31,3431.5,3582.26
907272,2024-07-31,1566.23,3845.37
907295,2024-07-31,1324.73,5615.05
907319,2024-07-31,1273.52,709.64
907320,2024-07-31,3874.14,1820.22
907328,2024-07-31,1399.69,1520.82
907341,2024-07-31,2575.89,3681.59
907371,2024-07-31,631.6,1678.4
907372,2024-07-31,2997.42,3053.07
907376,2024-07-31,389.1,743.57
907388,2024-07-31,587.12,2804.95
907394,2024-07-31,1613.54,1177.57
907406,2024-07-31,1544.79,2399.28
907416,2024-07-31,3026.34,6361.6
907426,2024-07-31,2903.41,2591.84
907460,2024-07-31,1598.12,6662.84
907477,2024-07-31,2413.82,7641.93
907486,2024-07-31,2622.87,6978.08
907505,2024-07-31,2851.71,1406.93
907537,2024-07-31,3299.25,3168.98
907542,2024-07-31,742.96,212.95
907571,2024-07-31,1452.21,1453.51
907593,2024-07-31,3769.46,1317.47
907595,2024-07-31,2421.73,8778.74
907596,2024-07-31,1798.29,7034.13
907630,2024-07-31,642.03,1210.47
907636,2024-07-31,953.68,4554.99
907641,2024-07-31,1144.27,641.77
907642,2024-07-31,231.98,1236.85
907654,2024-07-31,831.99,2314.87
907673,2024-07-31,2000.15,918.96
907674,2024-07-31,201.07,832.44
907677,2024-07-31,1435.57,500.21
907684,2024-07-31,2171.21,669.56
907720,2024-07-31,1358.77,4094.79
907735,2024-07-31,329.12,1570.24
907752,2024-07-31,4212.62,1852.11
907755,2024-07-31,1823.55,4241.41
907758,2024-07-31,1753.11,879.46
907770,2024-07-31,444.26,126.06
907783,2024-07-31,3639.91,3957.32
907844,2024-07-31,426.72,565.42
907877,2024-07-31,1574.22,4472.04
907878,2024-07-31,971.66,3137.88
907879,2024-07-31,1966.68,7820.41
907915,2024-07-31,4422.2,4639.64
907964,2024-07-31,212.64,561.3
907971,2024-07-31,1836.78,5240.34
907983,2024-07-31,1245.97,2320.4
907991,2024-07-31,3057.0,7283.21
908006,2024-07-31,1512.16,3626.24
908017,2024-07-31,2495.83,1807.06
908038,2024-07-31,2960.3,2032.7
908061,2024-07-31,2734.28,7652.8
908084,2024-07-31,2326.06,6078.1
908103,2024-07-31,397.82,272.97
908105,2024-07-31,3935.36,1354.89
908134,2024-07-31,2371.77,5105.74
908152,2024-07-31,1104.43,860.14
908154,2024-07-31,3240.11,2458.78
908177,2024-07-31,1537.05,6323.01
908180,2024-07-31,258.0,348.82
908187,2024-07-31,1059.69,6001.47
908188,2024-07-31,204.01,551.39
908228,2024-07-31,883.73,1609.19
908230,2024-07-31,3430.03,2051.16
908242,2024-07-31,2918.38,6028.26
908246,2024-07-31,599.31,2405.6
908258,2024-07-31,4092.94,1949.78
908266,2024-07-31,2449.61,2044.36
908275,2024-07-31,201.64,975.89
908289,2024-07-31,1006.39,638.61
908291,2024-07-31,4000.47,4019.91
908339,2024-07-31,1121.89,3300.71
908352,2024-07-31,1918.56,890.84
908353,2024-07-31,2790.89,7144.47
908360,2024-07-31,2501.97,1937.57
908392,2024-07-31,3021.28,1671.92
908427,2024-07-31,1969.22,4774.18
908428,2024-07-31,1099.59,5397.35
908430,2024-07-31,1310.34,1063.67
908466,2024-07-31,779.66,503.96
908499,2024-07-31,499.25,2448.5
908501,2024-07-31,4782.04,1741.63
908521,2024-07-31,1795.56,7431.46
908557,2024-07-31,675.0,1850.6
908567,2024-07-31,2966.99,7823.43
908582,2024-07-31,977.87,3155.5
908583,2024-07-31,1473.39,2314.86
908590,2024-07-31,1082.41,3146.86
908620,2024-07-31,2217.22,1320.33
908628,2024-07-31,1352.52,2826.83
908653,2024-07-31,3554.91,1273.18
908661,2024-07-31,5108.37,1894.64
908681,2024-07-31,1785.62,6993.74
908691,2024-07-31,1975.84,6278.63
908700,2024-07-31,1295.86,5810.18
908718,2024-07-31,454.11,2075.98
908732,2024-07-31,519.31,378.66
908746,2024-07-31,2067.36,562.71
908785,2024-07-31,692.15,1842.66
908826,2024-07-31,2826.63,3114.66
908834,2024-07-31,1137.08,4109.82
908860,2024-07-31,1988.5,4149.89
908862,2024-07-31,549.25,1477.64
908879,2024-07-31,5081.3,2367.69
908892,2024-07-31,1715.0,3246.0
908934,2024-07-31,2548.96,1314.13
908939,2024-07-31,2947.97,2845.14
908983,2024-07-31,2984.71,1645.88
900020,2024-08-31,3339.64,5050.47
900024,2024-08-31,3340.35,3168.76
900030,2024-08-31,886.33,5610.74
900042,2024-08-31,554.16,496.26
900052,2024-08-31,1032.66,2142.08
900076,2024-08-31,338.89,1443.14
900085,2024-08-31,1273.38,2793.43
900091,2024-08-31,869.79,4826.61
900103,2024-08-31,2110.99,1030.57
900136,2024-08-31,1742.56,5305.2
900137,2024-08-31,1102.02,6276.07
900145,2024-08-31,889.08,2717.34
900232,2024-08-31,3242.65,3657.61
900263,2024-08-31,2121.43,954.05
900280,2024-08-31,509.05,1688.8
900331,2024-08-31,4275.03,1550.27
900358,2024-08-31,1060.29,2752.94
900414,2024-08-31,162.08,790.23
900416,2024-08-31,1802.95,4106.32
900417,2024-08-31,2224.58,4767.93
900419,2024-08-31,5061.35,2315.88
900433,2024-08-31,2198.98,1837.51
900446,2024-08-31,1099.92,2425.31
900448,2024-08-31,581.43,536.73
900477,2024-08-31,3049.43,1545.1
900522,2024-08-31,289.43,168.72
900542,2024-08-31,1802.94,1519.2
900551,2024-08-31,678.83,2446.19
900582,2024-08-31,912.71,2769.4
900599,2024-08-31,1594.17,4371.72
900616,2024-08-31,1647.26,2047.87
900625,2024-08-31,824.28,5281.94
900640,2024-08-31,68.66,423.91
900661,2024-08-31,384.35,620.86
900668,2024-08-31,3058.51,1706.02
900680,2024-08-31,1911.43,2420.89
900701,2024-08-31,6614.44,2697.55
900742,2024-08-31,2907.41,2429.34
900750,2024-08-31,4117.19,4070.89
900754,2024-08-31,871.56,2330.83
900774,2024-08-31,235.28,1452.25
900786,2024-08-31,1131.88,3449.23
900804,2024-08-31,1529.54,2326.14
900808,2024-08-31,354.5,141.17
900828,2024-08-31,390.02,1183.45
900898,2024-08-31,2855.24,8054.63
900901,2024-08-31,4290.72,2400.73
900919,2024-08-31,1963.12,1240.87
900932,2024-08-31,421.97,2968.56
900953,2024-08-31,2956.35,1634.43
900958,2024-08-31,3300.41,7409.11
900966,2024-08-31,1209.4,5874.08
900991,2024-08-31,257.75,1836.52
900993,2024-08-31,894.96,3515.24
901000,2024-08-31,1054.14,1243.96
901002,2024-08-31,548.04,3365.7
901006,2024-08-31,284.27,771.18
901022,2024-08-31,860.83,994.75
901023,2024-08-31,664.76,2725.76
901030,2024-08-31,666.24,1947.81
901042,2024-08-31,1623.98,8552.27
901070,2024-08-31,752.16,1718.15
901084,2024-08-31,1185.0,5633.64
901092,2024-08-31,2827.48,2929.82
901179,2024-08-31,4637.25,1598.19
901193,2024-08-31,2942.65,824.93
901194,2024-08-31,1560.81,1618.76
901244,2024-08-31,1492.66,4368.17
901245,2024-08-31,255.08,266.55
901251,2024-08-31,3134.56,3176.39
901269,2024-08-31,2953.23,1453.17
901293,2024-08-31,915.21,2313.75
901304,2024-08-31,1356.25,469.62
901342,2024-08-31,1204.94,6530.28
901353,2024-08-31,1179.28,528.76
901372,2024-08-31,355.69,365.07
901378,2024-08-31,2064.93,6500.44
901429,2024-08-31,2422.58,1340.43
901431,2024-08-31,2903.94,6558.23
901434,2024-08-31,1022.18,543.59
901445,2024-08-31,1452.97,2801.47
901471,2024-08-31,4015.16,3503.69
901478,2024-08-31,4784.29,3107.84
901490,2024-08-31,1322.04,3579.75
901509,2024-08-31,3024.22,5495.53
901537,2024-08-31,79.12,487.79
901538,2024-08-31,573.74,1839.89
901567,2024-08-31,1727.42,5342.43
901589,2024-08-31,2505.8,4159.29
901607,2024-08-31,1590.35,1557.99
901614,2024-08-31,2005.56,1511.8
901621,2024-08-31,1424.24,1257.27
901623,2024-08-31,715.06,453.94
901630,2024-08-31,661.55,812.47
901632,2024-08-31,614.01,223.74
901645,2024-08-31,2663.4,4964.11
901647,2024-08-31,3227.97,2734.97
901691,2024-08-31,1136.3,4144.98
901732,2024-08-31,493.62,2397.29
901744,2024-08-31,950.99,696.98
901759,2024-08-31,1736.23,5200.99
901785,2024-08-31,1704.97,1676.3
901807,2024-08-31,1017.13,1409.56
901808,2024-08-31,5192.79,2798.83
901837,2024-08-31,549.87,199.81
901877,2024-08-31,4773.47,1551.02
901903,2024-08-31,2180.15,1043.38
901959,2024-08-31,227.27,695.92
901960,2024-08-31,900.21,5145.72
901966,2024-08-31,642.55,1412.63
901972,2024-08-31,132.27,614.45
901977,2024-08-31,602.15,2739.81
901984,2024-08-31,3815.75,3689.33
902000,2024-08-31,3212.13,3985.52
902029,2024-08-31,1894.05,5102.92
902106,2024-08-31,4548.81,2741.66
902113,2024-08-31,1437.55,1426.04
902114,2024-08-31,4120.61,3845.66
902141,2024-08-31,4310.63,2657.39
902193,2024-08-31,2124.74,673.48
902218,2024-08-31,2634.38,8135.17
902246,2024-08-31,721.68,2789.51
902265,2024-08-31,567.95,1804.62
902284,2024-08-31,1421.16,1377.45
902289,2024-08-31,2865.17,3356.28
902290,2024-08-31,1961.31,4550.97
902362,2024-08-31,832.31,5325.16
902389,2024-08-31,305.56,864.32
902402,2024-08-31,1624.65,567.87
902425,2024-08-31,720.3,3600.83
902437,2024-08-31,3111.5,8519.86
902461,2024-08-31,1529.66,3937.55
902465,2024-08-31,2016.4,6904.05
902482,2024-08-31,2272.65,1340.2
902488,2024-08-31,2574.85,3101.3
902490,2024-08-31,1492.26,4556.11
902493,2024-08-31,1037.7,2636.44
902520,2024-08-31,2413.29,651.42
902526,2024-08-31,4078.93,3835.93
902555,2024-08-31,1570.1,1888.98
902560,2024-08-31,1562.6,4183.68
902629,2024-08-31,1430.53,6761.07
902644,2024-08-31,3769.17,3063.92
902649,2024-08-31,289.08,1627.88
902664,2024-08-31,212.73,606.86
902673,2024-08-31,1921.93,1627.54
902697,2024-08-31,1063.92,2507.7
902712,2024-08-31,2960.53,8177.01
902775,2024-08-31,3785.71,4740.25
902776,2024-08-31,2158.41,1549.87
902805,2024-08-31,774.56,3387.46
902808,2024-08-31,2187.27,2438.46
902825,2024-08-31,143.69,753.76
902832,2024-08-31,1110.4,5096.55
902858,2024-08-31,1372.39,621.69
902886,2024-08-31,1305.53,1098.55
902913,2024-08-31,1000.23,3267.73
902956,2024-08-31,658.68,2226.33
902966,2024-08-31,4067.94,4440.52
902969,2024-08-31,2859.07,8138.6
902981,2024-08-31,1815.95,4282.21
902986,2024-08-31,3117.13,8969.2
903018,2024-08-31,1905.17,5284.03
903053,2024-08-31,4249.6,3233.77
903084,2024-08-31,3946.75,2725.69
903122,2024-08-31,662.34,2012.22
903154,2024-08-31,3143.64,2810.33
903229,2024-08-31,888.94,531.7
903232,2024-08-31,266.01,216.56
903240,2024-08-31,1441.34,4567.08
903266,2024-08-31,2605.36,7555.34
903275,2024-08-31,583.71,384.63
903368,2024-08-31,1838.23,4563.81
903461,2024-08-31,310.26,1681.39
903514,2024-08-31,4841.7,3026.48
903566,2024-08-31,509.29,2947.17
903580,2024-08-31,1389.9,5661.74
903590,2024-08-31,1409.08,4117.48
903598,2024-08-31,2620.94,7628.02
903653,2024-08-31,527.26,1730.94
903709,2024-08-31,5400.47,2130.7
903720,2024-08-31,2374.93,2346.09
903723,2024-08-31,2975.66,2600.52
903771,2024-08-31,650.22,823.56
903794,2024-08-31,1565.28,3865.92
903796,2024-08-31,313.27,1193.02
903810,2024-08-31,1597.26,7515.91
903811,2024-08-31,1573.33,3426.62
903815,2024-08-31,1760.98,2607.22
903843,2024-08-31,3436.37,3175.7
903847,2024-08-31,632.89,689.44
903868,2024-08-31,374.64,327.76
903889,2024-08-31,2630.88,2468.06
903906,2024-08-31,2396.24,6338.88
903912,2024-08-31,1756.15,5595.17
903953,2024-08-31,355.22,272.29
904007,2024-08-31,2964.05,5945.72
904015,2024-08-31,1518.53,5293.63
904022,2024-08-31,5600.88,2338.11
904084,2024-08-31,424.41,139.45
904140,2024-08-31,302.06,298.91
904176,2024-08-31,1122.69,4356.54
904189,2024-08-31,4078.16,4345.52
904193,2024-08-31,4536.54,4279.32
904217,2024-08-31,544.48,262.05
904236,2024-08-31,1393.69,750.45
904254,2024-08-31,608.75,2374.73
904306,2024-08-31,2727.53,2972.15
904339,2024-08-31,758.67,647.18
904343,2024-08-31,6431.37,1500.62
904349,2024-08-31,555.33,585.17
904357,2024-08-31,1021.7,3934.27
904364,2024-08-31,3392.72,1168.28
904366,2024-08-31,1246.77,979.09
904394,2024-08-31,710.5,1994.57
904397,2024-08-31,359.1,664.65
904440,2024-08-31,2371.55,5015.66
904445,2024-08-31,2118.43,4005.75
904446,2024-08-31,554.21,255.32
904450,2024-08-31,1283.54,4049.9
904452,2024-08-31,2622.9,5478.77
904453,2024-08-31,2614.16,3119.77
904460,2024-08-31,2264.99,1829.3
904478,2024-08-31,1159.31,1427.38
904480,2024-08-31,1691.2,3670.23
904647,2024-08-31,983.91,1570.44
904652,2024-08-31,1571.52,2367.37
904655,2024-08-31,4593.58,3254.31
904680,2024-08-31,1613.68,4357.38
904682,2024-08-31,582.8,3736.25
904716,2024-08-31,244.05,522.43
904718,2024-08-31,454.88,1843.1
904726,2024-08-31,2208.69,8002.92
904757,2024-08-31,2124.9,4604.26
904794,2024-08-31,1628.75,623.94
904797,2024-08-31,2170.39,5472.84
904862,2024-08-31,729.62,749.14
904876,2024-08-31,891.47,1472.38
904917,2024-08-31,1872.36,7139.17
904934,2024-08-31,676.04,729.56
904940,2024-08-31,1266.0,4771.77
904976,2024-08-31,2974.23,7958.7
905034,2024-08-31,4554.74,2983.54
905046,2024-08-31,1431.03,2535.49
905054,2024-08-31,432.9,2005.34
905118,2024-08-31,1178.81,465.38
905133,2024-08-31,2216.23,788.18
905140,2024-08-31,823.55,4001.37
905152,2024-08-31,2998.91,2979.69
905190,2024-08-31,3028.87,801.07
905197,2024-08-31,1934.11,767.91
905218,2024-08-31,3708.5,1032.24
905247,2024-08-31,1841.76,4338.89
905267,2024-08-31,4369.19,2780.37
905287,2024-08-31,2005.4,4946.13
905295,2024-08-31,823.61,4328.68
905300,2024-08-31,2759.82,3678.02
905318,2024-08-31,3856.28,3309.62
905329,2024-08-31,1276.67,3883.14
905334,2024-08-31,1974.91,1344.88
905345,2024-08-31,592.59,3807.83
905362,2024-08-31,2290.5,2549.24
905377,2024-08-31,996.64,4999.47
905382,2024-08-31,2224.48,5615.89
905397,2024-08-31,2544.2,1638.89
905410,2024-08-31,1026.73,6905.49
905435,2024-08-31,528.98,2378.05
905445,2024-08-31,1740.49,568.06
905459,2024-08-31,1789.21,5905.7
905488,2024-08-31,222.92,499.98
905533,2024-08-31,3745.37,4561.85
905544,2024-08-31,3070.49,2934.09
905570,2024-08-31,583.51,3962.6
905572,2024-08-31,2196.53,729.34
905573,2024-08-31,2100.15,8281.32
905592,2024-08-31,1048.72,6337.67
905598,2024-08-31,3061.46,3294.4
905610,2024-08-31,1352.71,3043.09
905616,2024-08-31,1283.78,7510.86
905630,2024-08-31,3743.62,2969.57
905659,2024-08-31,675.74,2312.4
905660,2024-08-31,1401.42,421.34
905662,2024-08-31,3343.28,6892.37
905663,2024-08-31,955.5,2320.55
905700,2024-08-31,3871.47,1921.87
905712,2024-08-31,3874.82,1547.53
905721,2024-08-31,367.54,1308.04
905770,2024-08-31,1504.57,1278.08
905780,2024-08-31,2796.44,6032.09
905788,2024-08-31,303.01,280.1
905796,2024-08-31,2661.75,1157.53
905838,2024-08-31,2477.26,7709.65
905850,2024-08-31,282.39,1041.05
905853,2024-08-31,3477.97,2152.34
905856,2024-08-31,4239.5,1588.66
905857,2024-08-31,1466.1,4341.93
905919,2024-08-31,624.03,1844.68
905955,2024-08-31,552.97,3212.43
905957,2024-08-31,1384.76,4516.6
905977,2024-08-31,566.53,2080.63
905987,2024-08-31,4056.9,4651.48
906027,2024-08-31,1326.66,4159.86
906030,2024-08-31,2944.45,1329.74
906048,2024-08-31,2314.16,2323.1
906058,2024-08-31,1932.42,2352.55
906107,2024-08-31,1483.0,2742.71
906115,2024-08-31,1808.3,2043.41
906123,2024-08-31,456.17,427.62
906127,2024-08-31,634.86,1736.93
906156,2024-08-31,516.87,228.19
906187,2024-08-31,1439.31,6669.24
906228,2024-08-31,1149.47,5522.74
906258,2024-08-31,1197.11,3022.26
906283,2024-08-31,1681.2,7799.24
906285,2024-08-31,2062.4,9004.82
906292,2024-08-31,1734.9,4218.77
906314,2024-08-31,834.86,2219.47
906350,2024-08-31,5811.11,1901.55
906438,2024-08-31,1327.31,327.15
906460,2024-08-31,1818.87,4030.99
906478,2024-08-31,1899.98,4642.99
906483,2024-08-31,1416.11,6443.39
906485,2024-08-31,3934.47,1375.52
906501,2024-08-31,1487.23,5206.43
906506,2024-08-31,737.09,1979.36
906535,2024-08-31,3882.02,4049.95
906542,2024-08-31,1054.07,5818.17
906582,2024-08-31,300.32,1461.99
906583,2024-08-31,1737.25,4566.8
906590,2024-08-31,1331.79,3958.74
906620,2024-08-31,1916.67,3734.94
906632,2024-08-31,3827.15,4058.53
906663,2024-08-31,444.48,380.77
906673,2024-08-31,2656.84,7158.54
906711,2024-08-31,898.75,376.1
906727,2024-08-31,2917.02,3667.26
906772,2024-08-31,375.32,951.09
906774,2024-08-31,614.06,280.84
906816,2024-08-31,2054.41,6810.91
906821,2024-08-31,2238.38,1625.11
906834,2024-08-31,1654.19,2145.3
906839,2024-08-31,179.64,556.16
906862,2024-08-31,1118.51,5334.33
906928,2024-08-31,1795.8,657.83
906990,2024-08-31,2414.54,4053.03
907001,2024-08-31,2304.98,7325.32
907024,2024-08-31,4859.88,2935.21
907064,2024-08-31,3172.63,949.34
907092,2024-08-31,1338.61,4781.92
907111,2024-08-31,558.83,1806.73
907122,2024-08-31,692.39,5282.04
907124,2024-08-31,1008.79,296.4
907146,2024-08-31,3512.58,2065.43
907199,2024-08-31,415.22,308.91
907232,2024-08-31,1531.76,6385.23
907254,2024-08-31,1250.29,5193.1
907256,2024-08-31,958.38,4197.5
907261,2024-08-31,1745.24,7022.64
907262,2024-08-31,2196.74,1792.57
907264,2024-08-31,5301.18,1957.25
907295,2024-08-31,1311.87,4580.35
907300,2024-08-31,1771.63,1166.27
907317,2024-08-31,506.92,1271.14
907331,2024-08-31,1156.1,4625.81
907341,2024-08-31,1483.37,1539.97
907352,2024-08-31,934.66,2683.42
907372,2024-08-31,1074.56,1725.28
907406,2024-08-31,1443.66,1762.85
907412,2024-08-31,2204.82,1261.45
907416,2024-08-31,1977.2,8700.2
907422,2024-08-31,2945.09,2822.57
907426,2024-08-31,3626.72,2716.7
907444,2024-08-31,1150.5,3523.16
907451,2024-08-31,2022.49,5862.81
907460,2024-08-31,840.92,3396.2
907505,2024-08-31,4637.65,2472.65
907508,2024-08-31,435.89,2642.48
907531,2024-08-31,1127.82,6451.75
907542,2024-08-31,2435.84,1236.57
907566,2024-08-31,2072.94,986.02
907575,2024-08-31,1226.55,2850.2
907608,2024-08-31,255.26,893.22
907621,2024-08-31,1036.21,3649.79
907630,2024-08-31,1257.68,5764.53
907636,2024-08-31,628.14,2418.8
907641,2024-08-31,2118.33,2207.46
907642,2024-08-31,193.02,641.88
907673,2024-08-31,2307.83,1219.58
907674,2024-08-31,1097.35,4722.05
907678,2024-08-31,4879.54,2504.26
907696,2024-08-31,903.05,959.73
907727,2024-08-31,1487.33,4966.32
907733,2024-08-31,1521.11,4095.41
907752,2024-08-31,5305.41,2314.88
907754,2024-08-31,5611.78,3574.75
907758,2024-08-31,5380.6,3261.79
907759,2024-08-31,2518.43,8483.99
907761,2024-08-31,1292.94,1244.11
907770,2024-08-31,3930.4,2408.58
907774,2024-08-31,1238.41,7333.8
907783,2024-08-31,918.7,889.05
907800,2024-08-31,804.78,2962.54
907844,2024-08-31,1363.01,1382.28
907877,2024-08-31,1966.46,3680.81
907885,2024-08-31,810.28,3595.04
907915,2024-08-31,730.71,659.37
907919,2024-08-31,761.48,1538.47
907937,2024-08-31,219.78,1161.43
907971,2024-08-31,1934.79,6115.8
907983,2024-08-31,687.79,2022.91
907991,2024-08-31,292.83,1749.16
908002,2024-08-31,278.69,1130.79
908004,2024-08-31,4568.97,2005.12
908017,2024-08-31,1729.01,1667.89
908039,2024-08-31,1884.46,5274.46
908061,2024-08-31,2563.17,6508.23
908105,2024-08-31,1194.41,751.51
908106,2024-08-31,1216.72,3035.22
908133,2024-08-31,4890.61,1597.55
908134,2024-08-31,186.41,650.84
908152,2024-08-31,2159.09,2688.85
908154,2024-08-31,3879.92,3426.03
908230,2024-08-31,5002.29,2771.45
908232,2024-08-31,1241.04,2994.21
908246,2024-08-31,171.26,493.34
908266,2024-08-31,2093.23,1936.55
908275,2024-08-31,3238.52,6523.53
908289,2024-08-31,531.66,151.98
908294,2024-08-31,859.12,1215.45
908339,2024-08-31,2410.45,5376.45
908352,2024-08-31,1705.69,1103.71
908360,2024-08-31,372.2,304.31
908383,2024-08-31,3555.02,2392.93
908417,2024-08-31,3123.06,1745.56
908427,2024-08-31,2504.58,6912.45
908430,2024-08-31,3067.14,3746.45
908449,2024-08-31,730.47,2103.44
908466,2024-08-31,5421.16,1374.29
908499,2024-08-31,979.43,2768.37
908501,2024-08-31,2947.29,1808.78
908512,2024-08-31,897.51,2481.62
908521,2024-08-31,825.5,3477.87
908532,2024-08-31,807.84,376.13
908557,2024-08-31,2216.41,5494.9
908567,2024-08-31,1325.61,7111.53
908576,2024-08-31,2238.5,6938.76
908583,2024-08-31,1706.77,7086.32
908590,2024-08-31,305.94,1061.11
908607,2024-08-31,4247.23,1763.97
908623,2024-08-31,1843.57,875.33
908643,2024-08-31,1396.33,1954.77
908653,2024-08-31,1023.67,489.09
908661,2024-08-31,2149.24,1480.46
908665,2024-08-31,1824.53,3157.37
908693,2024-08-31,2312.81,1870.86
908718,2024-08-31,1330.86,2033.17
908727,2024-08-31,2001.02,842.99
908732,2024-08-31,1095.24,1153.19
908745,2024-08-31,847.9,866.6
908746,2024-08-31,966.41,403.5
908749,2024-08-31,2939.85,3149.45
908789,2024-08-31,1297.0,6234.35
908811,2024-08-31,2111.12,2080.05
908826,2024-08-31,4235.25,2822.43
908862,2024-08-31,728.16,2520.1
908882,2024-08-31,482.42,1196.94
908892,2024-08-31,1733.9,5259.81
908929,2024-08-31,1523.6,1797.85
900052,2024-09-30,911.36,6742.68
900056,2024-09-30,5080.84,1262.57
900091,2024-09-30,1120.59,3401.51
900098,2024-09-30,2547.39,6338.26
900131,2024-09-30,715.69,2052.39
900136,2024-09-30,1897.98,6911.46
900145,2024-09-30,2611.47,4281.86
900157,2024-09-30,1611.04,3634.14
900159,2024-09-30,5870.06,2163.48
900214,2024-09-30,1715.4,1998.46
900232,2024-09-30,1556.2,1234.27
900260,2024-09-30,3075.67,1702.47
900270,2024-09-30,2353.21,5801.27
900306,2024-09-30,1694.42,5350.24
900322,2024-09-30,2195.79,5483.07
900329,2024-09-30,2012.73,5182.36
900331,2024-09-30,1071.46,463.55
900401,2024-09-30,4063.48,1469.39
900411,2024-09-30,377.46,1476.32
900416,2024-09-30,317.26,1268.56
900419,2024-09-30,1782.24,1046.35
900444,2024-09-30,1738.33,3293.46
900446,2024-09-30,2280.93,6176.27
900448,2024-09-30,3678.9,4271.46
900455,2024-09-30,3584.19,2245.89
900518,2024-09-30,4025.01,4269.78
900531,2024-09-30,994.06,2550.85
900582,2024-09-30,481.46,1977.4
900640,2024-09-30,1750.09,4592.6
900652,2024-09-30,1015.48,3344.6
900683,2024-09-30,1508.48,6249.01
900686,2024-09-30,5303.34,2404.8
900694,2024-09-30,1659.42,7600.19
900710,2024-09-30,683.27,3258.29
900739,2024-09-30,2946.5,2199.99
900742,2024-09-30,2929.03,2065.94
900743,2024-09-30,161.87,373.61
900750,2024-09-30,1120.72,1022.19
900757,2024-09-30,475.12,322.7
900767,2024-09-30,979.2,6041.6
900774,2024-09-30,384.97,2585.18
900804,2024-09-30,1681.5,4045.39
900808,2024-09-30,2687.74,2256.92
900814,2024-09-30,1861.04,1487.68
900827,2024-09-30,3359.04,1976.76
900840,2024-09-30,2318.23,2662.93
900901,2024-09-30,3430.55,1229.4
900932,2024-09-30,3497.87,8219.81
900942,2024-09-30,1184.68,304.68
900953,2024-09-30,2646.8,918.15
900991,2024-09-30,1581.98,4900.44
901000,2024-09-30,3066.67,3664.16
901002,2024-09-30,1280.18,4311.79
901022,2024-09-30,2284.44,2777.77
901030,2024-09-30,340.96,1294.59
901037,2024-09-30,635.73,2441.91
901059,2024-09-30,1044.59,3103.05
901070,2024-09-30,1269.95,6382.02
901084,2024-09-30,1178.45,7883.03
901091,2024-09-30,975.57,2777.91
901099,2024-09-30,122.79,692.48
901117,2024-09-30,1748.69,5668.37
901141,2024-09-30,315.18,840.54
901156,2024-09-30,483.05,198.04
901179,2024-09-30,4880.05,1825.64
901193,2024-09-30,1332.06,906.25
901228,2024-09-30,1307.49,8806.53
901245,2024-09-30,2438.77,2385.57
901251,2024-09-30,2844.87,2007.25
901269,2024-09-30,2836.6,1395.01
901293,2024-09-30,1503.6,4132.83
901294,2024-09-30,1838.14,1558.42
901304,2024-09-30,5755.49,2423.87
901342,2024-09-30,2009.98,7217.85
901344,2024-09-30,2466.3,1882.0
901353,2024-09-30,1352.47,1042.31
901361,2024-09-30,2401.13,5368.75
901363,2024-09-30,194.18,428.04
901378,2024-09-30,341.77,1572.98
901434,2024-09-30,3138.34,1296.32
901471,2024-09-30,710.63,1174.56
901474,2024-09-30,2313.77,3748.73
901482,2024-09-30,336.68,600.66
901504,2024-09-30,2964.07,3648.54
901509,2024-09-30,1853.74,7938.29
901558,2024-09-30,1041.55,2492.68
901589,2024-09-30,2288.04,2199.4
901607,2024-09-30,1184.41,1408.27
901614,2024-09-30,1925.87,1950.62
901618,2024-09-30,635.5,2164.94
901621,2024-09-30,5952.82,2868.4
901630,2024-09-30,2415.31,2173.23
901632,2024-09-30,4858.35,1640.56
901645,2024-09-30,1646.26,3743.96
901688,2024-09-30,615.1,1513.76
901695,2024-09-30,1855.24,3407.87
901728,2024-09-30,909.4,2186.92
901744,2024-09-30,1718.34,1872.03
901759,2024-09-30,2587.94,6737.82
901783,2024-09-30,1725.16,6151.52
901785,2024-09-30,1151.8,945.46
901794,2024-09-30,3255.64,2106.51
901807,2024-09-30,4179.63,3990.61
901816,2024-09-30,2855.72,1907.65
901837,2024-09-30,1977.5,777.01
901840,2024-09-30,6035.72,1933.83
901877,2024-09-30,631.26,338.18
901959,2024-09-30,1232.42,3701.59
901960,2024-09-30,2575.23,5601.36
901966,2024-09-30,1070.49,6881.85
901972,2024-09-30,968.64,3427.29
901977,2024-09-30,2253.8,5409.01
901984,2024-09-30,3444.23,2457.57
902000,2024-09-30,479.54,364.43
902011,2024-09-30,3510.63,2596.59
902029,2024-09-30,1300.54,4593.14
902042,2024-09-30,1723.4,3817.69
902072,2024-09-30,2845.02,952.92
902091,2024-09-30,833.02,533.98
902113,2024-09-30,3233.88,2179.64
902193,2024-09-30,3934.86,1277.86
902213,2024-09-30,608.5,3317.36
902218,2024-09-30,284.16,695.6
902265,2024-09-30,500.94,1054.22
902281,2024-09-30,222.31,1030.96
902284,2024-09-30,3495.39,2569.05
902290,2024-09-30,1107.64,2844.84
902313,2024-09-30,1948.01,2077.47
902316,2024-09-30,2756.78,3532.98
902364,2024-09-30,2493.03,4324.78
902395,2024-09-30,1203.07,4513.88
902402,2024-09-30,3584.53,1959.15
902425,2024-09-30,1630.09,9215.28
902428,2024-09-30,3532.17,1191.55
902431,2024-09-30,5490.09,2727.03
902437,2024-09-30,1230.56,3935.63
902446,2024-09-30,5532.61,2139.54
902461,2024-09-30,905.03,2141.96
902465,2024-09-30,414.38,1210.94
902471,2024-09-30,1903.49,767.26
902482,2024-09-30,3616.41,1259.21
902511,2024-09-30,998.6,4236.66
902526,2024-09-30,2958.93,3148.46
902555,2024-09-30,3266.6,2035.6
902560,2024-09-30,2601.01,4751.92
902569,2024-09-30,988.3,4238.63
902629,2024-09-30,382.15,1600.39
902644,2024-09-30,425.41,417.57
902649,2024-09-30,741.24,1345.73
902650,2024-09-30,2401.3,5835.75
902697,2024-09-30,1671.68,3924.94
902704,2024-09-30,839.52,1636.05
902712,2024-09-30,560.27,2778.81
902727,2024-09-30,3104.88,2098.32
902729,2024-09-30,5128.96,2759.23
902774,2024-09-30,288.12,1835.27
902776,2024-09-30,1385.21,1346.34
902791,2024-09-30,2909.92,2900.92
902808,2024-09-30,2704.49,4181.48
902825,2024-09-30,1262.05,3063.4
902832,2024-09-30,1585.7,4150.04
902922,2024-09-30,1516.01,6636.1
902969,2024-09-30,1640.86,3195.74
902981,2024-09-30,298.89,873.86
902986,2024-09-30,1410.09,9386.47
903018,2024-09-30,1962.22,4244.97
903020,2024-09-30,2434.83,4143.4
903075,2024-09-30,2112.74,3824.72
903084,2024-09-30,2894.85,1583.26
903115,2024-09-30,2384.46,982.74
903132,2024-09-30,632.5,3502.35
903154,2024-09-30,4504.92,4681.74
903169,2024-09-30,1165.13,1233.71
903229,2024-09-30,3619.69,1824.97
903230,2024-09-30,712.17,1721.0
903232,2024-09-30,4428.4,2691.11
903240,2024-09-30,448.1,1523.83
903256,2024-09-30,2182.16,2766.54
903368,2024-09-30,1450.86,5044.39
903386,2024-09-30,3357.64,3249.22
903403,2024-09-30,93.82,514.15
903420,2024-09-30,4648.71,1716.09
903430,2024-09-30,834.88,2741.51
903439,2024-09-30,529.5,230.4
903463,2024-09-30,3151.02,2102.39
903485,2024-09-30,2033.0,5246.7
903512,2024-09-30,989.88,1610.03
903514,2024-09-30,3124.56,832.17
903521,2024-09-30,1079.06,611.46
903561,2024-09-30,2809.75,778.6
903586,2024-09-30,1973.75,1667.23
903598,2024-09-30,1978.35,9567.34
903608,2024-09-30,5835.94,2241.44
903616,2024-09-30,1189.67,2588.86
903627,2024-09-30,1086.21,3355.28
903643,2024-09-30,996.24,4571.0
903648,2024-09-30,3053.83,7278.08
903684,2024-09-30,359.03,1798.31
903709,2024-09-30,6686.18,2900.76
903713,2024-09-30,1629.73,1835.11
903720,2024-09-30,2680.72,2083.19
903723,2024-09-30,564.79,718.34
903764,2024-09-30,1250.61,4553.49
903771,2024-09-30,931.97,1042.52
903794,2024-09-30,928.19,4531.23
903796,2024-09-30,2411.46,8143.02
903810,2024-09-30,1753.35,4278.15
903843,2024-09-30,389.41,275.85
903847,2024-09-30,1753.25,2685.9
903856,2024-09-30,141.27,693.92
903868,2024-09-30,1537.03,1153.46
903881,2024-09-30,796.63,1353.8
903889,2024-09-30,670.75,503.81
903906,2024-09-30,1011.26,4022.55
903912,2024-09-30,1804.33,4695.42
903953,2024-09-30,714.3,520.27
904006,2024-09-30,1005.65,3413.68
904013,2024-09-30,1489.39,9955.97
904039,2024-09-30,394.06,1367.67
904041,2024-09-30,463.65,2972.75
904084,2024-09-30,3101.69,1431.35
904108,2024-09-30,2218.03,2390.78
904149,2024-09-30,619.19,3852.87
904158,2024-09-30,137.75,597.36
904176,2024-09-30,580.68,2786.5
904217,2024-09-30,2126.14,1600.67
904226,2024-09-30,236.99,629.31
904237,2024-09-30,1099.05,4166.1
904254,2024-09-30,594.53,2923.06
904297,2024-09-30,781.49,2757.64
904303,2024-09-30,2116.5,3173.52
904335,2024-09-30,529.23,835.1
904343,2024-09-30,1245.17,569.0
904349,2024-09-30,1324.43,1401.7
904357,2024-09-30,418.64,1555.96
904386,2024-09-30,1054.34,2146.52
904392,2024-09-30,1011.78,1999.26
904394,2024-09-30,206.68,1005.02
904397,2024-09-30,1152.12,7544.27
904436,2024-09-30,2202.73,1624.59
904445,2024-09-30,922.71,5011.56
904446,2024-09-30,2265.37,922.47
904450,2024-09-30,1382.69,4257.54
904452,2024-09-30,1500.94,5654.32
904453,2024-09-30,3678.59,3628.48
904457,2024-09-30,1243.33,3010.37
904480,2024-09-30,1637.36,5426.64
904487,2024-09-30,1346.51,1712.41
904491,2024-09-30,2866.77,6845.91
904576,2024-09-30,5798.32,2776.2
904645,2024-09-30,1757.6,1873.93
904655,2024-09-30,5030.71,2122.44
904680,2024-09-30,2810.2,7891.04
904682,2024-09-30,2800.58,6960.99
904685,2024-09-30,2737.12,2116.27
904716,2024-09-30,986.73,2245.18
904726,2024-09-30,2016.7,6199.41
904740,2024-09-30,145.73,496.01
904757,2024-09-30,2080.39,7703.42
904791,2024-09-30,2815.76,1049.39
904794,2024-09-30,2059.22,785.24
904797,2024-09-30,2035.59,6050.78
904829,2024-09-30,1459.39,6202.94
904839,2024-09-30,699.49,1572.42
904841,2024-09-30,2883.78,3877.4
904852,2024-09-30,244.92,1411.8
904862,2024-09-30,504.39,581.8
904873,2024-09-30,1985.63,6941.27
904917,2024-09-30,2486.54,5406.23
904934,2024-09-30,1904.0,2236.29
904940,2024-09-30,1547.21,6538.71
904944,2024-09-30,1711.96,841.82
905034,2024-09-30,443.21,529.48
905043,2024-09-30,3320.56,2591.97
905046,2024-09-30,2944.94,2854.02
905054,2024-09-30,1464.76,3571.76
905058,2024-09-30,2551.96,5863.41
905093,2024-09-30,1580.11,3466.02
905104,2024-09-30,987.39,659.87
905115,2024-09-30,256.32,1848.5
905118,2024-09-30,2183.37,808.72
905133,2024-09-30,1028.65,475.75
905140,2024-09-30,985.88,4290.86
905152,2024-09-30,2065.88,1787.45
905190,2024-09-30,1770.08,1032.97
905218,2024-09-30,4545.63,1061.8
905241,2024-09-30,921.46,3919.9
905300,2024-09-30,3931.22,3009.23
905316,2024-09-30,286.81,842.33
905329,2024-09-30,1173.38,3055.49
905345,2024-09-30,1216.06,3934.24
905356,2024-09-30,2482.17,6566.16
905374,2024-09-30,604.6,436.61
905383,2024-09-30,853.83,4984.68
905412,2024-09-30,2523.45,6679.76
905459,2024-09-30,3350.66,7955.73
905464,2024-09-30,1512.67,3329.71
905471,2024-09-30,1173.78,1109.52
905504,2024-09-30,3210.98,2712.06
905533,2024-09-30,2209.91,2592.94
905544,2024-09-30,1785.51,2094.38
905545,2024-09-30,1715.96,1233.58
905573,2024-09-30,524.84,1159.18
905598,2024-09-30,2495.84,2683.79
905610,2024-09-30,2093.45,6725.29
905630,2024-09-30,1692.19,1254.72
905660,2024-09-30,631.28,305.02
905663,2024-09-30,1224.83,3954.51
905669,2024-09-30,5437.37,2132.94
905683,2024-09-30,1019.83,736.83
905689,2024-09-30,1878.32,948.32
905700,2024-09-30,3127.28,2167.14
905712,2024-09-30,2151.99,1378.16
905796,2024-09-30,1732.67,898.88
905838,2024-09-30,1054.31,2128.91
905840,2024-09-30,680.41,3290.72
905841,2024-09-30,1850.2,505.63
905853,2024-09-30,405.16,232.01
905857,2024-09-30,369.51,708.6
905864,2024-09-30,4942.7,1695.17
905881,2024-09-30,4303.2,1937.55
905896,2024-09-30,2520.95,8604.1
905909,2024-09-30,4545.72,2292.17
905919,2024-09-30,1925.89,4057.61
905942,2024-09-30,146.21,693.57
905955,2024-09-30,1170.4,2063.02
906005,2024-09-30,493.62,1835.73
906027,2024-09-30,1553.4,4714.72
906058,2024-09-30,3986.25,2347.0
906107,2024-09-30,922.05,4048.25
906115,2024-09-30,3190.11,2247.03
906139,2024-09-30,688.76,1262.11
906156,2024-09-30,1145.44,429.23
906166,2024-09-30,1415.28,1369.45
906183,2024-09-30,1520.72,1314.04
906186,2024-09-30,1496.04,7109.67
906187,2024-09-30,804.64,2681.61
906258,2024-09-30,931.34,2569.6
906283,2024-09-30,2081.93,8332.92
906285,2024-09-30,2057.2,5381.09
906289,2024-09-30,1712.45,3396.56
906314,2024-09-30,954.06,2045.07
906330,2024-09-30,2566.74,4530.62
906340,2024-09-30,2009.91,1630.53
906350,2024-09-30,2038.57,1102.39
906368,2024-09-30,1618.45,5108.01
906379,2024-09-30,482.65,1500.21
906435,2024-09-30,1983.87,7137.75
906438,2024-09-30,5538.56,1852.8
906460,2024-09-30,629.96,1550.29
906468,2024-09-30,1620.69,862.19
906483,2024-09-30,979.48,3575.11
906485,2024-09-30,3548.39,2009.25
906507,2024-09-30,3339.06,1942.32
906559,2024-09-30,489.95,1847.73
906560,2024-09-30,6107.42,2053.92
906573,2024-09-30,796.57,1671.65
906583,2024-09-30,1636.69,4717.48
906590,2024-09-30,1967.16,6220.34
906620,2024-09-30,247.76,819.55
906651,2024-09-30,677.7,1862.54
906663,2024-09-30,3879.69,2807.7
906673,2024-09-30,1578.63,6083.81
906716,2024-09-30,1015.1,2377.05
906718,2024-09-30,935.23,2547.79
906727,2024-09-30,2913.16,3366.69
906759,2024-09-30,1102.57,1473.72
906760,2024-09-30,3193.44,9636.21
906772,2024-09-30,1909.58,4717.61
906774,2024-09-30,3943.83,2259.74
906816,2024-09-30,1319.13,6464.46
906819,2024-09-30,1151.52,6383.11
906822,2024-09-30,1761.38,4270.81
906834,2024-09-30,2094.71,2104.96
906837,2024-09-30,394.19,2490.57
906862,2024-09-30,1342.47,5940.31
906928,2024-09-30,4976.46,1913.66
906937,2024-09-30,1255.58,1146.36
906973,2024-09-30,1166.03,4444.3
906990,2024-09-30,3103.7,3419.71
907064,2024-09-30,4040.3,3370.57
907072,2024-09-30,4720.48,4161.19
907082,2024-09-30,980.65,978.59
907085,2024-09-30,1040.01,511.03
907119,2024-09-30,789.35,505.63
907146,2024-09-30,1117.71,448.75
907166,2024-09-30,3526.24,2640.84
907187,2024-09-30,2475.85,6053.9
907200,2024-09-30,2360.17,1084.65
907212,2024-09-30,1210.24,3760.09
907232,2024-09-30,1525.76,3391.17
907237,2024-09-30,1680.58,8555.57
907251,2024-09-30,1534.6,2625.92
907261,2024-09-30,921.44,3400.84
907264,2024-09-30,4659.21,1410.99
907295,2024-09-30,735.37,2460.36
907300,2024-09-30,5529.17,1671.22
907328,2024-09-30,977.54,1216.85
907339,2024-09-30,1767.77,1814.25
907352,2024-09-30,1761.48,4664.95
907371,2024-09-30,1104.5,5307.54
907372,2024-09-30,673.2,618.67
907391,2024-09-30,943.24,2110.38
907394,2024-09-30,250.57,274.97
907412,2024-09-30,922.05,401.05
907416,2024-09-30,253.36,570.96
907426,2024-09-30,332.48,376.06
907443,2024-09-30,323.59,252.28
907451,2024-09-30,572.66,3285.33
907485,2024-09-30,1674.3,3922.73
907486,2024-09-30,1839.64,4934.79
907505,2024-09-30,1810.71,618.25
907508,2024-09-30,1074.12,2664.35
907531,2024-09-30,957.62,3893.36
907537,2024-09-30,2575.2,2573.89
907571,2024-09-30,556.66,1020.29
907575,2024-09-30,1346.95,2235.37
907591,2024-09-30,481.57,3310.46
907593,2024-09-30,2656.97,1172.3
907595,2024-09-30,848.12,1512.55
907606,2024-09-30,1745.39,4121.16
907608,2024-09-30,902.43,1561.24
907621,2024-09-30,2610.43,4861.87
907636,2024-09-30,2484.57,4743.0
907654,2024-09-30,1615.48,5221.81
907674,2024-09-30,1328.46,5899.58
907678,2024-09-30,706.95,312.65
907684,2024-09-30,3169.01,1528.92
907688,2024-09-30,1845.92,5222.81
907696,2024-09-30,2619.08,2601.45
907720,2024-09-30,3129.75,7677.99
907733,2024-09-30,1753.59,3199.62
907735,2024-09-30,1221.62,3694.34
907736,2024-09-30,3516.92,2866.1
907754,2024-09-30,1221.35,622.51
907755,2024-09-30,2860.95,8907.36
907774,2024-09-30,1803.01,5770.18
907782,2024-09-30,912.04,1459.96
907783,2024-09-30,2349.59,2861.27
907800,2024-09-30,1617.78,6892.45
907818,2024-09-30,3585.24,1620.79
907844,2024-09-30,2544.23,3053.95
907849,2024-09-30,821.67,3647.78
907937,2024-09-30,216.85,926.48
907951,2024-09-30,3887.38,2267.82
907971,2024-09-30,141.39,591.8
907991,2024-09-30,930.59,2388.83
908002,2024-09-30,2820.49,6058.23
908004,2024-09-30,3241.25,2283.19
908006,2024-09-30,1149.5,3743.36
908017,2024-09-30,2027.74,1967.5
908038,2024-09-30,1349.18,1159.02
908061,2024-09-30,189.52,582.45
908084,2024-09-30,3293.19,8616.6
908092,2024-09-30,1344.96,3206.32
908103,2024-09-30,2545.62,3349.39
908105,2024-09-30,2170.03,1167.19
908152,2024-09-30,2048.29,1678.38
908154,2024-09-30,2303.74,2181.32
908177,2024-09-30,1657.9,4620.75
908180,2024-09-30,2081.08,3526.8
908228,2024-09-30,2803.04,5167.79
908230,2024-09-30,2413.81,817.97
908258,2024-09-30,2974.66,2114.62
908289,2024-09-30,321.14,241.18
908291,2024-09-30,2621.62,2367.03
908353,2024-09-30,3329.85,5957.37
908360,2024-09-30,322.27,302.17
908401,2024-09-30,2431.92,1862.51
908417,2024-09-30,409.67,211.3
908425,2024-09-30,961.88,3240.5
908449,2024-09-30,2642.22,7293.68
908466,2024-09-30,5002.58,2365.56
908482,2024-09-30,318.84,1651.83
908512,2024-09-30,2623.32,4052.94
908532,2024-09-30,3244.19,1777.93
908539,2024-09-30,1713.61,3804.61
908557,2024-09-30,575.36,3103.14
908572,2024-09-30,1252.93,2198.41
908582,2024-09-30,1446.57,7924.74
908589,2024-09-30,352.67,725.37
908590,2024-09-30,1113.86,6407.0
908607,2024-09-30,4711.91,1693.32
908609,2024-09-30,1249.32,2951.53
908620,2024-09-30,3253.05,1354.51
908623,2024-09-30,736.79,307.59
908643,2024-09-30,1167.77,852.37
908653,2024-09-30,3351.71,1957.48
908661,2024-09-30,3066.84,2463.27
908665,2024-09-30,3455.67,7424.03
908677,2024-09-30,957.06,5453.27
908691,2024-09-30,1026.36,4253.13
908693,2024-09-30,4858.88,1689.61
908749,2024-09-30,3867.76,2667.69
908772,2024-09-30,1975.15,4307.32
908811,2024-09-30,1203.88,1305.93
908826,2024-09-30,2953.07,2890.64
908834,2024-09-30,1104.07,2728.19
908860,2024-09-30,2330.06,6518.85
908882,2024-09-30,2126.68,5726.66
908922,2024-09-30,3536.06,1767.77
908926,2024-09-30,1691.66,5644.42
908929,2024-09-30,2382.76,3220.57
908983,2024-09-30,1895.53,1655.59
900042,2024-10-31,600.32,587.49
900056,2024-10-31,1355.13,695.07
900076,2024-10-31,1569.56,6655.91
900091,2024-10-31,652.35,1802.96
900103,2024-10-31,2776.76,1444.7
900131,2024-10-31,546.52,1235.93
900145,2024-10-31,1473.13,4800.72
900157,2024-10-31,513.9,2330.53
900260,2024-10-31,1087.51,550.16
900270,2024-10-31,1230.7,5432.65
900280,2024-10-31,276.26,941.25
900329,2024-10-31,373.5,1582.01
900348,2024-10-31,3319.43,2562.55
900358,2024-10-31,3392.73,5430.81
900411,2024-10-31,1859.47,6958.86
900414,2024-10-31,2461.46,7021.13
900416,2024-10-31,1854.86,4232.79
900419,2024-10-31,3229.49,1595.54
900444,2024-10-31,729.71,1485.23
900446,2024-10-31,2565.48,4967.95
900448,2024-10-31,1419.81,1072.01
900477,2024-10-31,4068.54,3223.2
900518,2024-10-31,483.46,626.53
900522,2024-10-31,4906.58,2516.86
900531,2024-10-31,484.57,1830.21
900551,2024-10-31,1324.46,2501.64
900616,2024-10-31,1065.01,1189.95
900625,2024-10-31,2426.8,6199.49
900634,2024-10-31,2002.81,1002.25
900661,2024-10-31,1227.09,1417.26
900686,2024-10-31,444.64,272.91
900694,2024-10-31,213.89,956.12
900701,2024-10-31,3936.0,1936.27
900715,2024-10-31,2809.14,1079.62
900739,2024-10-31,2862.52,1077.39
900742,2024-10-31,3214.3,4463.03
900750,2024-10-31,2828.29,2911.91
900754,2024-10-31,1872.82,5992.49
900767,2024-10-31,754.74,2501.05
900774,2024-10-31,146.86,325.3
900777,2024-10-31,2144.68,4564.95
900786,2024-10-31,148.95,688.28
900808,2024-10-31,2341.01,895.19
900827,2024-10-31,1363.2,559.08
900828,2024-10-31,750.89,3898.5
900840,2024-10-31,2890.48,2504.38
900898,2024-10-31,942.48,1956.05
900901,2024-10-31,3832.22,1463.08
900942,2024-10-31,3475.52,1584.59
900958,2024-10-31,1860.73,4316.4
900961,2024-10-31,3269.63,3088.38
900965,2024-10-31,2613.04,2815.33
900966,2024-10-31,901.73,3071.35
900991,2024-10-31,781.03,3120.34
901000,2024-10-31,482.85,602.0
901002,2024-10-31,538.75,1392.2
901022,2024-10-31,4531.43,4772.54
901031,2024-10-31,1515.47,1680.16
901042,2024-10-31,1315.98,3405.29
901044,2024-10-31,1957.73,4534.05
901091,2024-10-31,1321.74,5169.57
901107,2024-10-31,2055.67,2659.05
901119,2024-10-31,1775.24,1213.5
901141,2024-10-31,777.57,1750.15
901179,2024-10-31,4791.28,1614.72
901193,2024-10-31,705.6,360.92
901244,2024-10-31,2255.83,6030.95
901245,2024-10-31,1119.89,1224.26
901280,2024-10-31,3939.15,2547.78
901293,2024-10-31,225.04,1055.93
901294,2024-10-31,2511.49,3347.38
901297,2024-10-31,2121.68,8720.37
901342,2024-10-31,542.23,1815.92
901344,2024-10-31,2852.39,1312.89
901353,2024-10-31,1926.42,1116.17
901372,2024-10-31,752.15,760.29
901431,2024-10-31,1694.75,4848.12
901434,2024-10-31,4354.34,1627.9
901463,2024-10-31,1858.27,4889.24
901464,2024-10-31,5191.84,2213.17
901471,2024-10-31,2123.11,2708.13
901474,2024-10-31,1868.57,5781.68
901478,2024-10-31,1903.41,3492.69
901482,2024-10-31,2240.53,6764.45
901504,2024-10-31,2053.88,1518.08
901567,2024-10-31,1173.84,2968.69
901607,2024-10-31,450.7,376.25
901630,2024-10-31,1838.62,1623.64
901632,2024-10-31,3772.84,1113.49
901645,2024-10-31,717.98,2292.72
901663,2024-10-31,267.02,686.83
901691,2024-10-31,3099.05,7358.19
901695,2024-10-31,2822.61,6746.92
901728,2024-10-31,1951.61,5924.86
901732,2024-10-31,2108.81,5733.49
901744,2024-10-31,3106.87,3575.18
901759,2024-10-31,1288.52,2900.9
901785,2024-10-31,884.0,1110.22
901786,2024-10-31,1668.77,4188.2
901807,2024-10-31,3793.92,3838.79
901840,2024-10-31,5231.77,3131.49
901869,2024-10-31,4060.03,975.67
901881,2024-10-31,1914.7,4658.5
901952,2024-10-31,1725.73,439.35
901967,2024-10-31,1888.55,7639.87
901972,2024-10-31,1388.59,5410.55
901984,2024-10-31,878.33,688.74
902029,2024-10-31,2062.8,6240.3
902042,2024-10-31,2089.53,7981.56
902072,2024-10-31,2695.39,1353.24
902100,2024-10-31,1037.08,3378.94
902106,2024-10-31,3215.13,1901.76
902127,2024-10-31,1632.46,1539.47
902141,2024-10-31,405.46,453.09
902193,2024-10-31,3369.21,1492.67
902218,2024-10-31,2375.18,5212.18
902240,2024-10-31,988.13,2459.15
902251,2024-10-31,200.94,1312.76
902263,2024-10-31,347.14,697.96
902284,2024-10-31,3008.47,3141.87
902289,2024-10-31,3841.53,3458.71
902301,2024-10-31,415.44,190.16
902314,2024-10-31,222.57,918.19
902341,2024-10-31,2852.46,2200.05
902364,2024-10-31,1791.93,4311.15
902380,2024-10-31,590.8,249.69
902389,2024-10-31,308.26,872.84
902402,2024-10-31,322.52,103.17
902425,2024-10-31,992.13,1731.68
902428,2024-10-31,2624.05,1143.39
902431,2024-10-31,4015.72,1900.78
902437,2024-10-31,430.65,1748.37
902446,2024-10-31,3192.52,1990.13
902461,2024-10-31,921.63,2520.99
902465,2024-10-31,796.6,3230.98
902482,2024-10-31,1956.59,927.89
902488,2024-10-31,4022.65,3681.63
902490,2024-10-31,1103.61,6047.26
902493,2024-10-31,1955.61,5499.64
902511,2024-10-31,1745.73,3013.36
902532,2024-10-31,460.61,1552.2
902560,2024-10-31,1213.37,4820.11
902643,2024-10-31,298.08,1210.69
902644,2024-10-31,2822.79,2411.18
902649,2024-10-31,1542.7,4345.91
902654,2024-10-31,3095.44,1344.33
902673,2024-10-31,2810.01,4302.03
902704,2024-10-31,1512.93,6934.91
902712,2024-10-31,1702.91,5025.97
902729,2024-10-31,953.21,481.53
902731,2024-10-31,4545.86,4187.05
902751,2024-10-31,3639.06,4249.11
902774,2024-10-31,3033.09,6379.55
902776,2024-10-31,3186.04,3383.88
902791,2024-10-31,2061.19,2204.49
902805,2024-10-31,443.99,1149.84
902807,2024-10-31,1396.48,8173.97
902825,2024-10-31,179.33,445.4
902832,2024-10-31,2832.87,4919.98
902956,2024-10-31,1630.29,2695.93
902958,2024-10-31,2024.14,9277.92
902966,2024-10-31,1390.91,886.0
902975,2024-10-31,2773.36,1848.2
903075,2024-10-31,260.02,785.3
903084,2024-10-31,6174.63,1591.89
903115,2024-10-31,3617.25,1584.96
903154,2024-10-31,222.42,326.67
903184,2024-10-31,1248.36,2291.09
903229,2024-10-31,4056.3,2027.38
903230,2024-10-31,1387.06,5411.13
903232,2024-10-31,2424.45,1031.45
903240,2024-10-31,2370.11,8070.76
903261,2024-10-31,3361.53,1904.88
903275,2024-10-31,578.23,523.49
903368,2024-10-31,337.74,1336.75
903403,2024-10-31,276.04,1044.64
903420,2024-10-31,3733.6,2279.62
903430,2024-10-31,471.28,2492.53
903439,2024-10-31,4261.34,2551.28
903461,2024-10-31,627.12,2982.74
903463,2024-10-31,1089.73,690.94
903521,2024-10-31,996.63,1439.54
903566,2024-10-31,212.66,780.94
903579,2024-10-31,1562.21,5300.41
903598,2024-10-31,566.36,1912.94
903608,2024-10-31,2642.02,735.02
903627,2024-10-31,421.7,1322.52
903643,2024-10-31,2075.31,7285.07
903648,2024-10-31,2330.33,6552.96
903684,2024-10-31,422.18,1888.75
903709,2024-10-31,4529.48,1797.99
903713,2024-10-31,233.38,305.0
903764,2024-10-31,1643.67,4027.09
903771,2024-10-31,4537.86,4619.92
903785,2024-10-31,2651.29,2010.76
903796,2024-10-31,727.77,1900.35
903810,2024-10-31,2485.38,3826.15
903811,2024-10-31,356.86,1138.36
903816,2024-10-31,706.01,2465.76
903847,2024-10-31,4210.62,2935.84
903868,2024-10-31,4659.27,3133.28
903872,2024-10-31,1208.96,5807.04
903881,2024-10-31,1582.12,6334.55
903912,2024-10-31,1287.77,7005.77
903953,2024-10-31,335.14,314.67
904006,2024-10-31,603.87,2160.73
904015,2024-10-31,308.05,865.92
904022,2024-10-31,2126.12,1622.66
904039,2024-10-31,1994.83,7498.59
904084,2024-10-31,3308.65,1566.83
904108,2024-10-31,493.87,798.37
904140,2024-10-31,2462.97,2902.11
904149,2024-10-31,2105.79,5981.73
904158,2024-10-31,623.54,1940.74
904176,2024-10-31,2039.35,5931.4
904189,2024-10-31,1910.45,2453.14
904226,2024-10-31,1353.52,3919.99
904236,2024-10-31,5598.11,2458.1
904254,2024-10-31,1152.59,6921.97
904303,2024-10-31,3499.39,2743.16
904327,2024-10-31,4625.2,3501.55
904335,2024-10-31,1037.74,3161.35
904349,2024-10-31,4620.2,4177.09
904357,2024-10-31,1084.37,4991.23
904386,2024-10-31,2893.25,5235.04
904392,2024-10-31,1246.51,3568.45
904394,2024-10-31,1557.58,7234.97
904397,2024-10-31,969.94,2851.83
904436,2024-10-31,2339.28,1411.38
904440,2024-10-31,1347.93,2796.56
904446,2024-10-31,3835.53,2446.78
904450,2024-10-31,264.49,1135.94
904452,2024-10-31,915.97,4665.43
904453,2024-10-31,247.34,288.53
904460,2024-10-31,4673.39,1742.69
904487,2024-10-31,2394.58,2865.48
904491,2024-10-31,626.82,2429.69
904528,2024-10-31,2294.73,1622.47
904575,2024-10-31,419.28,2097.73
904576,2024-10-31,1487.93,378.22
904611,2024-10-31,1473.77,1011.74
904647,2024-10-31,1978.64,4913.07
904655,2024-10-31,1521.21,850.19
904682,2024-10-31,412.32,2024.01
904685,2024-10-31,169.7,255.74
904716,2024-10-31,275.98,478.21
904718,2024-10-31,2138.87,5232.02
904726,2024-10-31,2214.87,5873.02
904740,2024-10-31,1908.13,6617.13
904748,2024-10-31,5632.39,2384.51
904791,2024-10-31,581.21,240.67
904794,2024-10-31,1405.36,481.55
904839,2024-10-31,1446.22,2324.15
904841,2024-10-31,478.19,304.04
904851,2024-10-31,2477.71,1791.03
904852,2024-10-31,3372.59,8752.47
904862,2024-10-31,3758.36,2707.07
904876,2024-10-31,441.93,526.69
904917,2024-10-31,681.57,2922.7
904934,2024-10-31,2394.36,2878.46
904968,2024-10-31,4979.63,2536.02
904976,2024-10-31,1879.55,3686.78
905012,2024-10-31,1624.14,4864.48
905036,2024-10-31,852.64,4468.85
905054,2024-10-31,1770.51,8167.9
905058,2024-10-31,667.71,2031.48
905060,2024-10-31,2591.11,4698.5
905093,2024-10-31,357.13,1413.17
905115,2024-10-31,1116.09,5408.74
905124,2024-10-31,6087.76,3194.39
905133,2024-10-31,1138.38,821.08
905140,2024-10-31,2488.99,8616.59
905152,2024-10-31,1120.67,1315.68
905170,2024-10-31,1340.29,1638.1
905190,2024-10-31,1000.9,361.39
905197,2024-10-31,2402.26,1440.75
905218,2024-10-31,4165.34,1656.32
905233,2024-10-31,2251.96,5207.99
905241,2024-10-31,548.81,1176.08
905267,2024-10-31,3862.18,2357.1
905287,2024-10-31,2450.12,6967.77
905316,2024-10-31,2529.23,5660.33
905334,2024-10-31,978.06,631.64
905345,2024-10-31,784.28,5141.36
905351,2024-10-31,433.78,1685.69
905356,2024-10-31,809.05,2091.96
905362,2024-10-31,3175.77,2812.3
905377,2024-10-31,420.5,1833.66
905382,2024-10-31,2017.26,3549.75
905386,2024-10-31,4098.59,2405.07
905410,2024-10-31,621.41,1480.73
905435,2024-10-31,1069.4,3417.11
905445,2024-10-31,1301.61,744.86
905459,2024-10-31,1936.1,7731.05
905493,2024-10-31,2197.18,6949.73
905504,2024-10-31,2412.8,1687.5
905509,2024-10-31,2165.39,2125.88
905556,2024-10-31,1584.73,4094.28
905570,2024-10-31,1823.89,4429.7
905572,2024-10-31,1922.24,756.34
905610,2024-10-31,408.53,1638.85
905614,2024-10-31,1469.98,5356.75
905669,2024-10-31,1966.43,944.84
905680,2024-10-31,2323.88,1568.54
905683,2024-10-31,253.62,235.18
905700,2024-10-31,2312.86,1516.22
905712,2024-10-31,1239.64,697.46
905719,2024-10-31,1127.56,329.44
905721,2024-10-31,2359.71,8744.55
905737,2024-10-31,2929.94,2728.69
905840,2024-10-31,1857.27,3925.18
905841,2024-10-31,622.96,231.96
905850,2024-10-31,578.02,1387.9
905853,2024-10-31,4246.6,1925.92
905856,2024-10-31,3115.22,1337.65
905857,2024-10-31,2676.18,4950.46
905872,2024-10-31,1939.13,2273.39
905881,2024-10-31,2650.88,1553.02
905896,2024-10-31,618.79,2100.66
905955,2024-10-31,863.88,2155.15
905987,2024-10-31,1129.54,1251.67
906027,2024-10-31,218.48,468.94
906030,2024-10-31,4063.21,1891.05
906048,2024-10-31,2560.82,2913.17
906058,2024-10-31,317.4,307.98
906075,2024-10-31,1854.88,7565.65
906107,2024-10-31,570.62,2272.87
906114,2024-10-31,449.99,325.36
906115,2024-10-31,1588.96,1502.31
906123,2024-10-31,2515.84,2079.39
906132,2024-10-31,1553.35,654.59
906156,2024-10-31,2893.44,1391.01
906186,2024-10-31,947.35,4544.51
906187,2024-10-31,2376.74,5999.14
906228,2024-10-31,1512.64,3967.71
906231,2024-10-31,1836.98,4955.72
906258,2024-10-31,1717.67,5373.19
906283,2024-10-31,2040.88,3531.14
906285,2024-10-31,891.12,4278.99
906289,2024-10-31,2429.68,7423.84
906292,2024-10-31,1063.89,6146.7
906312,2024-10-31,422.37,2958.78
906330,2024-10-31,2096.37,8398.07
906340,2024-10-31,362.86,96.84
906350,2024-10-31,3291.41,1508.6
906368,2024-10-31,292.86,1112.99
906379,2024-10-31,2667.44,9639.84
906438,2024-10-31,3524.73,1482.47
906465,2024-10-31,5160.23,1749.99
906468,2024-10-31,4423.12,1567.13
906485,2024-10-31,2458.12,1138.23
906501,2024-10-31,842.79,3478.2
906506,2024-10-31,1001.59,3463.53
906542,2024-10-31,2336.36,6436.91
906560,2024-10-31,2796.06,2355.19
906582,2024-10-31,2643.46,4972.27
906620,2024-10-31,468.66,1584.99
906632,2024-10-31,3123.64,3776.92
906651,2024-10-31,1519.23,6772.58
906663,2024-10-31,1542.0,2130.58
906673,2024-10-31,849.53,4400.22
906711,2024-10-31,2186.47,1099.14
906718,2024-10-31,1717.2,3725.59
906740,2024-10-31,3274.89,3772.27
906759,2024-10-31,1616.28,1021.68
906760,2024-10-31,2764.83,5340.89
906765,2024-10-31,1845.13,3754.82
906821,2024-10-31,456.26,223.55
906834,2024-10-31,2765.97,2361.12
906837,2024-10-31,185.23,1077.01
906866,2024-10-31,1515.11,3002.97
906880,2024-10-31,396.07,2185.08
906937,2024-10-31,2023.54,2325.46
906947,2024-10-31,3759.71,1777.27
906979,2024-10-31,3253.11,2772.64
906990,2024-10-31,3782.87,3315.66
907024,2024-10-31,4321.29,1926.7
907054,2024-10-31,5516.42,2823.8
907057,2024-10-31,1389.24,1256.75
907072,2024-10-31,2403.19,1613.85
907079,2024-10-31,1408.17,6186.92
907082,2024-10-31,2589.84,2849.52
907085,2024-10-31,5758.67,2607.15
907111,2024-10-31,798.12,2983.01
907116,2024-10-31,887.54,6469.53
907124,2024-10-31,251.97,111.48
907155,2024-10-31,2017.59,4667.62
907166,2024-10-31,4126.47,2071.25
907167,2024-10-31,4330.84,1620.09
907169,2024-10-31,3210.14,1483.65
907182,2024-10-31,2120.8,833.12
907187,2024-10-31,3282.37,7592.14
907200,2024-10-31,2307.41,609.45
907212,2024-10-31,1243.28,2375.93
907232,2024-10-31,451.25,1343.19
907254,2024-10-31,345.24,1839.62
907256,2024-10-31,2205.59,6030.53
907261,2024-10-31,319.59,1157.96
907262,2024-10-31,2440.0,2496.08
907295,2024-10-31,1940.13,3011.68
907319,2024-10-31,3735.07,1208.76
907328,2024-10-31,4839.42,3518.81
907331,2024-10-31,305.67,1672.24
907339,2024-10-31,2789.54,2789.55
907352,2024-10-31,1401.93,5128.95
907371,2024-10-31,794.62,1523.0
907376,2024-10-31,1182.0,2622.97
907388,2024-10-31,953.4,2687.54
907391,2024-10-31,1622.61,3741.45
907406,2024-10-31,1303.92,1703.84
907412,2024-10-31,1224.47,308.47
907422,2024-10-31,219.14,311.92
907426,2024-10-31,2426.35,2786.11
907429,2024-10-31,4502.55,3934.94
907443,2024-10-31,746.21,670.53
907444,2024-10-31,711.87,2063.55
907451,2024-10-31,445.29,1649.6
907460,2024-10-31,1561.66,7228.9
907485,2024-10-31,2016.37,6288.51
907505,2024-10-31,3315.45,1871.96
907508,2024-10-31,1463.54,4127.32
907537,2024-10-31,4837.74,3062.26
907556,2024-10-31,2269.26,4509.22
907566,2024-10-31,4091.97,1343.99
907571,2024-10-31,1499.51,1079.73
907575,2024-10-31,564.45,2266.4
907591,2024-10-31,1105.48,3507.6
907593,2024-10-31,3424.21,2712.97
907608,2024-10-31,1098.79,1841.65
907636,2024-10-31,1215.94,4600.85
907642,2024-10-31,1342.38,2549.24
907654,2024-10-31,608.88,1601.17
907674,2024-10-31,341.59,1276.22
907677,2024-10-31,5340.15,2836.81
907696,2024-10-31,608.17,498.1
907720,2024-10-31,1788.66,4229.76
907733,2024-10-31,964.59,3711.54
907735,2024-10-31,1885.03,5664.48
907736,2024-10-31,3717.01,1495.67
907752,2024-10-31,3206.49,1314.53
907754,2024-10-31,3478.78,2082.41
907755,2024-10-31,1751.14,6035.68
907758,2024-10-31,3730.15,1470.88
907761,2024-10-31,4510.77,4469.77
907774,2024-10-31,2114.79,4526.03
907782,2024-10-31,1923.26,1512.28
907800,2024-10-31,442.49,1193.67
907844,2024-10-31,914.3,976.78
907849,2024-10-31,1145.21,2702.85
907877,2024-10-31,866.65,2644.56
907879,2024-10-31,2537.38,7012.1
907915,2024-10-31,3218.31,3150.19
907950,2024-10-31,320.91,1152.18
907964,2024-10-31,1144.82,3095.36
907983,2024-10-31,2524.34,6379.03
907991,2024-10-31,931.07,2839.24
908004,2024-10-31,3133.84,881.69
908038,2024-10-31,3515.93,2648.39
908061,2024-10-31,1031.79,5221.94
908084,2024-10-31,1802.3,6184.02
908105,2024-10-31,3928.29,2109.44
908106,2024-10-31,474.41,867.85
908154,2024-10-31,2709.16,3602.9
908177,2024-10-31,1311.99,4494.07
908180,2024-10-31,2854.88,2681.99
908187,2024-10-31,205.05,804.67
908188,2024-10-31,2358.46,6626.68
908219,2024-10-31,2259.46,2661.98
908228,2024-10-31,2013.94,5824.16
908232,2024-10-31,2190.72,6612.91
908242,2024-10-31,1051.37,5309.63
908246,2024-10-31,2432.31,4806.81
908266,2024-10-31,3417.16,2342.22
908275,2024-10-31,777.08,1781.68
908291,2024-10-31,2440.34,2327.27
908383,2024-10-31,4529.49,1705.9
908392,2024-10-31,4054.91,1900.0
908428,2024-10-31,270.15,460.54
908449,2024-10-31,2608.19,4145.55
908482,2024-10-31,1998.07,4766.27
908501,2024-10-31,1826.87,1006.73
908521,2024-10-31,1721.08,6520.38
908580,2024-10-31,2645.4,3933.49
908607,2024-10-31,1388.15,617.57
908609,2024-10-31,1003.94,4666.46
908620,2024-10-31,4213.49,2569.73
908628,2024-10-31,498.14,953.29
908645,2024-10-31,4640.07,2532.25
908653,2024-10-31,1012.43,327.65
908661,2024-10-31,560.56,249.21
908665,2024-10-31,244.75,961.39
908677,2024-10-31,2331.39,5488.81
908681,2024-10-31,1080.56,5367.72
908691,2024-10-31,725.26,1682.81
908693,2024-10-31,4036.9,1485.18
908727,2024-10-31,1697.35,1383.71
908746,2024-10-31,2155.01,1476.67
908785,2024-10-31,1791.26,7366.31
908826,2024-10-31,516.95,464.45
908860,2024-10-31,551.98,972.44
908886,2024-10-31,5722.08,2778.6
908983,2024-10-31,2881.4,2176.07
900042,2024-11-30,3227.15,3598.57
900056,2024-11-30,3064.92,1587.47
900085,2024-11-30,2234.61,4754.83
900098,2024-11-30,524.97,2170.52
900103,2024-11-30,2544.54,1724.11
900131,2024-11-30,1161.51,7986.76
900136,2024-11-30,246.8,1121.91
900145,2024-11-30,851.1,2732.97
900159,2024-11-30,3975.78,1017.45
900214,2024-11-30,654.79,403.93
900232,2024-11-30,2902.78,2126.22
900260,2024-11-30,5847.96,2846.44
900263,2024-11-30,949.11,555.39
900270,2024-11-30,1964.36,3927.18
900302,2024-11-30,1020.74,7115.42
900306,2024-11-30,1048.81,1902.71
900322,2024-11-30,341.71,1149.63
900329,2024-11-30,1111.13,3028.56
900348,2024-11-30,833.66,577.41
900355,2024-11-30,1052.45,555.7
900401,2024-11-30,1286.69,750.61
900417,2024-11-30,1040.32,4678.44
900419,2024-11-30,4313.36,3259.57
900433,2024-11-30,3792.22,2571.3
900446,2024-11-30,790.82,3601.21
900455,2024-11-30,1684.92,1942.29
900599,2024-11-30,183.35,782.92
900634,2024-11-30,2948.51,1457.3
900640,2024-11-30,541.34,2275.1
900652,2024-11-30,1860.24,8330.19
900661,2024-11-30,3607.35,2175.77
900668,2024-11-30,446.67,187.59
900680,2024-11-30,3192.2,3646.92
900683,2024-11-30,1313.02,3456.5
900701,2024-11-30,2352.36,1014.97
900710,2024-11-30,766.39,3689.08
900715,2024-11-30,1227.72,451.66
900743,2024-11-30,316.58,1580.96
900750,2024-11-30,2306.55,2122.28
900754,2024-11-30,1589.76,5688.44
900757,2024-11-30,3244.55,1472.13
900777,2024-11-30,242.94,881.82
900786,2024-11-30,251.77,926.36
900804,2024-11-30,2552.24,7607.96
900814,2024-11-30,3283.69,1580.86
900825,2024-11-30,2210.95,982.62
900827,2024-11-30,1569.17,646.16
900840,2024-11-30,2058.73,2808.65
900853,2024-11-30,895.16,404.57
900898,2024-11-30,1232.01,3079.67
900919,2024-11-30,2397.25,2944.6
900932,2024-11-30,1599.92,4950.88
900958,2024-11-30,1553.22,3385.96
900966,2024-11-30,642.58,2926.75
900991,2024-11-30,627.35,2969.85
900993,2024-11-30,1371.24,5139.16
901002,2024-11-30,2627.41,6903.16
901022,2024-11-30,1460.37,1274.86
901023,2024-11-30,779.88,2943.11
901030,2024-11-30,183.57,974.64
901031,2024-11-30,4037.39,3855.05
901042,2024-11-30,335.6,594.3
901044,2024-11-30,2526.32,7029.46
901084,2024-11-30,180.39,581.78
901092,2024-11-30,3099.45,2528.25
901099,2024-11-30,908.81,5213.4
901119,2024-11-30,1990.9,2808.59
901156,2024-11-30,3236.57,1111.91
901169,2024-11-30,5301.32,1479.54
901193,2024-11-30,6382.8,2491.03
901228,2024-11-30,480.44,1173.19
901244,2024-11-30,1915.36,8236.67
901269,2024-11-30,3193.58,924.38
901294,2024-11-30,4281.91,3040.56
901297,2024-11-30,1205.76,4407.92
901304,2024-11-30,5474.86,3071.74
901344,2024-11-30,1505.75,766.73
901353,2024-11-30,2022.28,1311.91
901361,2024-11-30,1134.45,2573.55
901363,2024-11-30,2695.53,6401.15
901383,2024-11-30,2896.5,1357.12
901429,2024-11-30,1271.53,581.32
901431,2024-11-30,1668.12,5094.14
901434,2024-11-30,5040.37,2382.91
901445,2024-11-30,1809.33,6423.84
901464,2024-11-30,3297.9,1079.12
901471,2024-11-30,2107.01,1425.93
901474,2024-11-30,3027.71,7146.72
901478,2024-11-30,4141.93,2839.01
901482,2024-11-30,2315.58,6611.74
901490,2024-11-30,1561.76,5667.03
901509,2024-11-30,2321.78,6199.48
901558,2024-11-30,463.1,2383.56
901614,2024-11-30,543.77,788.76
901621,2024-11-30,1902.17,865.28
901623,2024-11-30,448.61,355.89
901632,2024-11-30,3645.73,1033.13
901645,2024-11-30,2351.06,5896.73
901647,2024-11-30,1363.61,1401.82
901681,2024-11-30,1516.57,6415.34
901695,2024-11-30,1494.14,4042.21
901744,2024-11-30,3319.65,2661.89
901783,2024-11-30,1629.54,5760.25
901785,2024-11-30,2017.81,2499.18
901786,2024-11-30,1017.81,3364.3
901794,2024-11-30,3526.28,1061.85
901807,2024-11-30,3151.33,3403.11
901808,2024-11-30,2386.8,909.97
901816,2024-11-30,3776.5,2702.94
901837,2024-11-30,2662.01,1220.86
901860,2024-11-30,2082.13,5614.32
901869,2024-11-30,3468.85,1663.67
901877,2024-11-30,2771.69,1955.61
901903,2024-11-30,387.45,140.25
901913,2024-11-30,529.74,1279.17
901952,2024-11-30,4393.75,2164.39
901959,2024-11-30,2482.04,6858.35
901966,2024-11-30,2307.36,6892.3
901967,2024-11-30,939.16,5959.0
901977,2024-11-30,2386.47,5371.29
902000,2024-11-30,1580.45,913.18
902011,2024-11-30,3092.31,1185.53
902029,2024-11-30,2262.53,4385.18
902072,2024-11-30,3375.94,2614.98
902091,2024-11-30,4905.51,2537.01
902100,2024-11-30,1900.24,5836.26
902114,2024-11-30,666.38,766.34
902141,2024-11-30,2004.89,2438.46
902180,2024-11-30,1338.11,4545.61
902193,2024-11-30,3038.01,2222.51
902213,2024-11-30,1129.2,6659.62
902218,2024-11-30,1837.61,4012.42
902240,2024-11-30,482.2,1621.73
902246,2024-11-30,1073.23,6570.29
902263,2024-11-30,1245.53,5013.8
902301,2024-11-30,3031.09,1144.59
902314,2024-11-30,653.93,2149.57
902316,2024-11-30,4241.94,4053.24
902364,2024-11-30,2955.5,4992.87
902380,2024-11-30,2085.44,988.8
902395,2024-11-30,804.08,2150.43
902402,2024-11-30,869.92,526.05
902428,2024-11-30,2661.95,1494.49
902431,2024-11-30,2618.14,1049.68
902461,2024-11-30,1029.78,6322.3
902465,2024-11-30,371.9,1472.07
902482,2024-11-30,915.15,247.92
902493,2024-11-30,267.76,1832.5
902532,2024-11-30,370.98,1066.18
902548,2024-11-30,1416.36,3199.84
902555,2024-11-30,2661.59,1562.58
902569,2024-11-30,1402.16,3307.7
902649,2024-11-30,3011.75,4777.05
902654,2024-11-30,5857.72,2900.83
902697,2024-11-30,871.75,2615.73
902704,2024-11-30,2075.74,9342.23
902727,2024-11-30,369.8,353.22
902731,2024-11-30,1396.41,1155.57
902776,2024-11-30,260.66,269.65
902788,2024-11-30,4516.01,1583.82
902791,2024-11-30,1257.19,828.9
902805,2024-11-30,875.21,2275.71
902825,2024-11-30,1429.39,2712.23
902832,2024-11-30,857.67,5695.37
902858,2024-11-30,3241.79,1898.69
902886,2024-11-30,1788.68,980.29
902910,2024-11-30,2977.17,8851.42
902913,2024-11-30,264.54,923.27
902922,2024-11-30,539.14,1207.45
902966,2024-11-30,2272.22,2977.84
902969,2024-11-30,1002.18,3365.27
902975,2024-11-30,3980.92,1387.27
902981,2024-11-30,470.41,1579.68
903007,2024-11-30,4441.41,3282.64
903018,2024-11-30,1629.77,5844.68
903020,2024-11-30,2341.5,2122.42
903084,2024-11-30,3391.81,1750.22
903103,2024-11-30,1557.27,1539.14
903104,2024-11-30,1898.28,7895.55
903115,2024-11-30,4742.18,2169.62
903154,2024-11-30,1249.58,1649.88
903240,2024-11-30,1870.31,8551.53
903256,2024-11-30,798.31,575.24
903261,2024-11-30,3108.51,2154.39
903266,2024-11-30,1574.31,3420.37
903368,2024-11-30,2208.83,6198.87
903386,2024-11-30,654.8,629.23
903403,2024-11-30,133.78,475.75
903420,2024-11-30,2992.78,2394.84
903430,2024-11-30,1165.52,4917.0
903461,2024-11-30,1067.35,4133.68
903463,2024-11-30,2615.74,2358.1
903485,2024-11-30,2404.81,5665.73
903514,2024-11-30,4710.68,2153.41
903521,2024-11-30,3246.56,3193.53
903566,2024-11-30,2023.79,4491.56
903579,2024-11-30,952.21,3967.36
903580,2024-11-30,624.72,1453.35
903590,2024-11-30,975.3,3321.34
903643,2024-11-30,1542.79,3534.43
903648,2024-11-30,198.38,1048.26
903653,2024-11-30,145.3,386.31
903684,2024-11-30,159.55,835.0
903713,2024-11-30,3750.9,3982.11
903720,2024-11-30,2788.85,2720.41
903723,2024-11-30,3943.11,3804.95
903734,2024-11-30,187.67,899.66
903764,2024-11-30,313.02,739.45
903794,2024-11-30,1293.99,5016.2
903796,2024-11-30,80.02,379.07
903815,2024-11-30,2200.81,2946.17
903816,2024-11-30,1845.15,8230.4
903843,2024-11-30,648.24,1108.8
903868,2024-11-30,2776.77,2356.93
903872,2024-11-30,1501.63,4388.81
903889,2024-11-30,2788.32,3536.7
903912,2024-11-30,576.32,1317.98
903936,2024-11-30,844.4,4829.82
903951,2024-11-30,1300.95,566.29
903994,2024-11-30,955.02,6360.82
904006,2024-11-30,90.47,453.45
904015,2024-11-30,777.67,2814.82
904022,2024-11-30,3649.56,1864.43
904039,2024-11-30,1447.21,6335.15
904081,2024-11-30,1716.73,1999.71
904084,2024-11-30,5673.91,1939.12
904108,2024-11-30,3815.64,4079.98
904151,2024-11-30,1873.1,5061.31
904158,2024-11-30,2011.64,5362.99
904176,2024-11-30,2993.87,6227.18
904189,2024-11-30,2939.91,2615.81
904193,2024-11-30,3185.68,3553.96
904217,2024-11-30,554.96,199.16
904226,2024-11-30,634.34,3036.85
904236,2024-11-30,3528.81,2336.82
904306,2024-11-30,1417.33,1119.26
904327,2024-11-30,1719.61,1425.41
904335,2024-11-30,1161.67,7388.58
904339,2024-11-30,3128.04,2467.02
904349,2024-11-30,1887.25,2132.65
904357,2024-11-30,2580.02,6424.16
904366,2024-11-30,3370.12,2468.19
904386,2024-11-30,1474.85,5828.21
904394,2024-11-30,863.33,2658.0
904445,2024-11-30,2799.89,7640.55
904446,2024-11-30,1684.91,906.81
904452,2024-11-30,1335.64,3356.64
904457,2024-11-30,928.51,2628.51
904478,2024-11-30,653.17,1029.62
904528,2024-11-30,617.36,678.95
904576,2024-11-30,4135.56,1910.3
904645,2024-11-30,602.05,641.23
904647,2024-11-30,1257.91,6887.44
904655,2024-11-30,1034.46,427.7
904680,2024-11-30,1056.21,2001.83
904685,2024-11-30,2619.11,2990.03
904710,2024-11-30,1570.96,4402.29
904716,2024-11-30,281.57,627.63
904718,2024-11-30,635.55,1984.74
904726,2024-11-30,1317.05,9076.84
904740,2024-11-30,249.33,1016.56
904748,2024-11-30,2066.71,854.07
904757,2024-11-30,1152.59,1850.56
904786,2024-11-30,5382.04,3329.1
904791,2024-11-30,2049.71,804.02
904797,2024-11-30,2677.48,4721.08
904839,2024-11-30,2459.66,4097.24
904841,2024-11-30,2992.58,2836.13
904851,2024-11-30,256.88,366.49
904852,2024-11-30,1926.88,6349.16
904873,2024-11-30,1185.15,2971.17
904917,2024-11-30,1522.89,3965.86
904934,2024-11-30,2173.54,2695.78
904968,2024-11-30,5700.23,1789.62
904976,2024-11-30,667.08,2739.8
905012,2024-11-30,968.15,2110.04
905019,2024-11-30,710.84,2150.16
905034,2024-11-30,2494.63,2642.38
905036,2024-11-30,139.79,622.37
905046,2024-11-30,4243.44,3233.59
905054,2024-11-30,176.67,837.31
905058,2024-11-30,1116.5,5194.61
905115,2024-11-30,1955.56,3525.26
905124,2024-11-30,1191.38,581.8
905133,2024-11-30,3072.89,1037.06
905152,2024-11-30,410.61,247.73
905170,2024-11-30,2551.36,3918.86
905190,2024-11-30,3600.12,1861.83
905267,2024-11-30,3280.24,1821.52
905287,2024-11-30,1403.86,3383.73
905300,2024-11-30,2810.66,2799.36
905334,2024-11-30,4070.85,1678.07
905345,2024-11-30,1744.24,4208.19
905351,2024-11-30,165.6,538.03
905356,2024-11-30,2753.48,6474.06
905358,2024-11-30,3326.47,8672.4
905362,2024-11-30,2398.41,2424.7
905374,2024-11-30,6769.27,1747.52
905377,2024-11-30,280.73,830.93
905383,2024-11-30,1003.65,5623.85
905386,2024-11-30,2147.05,1508.55
905455,2024-11-30,534.67,2689.1
905459,2024-11-30,925.61,1772.19
905471,2024-11-30,769.77,762.91
905488,2024-11-30,1624.97,5292.87
905493,2024-11-30,1761.43,7075.01
905533,2024-11-30,4134.16,3760.37
905544,2024-11-30,1731.92,1332.82
905545,2024-11-30,963.92,429.44
905570,2024-11-30,449.04,1438.3
905573,2024-11-30,776.25,5186.02
905592,2024-11-30,1524.12,2730.8
905598,2024-11-30,1616.99,1385.68
905610,2024-11-30,957.9,4044.77
905616,2024-11-30,558.62,1625.65
905630,2024-11-30,173.5,166.9
905659,2024-11-30,241.65,1005.45
905660,2024-11-30,711.91,378.21
905662,2024-11-30,1116.94,3411.65
905663,2024-11-30,312.15,1901.35
905669,2024-11-30,633.32,262.86
905683,2024-11-30,1738.39,2372.6
905689,2024-11-30,1917.96,663.96
905712,2024-11-30,2431.03,800.6
905719,2024-11-30,3743.73,1101.25
905721,2024-11-30,424.34,1976.53
905770,2024-11-30,687.43,795.08
905780,2024-11-30,787.08,5152.99
905788,2024-11-30,1138.2,876.67
905793,2024-11-30,487.31,426.11
905796,2024-11-30,3199.15,1802.34
905817,2024-11-30,3493.13,3210.97
905850,2024-11-30,1893.71,6807.21
905853,2024-11-30,1339.06,612.54
905885,2024-11-30,3194.11,4154.49
905955,2024-11-30,1371.76,2858.75
905977,2024-11-30,1750.16,5951.54
905987,2024-11-30,805.19,857.61
906030,2024-11-30,2232.25,693.92
906044,2024-11-30,773.4,4901.76
906048,2024-11-30,3207.37,4894.37
906058,2024-11-30,4013.33,2963.81
906075,2024-11-30,1628.01,5774.77
906107,2024-11-30,2663.83,6273.55
906115,2024-11-30,2497.74,2175.52
906127,2024-11-30,676.85,2415.0
906132,2024-11-30,4291.43,2526.74
906166,2024-11-30,1637.71,1386.2
906184,2024-11-30,812.53,4078.88
906213,2024-11-30,525.61,389.62
906228,2024-11-30,3040.31,8696.99
906231,2024-11-30,1282.06,2351.8
906258,2024-11-30,1264.92,2486.67
906283,2024-11-30,1083.61,3700.42
906289,2024-11-30,1328.28,3282.96
906312,2024-11-30,667.27,1056.18
906314,2024-11-30,178.51,936.62
906330,2024-11-30,1866.59,4037.39
906368,2024-11-30,222.05,1164.43
906379,2024-11-30,774.59,3286.2
906483,2024-11-30,1016.04,5109.01
906485,2024-11-30,2365.63,1934.35
906500,2024-11-30,2721.56,6516.66
906501,2024-11-30,1880.54,8066.98
906506,2024-11-30,2831.89,6243.95
906507,2024-11-30,4035.5,2106.14
906535,2024-11-30,2055.44,2546.55
906542,2024-11-30,2652.92,8188.86
906559,2024-11-30,978.01,2161.23
906560,2024-11-30,2612.83,1186.18
906561,2024-11-30,1995.95,2070.5
906573,2024-11-30,972.25,6349.96
906582,2024-11-30,759.64,3453.86
906590,2024-11-30,2256.57,8553.22
906620,2024-11-30,763.77,2205.55
906651,2024-11-30,219.83,1183.01
906673,2024-11-30,2316.13,9081.06
906711,2024-11-30,2137.86,1187.33
906718,2024-11-30,754.85,2764.86
906727,2024-11-30,1445.91,1891.55
906760,2024-11-30,1875.66,8276.28
906774,2024-11-30,6888.02,2112.34
906816,2024-11-30,1080.59,4908.93
906819,2024-11-30,250.2,1407.81
906821,2024-11-30,3990.83,2411.5
906834,2024-11-30,3535.18,4704.7
906837,2024-11-30,2282.22,7083.67
906862,2024-11-30,1026.29,3025.52
906928,2024-11-30,4005.94,1711.21
906947,2024-11-30,6612.75,1913.68
906960,2024-11-30,4623.18,2933.47
906973,2024-11-30,767.18,1628.84
906990,2024-11-30,420.39,445.19
906991,2024-11-30,267.5,548.77
907064,2024-11-30,274.79,124.87
907082,2024-11-30,2398.39,2691.05
907122,2024-11-30,2178.73,4438.15
907124,2024-11-30,4461.17,2692.67
907146,2024-11-30,4265.28,1160.6
907155,2024-11-30,503.58,1080.0
907166,2024-11-30,2582.73,1140.92
907199,2024-11-30,2198.67,1479.34
907254,2024-11-30,2452.16,7202.28
907256,2024-11-30,203.85,319.65
907264,2024-11-30,493.31,226.03
907272,2024-11-30,1101.13,5303.67
907295,2024-11-30,1525.15,4427.8
907300,2024-11-30,4030.93,1685.64
907319,2024-11-30,1032.42,628.47
907320,2024-11-30,520.59,296.71
907328,2024-11-30,3225.86,3609.87
907331,2024-11-30,681.37,2050.33
907341,2024-11-30,3413.25,4214.69
907391,2024-11-30,2110.72,5401.08
907394,2024-11-30,3467.49,3351.83
907426,2024-11-30,1364.26,955.15
907429,2024-11-30,776.42,766.23
907443,2024-11-30,4466.11,4196.79
907444,2024-11-30,844.68,4270.62
907460,2024-11-30,3307.96,7157.6
907477,2024-11-30,187.9,508.58
907485,2024-11-30,3358.09,5358.43
907505,2024-11-30,734.94,599.19
907542,2024-11-30,3516.95,2548.59
907566,2024-11-30,2994.22,1448.0
907571,2024-11-30,2164.38,1453.54
907575,2024-11-30,1060.27,2070.47
907591,2024-11-30,322.28,1562.32
907593,2024-11-30,1858.17,883.96
907606,2024-11-30,1008.77,3065.52
907608,2024-11-30,736.44,3267.73
907621,2024-11-30,992.72,5482.35
907630,2024-11-30,1404.94,5052.11
907643,2024-11-30,1419.17,3808.18
907677,2024-11-30,2639.64,1562.33
907678,2024-11-30,4349.3,3266.13
907688,2024-11-30,90.36,431.2
907696,2024-11-30,4744.15,4865.24
907735,2024-11-30,616.14,1492.03
907752,2024-11-30,2797.38,1020.79
907754,2024-11-30,4313.78,2112.83
907755,2024-11-30,1151.06,5578.74
907758,2024-11-30,4144.39,1579.35
907770,2024-11-30,3264.37,915.35
907774,2024-11-30,272.7,994.29
907783,2024-11-30,2454.16,1532.61
907844,2024-11-30,750.47,815.49
907879,2024-11-30,412.22,1231.58
907893,2024-11-30,204.56,569.31
907919,2024-11-30,1816.81,4677.38
907950,2024-11-30,1007.9,5835.88
908004,2024-11-30,2877.8,1455.98
908006,2024-11-30,1097.07,6903.26
908038,2024-11-30,1203.2,1003.98
908039,2024-11-30,250.37,582.09
908061,2024-11-30,1034.6,3804.6
908084,2024-11-30,909.54,2532.0
908103,2024-11-30,2791.52,3478.27
908105,2024-11-30,2503.33,1045.14
908133,2024-11-30,869.61,646.37
908152,2024-11-30,1873.09,2557.12
908154,2024-11-30,2260.14,1969.29
908180,2024-11-30,2844.88,2663.38
908187,2024-11-30,2730.33,6939.68
908188,2024-11-30,322.68,1755.15
908228,2024-11-30,2768.61,6669.77
908232,2024-11-30,1745.61,5093.5
908258,2024-11-30,3266.34,1287.57
908266,2024-11-30,3269.6,2065.91
908294,2024-11-30,1904.25,2531.91
908339,2024-11-30,2634.53,4981.82
908417,2024-11-30,1022.47,374.85
908427,2024-11-30,234.78,837.45
908430,2024-11-30,2190.26,1979.8
908461,2024-11-30,833.89,3326.4
908466,2024-11-30,1115.22,580.39
908482,2024-11-30,1038.49,5548.14
908501,2024-11-30,2054.35,1458.1
908512,2024-11-30,1781.68,4668.46
908567,2024-11-30,2671.72,7031.55
908572,2024-11-30,736.26,4361.66
908589,2024-11-30,446.15,1725.82
908590,2024-11-30,441.49,2066.12
908620,2024-11-30,4497.11,1939.92
908628,2024-11-30,794.99,2617.05
908643,2024-11-30,4058.82,2530.8
908661,2024-11-30,2878.97,1254.92
908665,2024-11-30,252.48,1680.94
908681,2024-11-30,1472.82,4007.59
908691,2024-11-30,2205.15,5071.53
908693,2024-11-30,5400.44,2143.2
908700,2024-11-30,1290.92,3188.12
908718,2024-11-30,2000.03,4867.82
908727,2024-11-30,4282.97,2682.29
908732,2024-11-30,2280.5,2181.81
908746,2024-11-30,1265.76,760.17
908772,2024-11-30,445.54,1317.08
908789,2024-11-30,1614.88,6111.48
908826,2024-11-30,4439.77,4875.4
908834,2024-11-30,870.62,3868.74
908879,2024-11-30,742.93,384.81
908922,2024-11-30,3788.09,1661.46
908926,2024-11-30,890.51,2551.77
908929,2024-11-30,3807.91,3454.81
908983,2024-11-30,2606.6,2653.96
900020,2024-12-31,493.51,2537.34
900024,2024-12-31,570.22,469.14
900030,2024-12-31,821.26,2599.92
900042,2024-12-31,2426.96,2083.74
900076,2024-12-31,1229.85,2977.39
900091,2024-12-31,2539.23,4304.04
900103,2024-12-31,4839.11,2135.27
900136,2024-12-31,1614.48,5085.63
900137,2024-12-31,1636.97,9473.38
900145,2024-12-31,2976.69,6911.25
900156,2024-12-31,3730.61,3739.63
900159,2024-12-31,4244.84,2320.45
900214,2024-12-31,1834.78,3309.89
900232,2024-12-31,2709.13,4802.72
900260,2024-12-31,560.73,310.95
900270,2024-12-31,1746.09,3293.77
900302,2024-12-31,1801.72,4935.34
900322,2024-12-31,1349.73,3832.99
900348,2024-12-31,5048.84,3242.22
900401,2024-12-31,1577.23,861.65
900411,2024-12-31,1565.28,3572.39
900414,2024-12-31,1822.79,4611.8
900419,2024-12-31,2680.98,1236.7
900433,2024-12-31,1712.3,1859.5
900446,2024-12-31,743.53,2935.45
900448,2024-12-31,1711.99,1782.96
900455,2024-12-31,1014.68,1411.98
900518,2024-12-31,1781.36,1361.42
900522,2024-12-31,3664.46,1168.57
900542,2024-12-31,1592.08,2528.19
900589,2024-12-31,1468.24,1542.54
900599,2024-12-31,255.83,626.11
900634,2024-12-31,4139.9,1455.07
900640,2024-12-31,940.39,3193.51
900661,2024-12-31,3068.04,3868.81
900669,2024-12-31,1731.86,5014.78
900683,2024-12-31,139.37,775.55
900710,2024-12-31,1239.03,5822.61
900739,2024-12-31,2628.91,1018.97
900742,2024-12-31,3629.46,2780.39
900743,2024-12-31,648.2,1723.5
900767,2024-12-31,828.39,2706.85
900774,2024-12-31,1946.78,7475.24
900786,2024-12-31,520.24,1907.37
900814,2024-12-31,5511.86,2105.72
900825,2024-12-31,4082.13,1832.21
900827,2024-12-31,476.87,349.18
900828,2024-12-31,3281.6,6578.85
900840,2024-12-31,807.13,910.68
900853,2024-12-31,592.97,142.29
900898,2024-12-31,739.11,2038.4
900901,2024-12-31,2424.37,1787.38
900919,2024-12-31,1158.33,735.2
900932,2024-12-31,671.55,2648.26
900942,2024-12-31,2065.27,1219.13
900953,2024-12-31,6663.45,1947.47
900961,2024-12-31,757.1,773.41
900966,2024-12-31,3165.74,7974.26
900991,2024-12-31,1187.17,4991.7
900993,2024-12-31,304.5,852.6
901000,2024-12-31,602.8,549.1
901002,2024-12-31,1155.31,3755.29
901022,2024-12-31,1448.96,1717.71
901042,2024-12-31,2707.94,5962.82
901091,2024-12-31,1271.12,4276.19
901092,2024-12-31,798.87,840.07
901107,2024-12-31,3663.8,3659.3
901169,2024-12-31,6221.04,1999.09
901179,2024-12-31,1167.29,572.53
901193,2024-12-31,5982.49,1844.1
901244,2024-12-31,983.91,3070.44
901280,2024-12-31,4845.77,1648.05
901293,2024-12-31,2199.02,6134.92
901294,2024-12-31,2936.92,3099.64
901312,2024-12-31,1999.29,776.18
901342,2024-12-31,1235.8,6987.34
901344,2024-12-31,2305.91,1603.41
901353,2024-12-31,2676.8,1883.12
901354,2024-12-31,1231.7,2337.96
901361,2024-12-31,1789.65,3892.34
901372,2024-12-31,3986.35,4157.73
901429,2024-12-31,6006.75,1720.88
901431,2024-12-31,540.61,3276.11
901464,2024-12-31,5508.65,1931.55
901474,2024-12-31,1287.16,3991.33
901490,2024-12-31,290.91,941.3
901504,2024-12-31,383.62,600.1
901537,2024-12-31,1208.76,5233.33
901538,2024-12-31,1255.31,9011.86
901567,2024-12-31,2135.87,6997.23
901589,2024-12-31,2987.46,3240.47
901607,2024-12-31,4508.31,3931.65
901618,2024-12-31,93.14,573.43
901621,2024-12-31,2670.35,1209.76
901647,2024-12-31,2373.5,2751.7
901688,2024-12-31,1257.85,1883.34
901695,2024-12-31,2039.18,6416.75
901732,2024-12-31,140.55,486.13
901759,2024-12-31,1366.7,2755.44
901783,2024-12-31,1126.56,4220.47
901785,2024-12-31,3946.39,3199.38
901794,2024-12-31,3870.58,2951.86
901816,2024-12-31,3089.87,2742.36
901837,2024-12-31,4100.14,1120.74
901840,2024-12-31,2671.41,1043.53
901860,2024-12-31,754.33,1787.97
901869,2024-12-31,1144.47,308.71
901903,2024-12-31,2129.27,989.37
901952,2024-12-31,2079.43,1217.16
901959,2024-12-31,2367.29,6971.08
901960,2024-12-31,1531.42,4171.6
901967,2024-12-31,2198.11,4712.53
901977,2024-12-31,1510.31,7911.24
902000,2024-12-31,274.0,218.51
902011,2024-12-31,1411.91,812.86
902029,2024-12-31,1149.56,5366.1
902045,2024-12-31,1352.79,3947.35
902072,2024-12-31,4780.99,3026.08
902091,2024-12-31,1994.52,1039.09
902106,2024-12-31,3649.43,1920.08
902114,2024-12-31,2814.17,2437.39
902141,2024-12-31,2389.72,1891.84
902180,2024-12-31,1492.52,2895.95
902240,2024-12-31,360.1,1001.66
902246,2024-12-31,298.19,1333.35
902251,2024-12-31,1711.34,5999.7
902263,2024-12-31,501.74,1731.85
902284,2024-12-31,1124.0,1266.06
902289,2024-12-31,1074.52,1456.24
902301,2024-12-31,554.1,303.57
902314,2024-12-31,1267.17,8399.72
902364,2024-12-31,189.08,587.41
902380,2024-12-31,2427.32,1303.23
902389,2024-12-31,948.08,2532.12
902402,2024-12-31,1030.16,693.02
902425,2024-12-31,1976.9,7124.62
902428,2024-12-31,2010.94,795.87
902431,2024-12-31,4231.36,1565.5
902437,2024-12-31,978.46,2377.2
902446,2024-12-31,3018.38,1409.51
902482,2024-12-31,341.81,187.51
902488,2024-12-31,1049.53,1425.6
902490,2024-12-31,1209.48,5530.38
902493,2024-12-31,828.26,4093.4
902526,2024-12-31,2176.13,2126.46
902532,2024-12-31,2615.6,6642.87
902555,2024-12-31,2512.45,4033.62
902629,2024-12-31,1181.2,2602.21
902643,2024-12-31,1065.99,4089.68
902644,2024-12-31,1519.39,1482.95
902650,2024-12-31,1528.35,4193.28
902654,2024-12-31,1244.23,730.72
902697,2024-12-31,865.08,3151.68
902704,2024-12-31,1562.91,8206.12
902727,2024-12-31,2514.3,2503.55
902729,2024-12-31,3940.85,1273.26
902751,2024-12-31,1889.96,1830.12
902775,2024-12-31,3943.29,2860.88
902776,2024-12-31,620.52,925.95
902807,2024-12-31,372.86,1109.99
902825,2024-12-31,754.21,1582.52
902832,2024-12-31,321.62,718.99
902886,2024-12-31,4607.7,2485.66
902910,2024-12-31,1453.98,2664.98
902956,2024-12-31,1760.92,4552.81
902969,2024-12-31,1928.76,6103.69
903007,2024-12-31,3063.77,3790.14
903020,2024-12-31,886.09,830.94
903053,2024-12-31,3544.58,2841.75
903084,2024-12-31,2039.58,788.01
903103,2024-12-31,2269.06,2096.2
903104,2024-12-31,1090.41,5007.31
903122,2024-12-31,1725.53,3484.83
903169,2024-12-31,695.96,624.36
903184,2024-12-31,947.2,2959.97
903229,2024-12-31,2893.59,1055.03
903232,2024-12-31,5288.99,1949.27
903256,2024-12-31,1196.59,1143.79
903275,2024-12-31,2579.6,3153.51
903374,2024-12-31,5000.71,2630.4
903386,2024-12-31,3584.5,2374.92
903403,2024-12-31,1862.34,4629.7
903420,2024-12-31,5802.36,2227.99
903430,2024-12-31,515.73,2058.18
903439,2024-12-31,2656.08,639.84
903461,2024-12-31,658.81,1834.18
903485,2024-12-31,2198.44,6928.2
903512,2024-12-31,908.71,3729.49
903514,2024-12-31,5416.96,1562.95
903566,2024-12-31,368.12,1508.85
903590,2024-12-31,965.87,5323.11
903598,2024-12-31,1996.29,5018.69
903608,2024-12-31,6378.63,1654.9
903616,2024-12-31,217.35,598.3
903643,2024-12-31,1820.65,6441.2
903713,2024-12-31,4353.82,4569.89
903720,2024-12-31,1429.7,2303.54
903723,2024-12-31,4457.24,3739.33
903734,2024-12-31,988.99,3842.74
903785,2024-12-31,3083.35,2768.19
903794,2024-12-31,843.43,4754.91
903796,2024-12-31,409.5,1063.63
903810,2024-12-31,1476.04,4863.18
903811,2024-12-31,1098.58,2767.61
903815,2024-12-31,1599.41,2706.65
903816,2024-12-31,1197.33,7175.14
903843,2024-12-31,1734.61,1509.51
903847,2024-12-31,202.97,334.81
903868,2024-12-31,1481.75,1889.32
903906,2024-12-31,1251.37,6297.75
903912,2024-12-31,1484.26,5215.66
903936,2024-12-31,1313.94,3945.41
903951,2024-12-31,2391.01,1354.71
903953,2024-12-31,2221.72,2875.06
903994,2024-12-31,446.75,1135.07
904006,2024-12-31,1786.86,4911.13
904007,2024-12-31,1171.73,3539.86
904013,2024-12-31,900.42,5239.44
904039,2024-12-31,1005.0,3836.87
904041,2024-12-31,2026.65,5420.79
904081,2024-12-31,898.36,927.5
904108,2024-12-31,1596.56,1733.66
904140,2024-12-31,3481.7,3640.22
904189,2024-12-31,2375.88,4345.46
904193,2024-12-31,2877.75,3138.52
904226,2024-12-31,1040.48,3291.93
904236,2024-12-31,3988.57,1638.98
904237,2024-12-31,1881.21,7580.67
904254,2024-12-31,1616.21,6737.51
904297,2024-12-31,439.88,1046.7
904303,2024-12-31,3515.76,4406.84
904306,2024-12-31,2997.02,3342.79
904335,2024-12-31,286.21,452.01
904336,2024-12-31,357.21,146.74
904339,2024-12-31,1370.6,1888.09
904343,2024-12-31,2663.37,1576.13
904349,2024-12-31,3780.27,3751.16
904366,2024-12-31,1424.25,2236.83
904392,2024-12-31,1173.6,3168.13
904394,2024-12-31,1153.35,2262.45
904397,2024-12-31,308.77,1627.68
904436,2024-12-31,2199.43,1098.15
904450,2024-12-31,622.7,2541.32
904452,2024-12-31,3214.27,7816.19
904453,2024-12-31,2483.09,3187.87
904480,2024-12-31,1761.93,6658.37
904487,2024-12-31,340.37,379.27
904491,2024-12-31,1383.67,3508.17
904575,2024-12-31,374.3,1017.51
904611,2024-12-31,3357.61,3623.57
904652,2024-12-31,294.85,835.71
904655,2024-12-31,1548.42,838.12
904680,2024-12-31,498.76,1865.25
904682,2024-12-31,1197.47,3267.45
904685,2024-12-31,2968.82,3187.03
904718,2024-12-31,1770.1,5745.35
904726,2024-12-31,3159.88,8655.78
904739,2024-12-31,1059.3,6566.42
904740,2024-12-31,581.09,2053.74
904748,2024-12-31,1356.42,648.82
904786,2024-12-31,1973.22,867.76
904791,2024-12-31,2014.2,1092.44
904794,2024-12-31,4242.42,1831.3
904797,2024-12-31,1239.94,6775.32
904829,2024-12-31,2392.69,6531.39
904841,2024-12-31,1878.01,1784.57
904852,2024-12-31,1269.44,2415.18
904862,2024-12-31,1756.99,1846.13
904873,2024-12-31,1565.38,5121.33
904876,2024-12-31,728.12,841.22
904934,2024-12-31,1387.82,1578.97
904954,2024-12-31,2779.92,8801.24
904968,2024-12-31,3903.43,2219.05
904976,2024-12-31,1575.58,7332.08
905019,2024-12-31,278.35,1278.48
905034,2024-12-31,393.34,424.92
905036,2024-12-31,696.78,1337.33
905043,2024-12-31,316.47,232.27
905046,2024-12-31,4926.34,2826.18
905054,2024-12-31,1065.47,6389.39
905060,2024-12-31,3076.4,7592.27
905115,2024-12-31,831.06,2593.99
905133,2024-12-31,1778.23,964.99
905152,2024-12-31,552.06,578.42
905170,2024-12-31,3205.9,2868.61
905180,2024-12-31,1601.54,831.38
905197,2024-12-31,4639.15,1207.61
905218,2024-12-31,5200.64,2317.93
905233,2024-12-31,2301.97,4611.39
905267,2024-12-31,2230.78,1077.15
905287,2024-12-31,1659.35,7276.45
905295,2024-12-31,608.0,1584.9
905300,2024-12-31,1732.55,2194.27
905329,2024-12-31,1674.66,5903.64
905334,2024-12-31,2039.53,794.79
905345,2024-12-31,753.93,1694.73
905351,2024-12-31,729.51,1728.79
905356,2024-12-31,3253.85,5437.22
905362,2024-12-31,796.67,697.86
905377,2024-12-31,1655.24,4201.58
905382,2024-12-31,1408.26,7414.96
905386,2024-12-31,3409.06,1559.07
905397,2024-12-31,4094.58,3459.22
905412,2024-12-31,1084.68,4614.19
905435,2024-12-31,829.65,5375.35
905459,2024-12-31,923.03,2065.53
905464,2024-12-31,1674.74,2882.74
905471,2024-12-31,485.71,343.5
905504,2024-12-31,654.16,690.72
905545,2024-12-31,3455.18,1380.36
905570,2024-12-31,1163.69,3620.53
905572,2024-12-31,3789.37,1341.05
905573,2024-12-31,2195.97,7522.33
905598,2024-12-31,1814.58,2542.24
905614,2024-12-31,2820.32,5987.26
905616,2024-12-31,471.43,1275.56
905628,2024-12-31,397.43,2086.23
905643,2024-12-31,1770.23,1078.5
905659,2024-12-31,650.1,2753.24
905660,2024-12-31,4554.59,1935.52
905662,2024-12-31,1292.06,7644.29
905663,2024-12-31,3229.73,6394.59
905689,2024-12-31,1486.42,908.83
905719,2024-12-31,1714.64,650.43
905721,2024-12-31,1951.15,4278.1
905737,2024-12-31,3858.01,4111.4
905770,2024-12-31,691.41,709.0
905780,2024-12-31,1205.51,3843.7
905788,2024-12-31,378.59,435.33
905817,2024-12-31,214.08,337.14
905840,2024-12-31,270.04,1033.9
905853,2024-12-31,2773.78,1245.59
905857,2024-12-31,897.23,2267.22
905864,2024-12-31,1266.38,693.35
905872,2024-12-31,247.25,226.33
905896,2024-12-31,865.51,2334.08
905909,2024-12-31,2916.48,1299.31
905919,2024-12-31,368.67,969.11
905942,2024-12-31,3272.54,6577.16
905957,2024-12-31,837.8,3471.95
906005,2024-12-31,610.38,1780.29
906027,2024-12-31,1456.8,4435.18
906030,2024-12-31,2507.27,1421.68
906048,2024-12-31,584.48,591.07
906127,2024-12-31,589.46,2463.98
906132,2024-12-31,4580.73,2014.03
906139,2024-12-31,810.81,2538.87
906166,2024-12-31,2958.97,3058.13
906186,2024-12-31,923.42,4120.72
906187,2024-12-31,1247.34,4364.47
906213,2024-12-31,2357.89,2269.3
906258,2024-12-31,2355.37,8728.66
906281,2024-12-31,6450.63,3134.66
906283,2024-12-31,892.91,2336.82
906285,2024-12-31,332.4,821.96
906289,2024-12-31,1486.94,5322.64
906292,2024-12-31,394.18,2041.4
906312,2024-12-31,334.26,1854.39
906314,2024-12-31,902.25,2674.74
906330,2024-12-31,1524.2,7680.89
906350,2024-12-31,3724.43,1387.58
906368,2024-12-31,1301.34,4091.69
906379,2024-12-31,2533.58,6946.62
906435,2024-12-31,2801.64,5481.54
906465,2024-12-31,943.7,496.27
906468,2024-12-31,619.56,273.27
906483,2024-12-31,453.81,2045.84
906500,2024-12-31,1209.96,5979.61
906501,2024-12-31,778.02,2178.98
906506,2024-12-31,1535.36,8151.61
906507,2024-12-31,2322.99,732.37
906535,2024-12-31,2762.42,2547.04
906559,2024-12-31,2068.11,6619.28
906561,2024-12-31,1661.05,1094.65
906582,2024-12-31,3194.12,4913.76
906583,2024-12-31,1196.52,5971.12
906590,2024-12-31,1400.07,5568.21
906611,2024-12-31,849.69,2766.29
906632,2024-12-31,4206.6,3500.27
906704,2024-12-31,2231.25,6245.08
906711,2024-12-31,1488.6,892.83
906716,2024-12-31,2548.09,6261.39
906718,2024-12-31,680.21,4017.26
906739,2024-12-31,2857.54,1538.84
906740,2024-12-31,1789.72,1724.16
906760,2024-12-31,2240.46,7120.79
906862,2024-12-31,1653.73,5615.1
906928,2024-12-31,2372.69,1069.68
906973,2024-12-31,379.85,1197.93
906979,2024-12-31,2015.92,1293.33
906990,2024-12-31,2444.67,1727.46
906991,2024-12-31,1000.73,4209.8
907024,2024-12-31,2238.86,925.27
907057,2024-12-31,1394.93,1450.45
907079,2024-12-31,821.54,3478.22
907092,2024-12-31,1102.6,1970.85
907116,2024-12-31,303.18,1072.08
907119,2024-12-31,1681.81,854.31
907122,2024-12-31,432.38,1368.98
907166,2024-12-31,2534.47,2130.85
907167,2024-12-31,4967.52,2263.19
907169,2024-12-31,3746.52,1804.12
907182,2024-12-31,3441.37,932.98
907187,2024-12-31,957.06,2236.98
907199,2024-12-31,2055.89,2448.5
907237,2024-12-31,190.36,804.79
907251,2024-12-31,1255.65,5343.96
907254,2024-12-31,295.25,1850.81
907262,2024-12-31,3113.34,3278.6
907264,2024-12-31,1222.23,761.38
907272,2024-12-31,1109.01,2828.12
907295,2024-12-31,328.01,1088.0
907317,2024-12-31,1188.54,2451.96
907319,2024-12-31,4306.87,2116.46
907320,2024-12-31,726.06,379.59
907331,2024-12-31,2270.13,8149.29
907341,2024-12-31,302.33,237.13
907352,2024-12-31,1271.78,6118.56
907371,2024-12-31,1721.19,5038.98
907376,2024-12-31,1587.17,5629.26
907391,2024-12-31,854.3,1981.93
907394,2024-12-31,2519.42,3089.88
907412,2024-12-31,5037.96,2750.81
907429,2024-12-31,299.94,317.65
907444,2024-12-31,799.85,2655.79
907451,2024-12-31,2151.57,8635.96
907477,2024-12-31,1203.92,3709.68
907486,2024-12-31,1693.34,5487.56
907505,2024-12-31,3155.45,1393.2
907531,2024-12-31,2890.43,8203.07
907537,2024-12-31,2718.36,2524.69
907542,2024-12-31,3106.87,1219.61
907566,2024-12-31,768.85,221.01
907571,2024-12-31,3942.93,4530.16
907575,2024-12-31,1121.07,4572.27
907593,2024-12-31,5505.18,1529.67
907608,2024-12-31,758.28,2578.96
907621,2024-12-31,2902.58,6472.32
907641,2024-12-31,3191.6,3921.33
907671,2024-12-31,4009.78,1892.01
907673,2024-12-31,4140.66,1822.97
907674,2024-12-31,847.36,3777.15
907677,2024-12-31,1728.31,601.77
907678,2024-12-31,4008.46,2514.7
907684,2024-12-31,1205.15,672.37
907688,2024-12-31,1521.33,4425.82
907696,2024-12-31,857.26,894.74
907720,2024-12-31,432.51,1582.81
907754,2024-12-31,563.47,324.52
907755,2024-12-31,1747.72,3613.92
907759,2024-12-31,166.3,1022.63
907783,2024-12-31,2224.38,2772.89
907800,2024-12-31,1115.3,4581.72
907818,2024-12-31,4231.83,1639.47
907844,2024-12-31,3921.43,4084.06
907849,2024-12-31,1170.71,3948.96
907877,2024-12-31,302.9,1617.2
907878,2024-12-31,303.98,966.73
907879,2024-12-31,3044.47,6725.46
907893,2024-12-31,879.12,4386.43
907915,2024-12-31,2013.44,2431.79
907951,2024-12-31,5214.36,2117.65
907971,2024-12-31,1010.89,1658.57
907983,2024-12-31,1746.32,6952.14
908002,2024-12-31,1738.01,5911.77
908004,2024-12-31,3798.2,2587.69
908017,2024-12-31,2827.89,2881.75
908038,2024-12-31,829.79,1312.6
908039,2024-12-31,1273.78,5965.0
908061,2024-12-31,893.5,2916.51
908092,2024-12-31,906.16,3470.44
908103,2024-12-31,1575.07,2668.38
908105,2024-12-31,1351.76,402.1
908134,2024-12-31,740.98,3768.35
908154,2024-12-31,2692.02,2838.19
908177,2024-12-31,191.15,670.66
908187,2024-12-31,2615.72,4584.23
908228,2024-12-31,1253.85,2499.56
908232,2024-12-31,1422.26,3389.48
908275,2024-12-31,177.83,537.39
908289,2024-12-31,3468.81,1707.11
908353,2024-12-31,393.88,1081.82
908383,2024-12-31,469.99,277.58
908392,2024-12-31,2596.46,839.25
908425,2024-12-31,2938.69,5429.38
908427,2024-12-31,1622.7,4013.18
908428,2024-12-31,615.23,2947.52
908430,2024-12-31,2448.11,1635.5
908449,2024-12-31,241.48,741.61
908461,2024-12-31,1474.14,7304.27
908482,2024-12-31,2481.05,9021.7
908521,2024-12-31,2702.15,6105.78
908557,2024-12-31,2082.07,5372.61
908572,2024-12-31,1300.88,4922.2
908576,2024-12-31,442.07,1638.8
908583,2024-12-31,1489.47,5798.08
908589,2024-12-31,682.33,2588.82
908590,2024-12-31,961.44,2325.38
908607,2024-12-31,2518.99,1673.42
908609,2024-12-31,786.46,1165.77
908620,2024-12-31,1330.17,508.26
908623,2024-12-31,4948.63,2440.71
908628,2024-12-31,2936.9,6864.87
908645,2024-12-31,3186.79,1070.09
908661,2024-12-31,1136.17,675.14
908665,2024-12-31,360.21,2299.42
908681,2024-12-31,1380.26,5787.77
908691,2024-12-31,1553.79,5192.59
908700,2024-12-31,1020.83,1997.95
908727,2024-12-31,2626.7,1938.99
908746,2024-12-31,5931.44,1527.04
908772,2024-12-31,512.22,1707.99
908811,2024-12-31,2544.71,3818.74
908860,2024-12-31,203.82,422.94
908892,2024-12-31,304.36,1049.62
908922,2024-12-31,1688.84,530.59
908926,2024-12-31,1407.26,3410.51
908934,2024-12-31,3221.77,1696.13
908939,2024-12-31,2162.57,3215.17
900024,2025-01-31,2060.87,2031.19
900030,2025-01-31,1565.32,5626.86
900052,2025-01-31,2623.44,7517.99
900056,2025-01-31,4144.86,1561.95
900098,2025-01-31,906.29,1875.4
900103,2025-01-31,3104.4,1816.3
900131,2025-01-31,1651.5,5922.29
900136,2025-01-31,2235.93,7614.73
900137,2025-01-31,838.93,5559.51
900145,2025-01-31,2717.79,7706.15
900156,2025-01-31,2970.59,2968.02
900157,2025-01-31,1727.5,3659.71
900214,2025-01-31,3427.44,3762.71
900232,2025-01-31,2001.0,2031.05
900280,2025-01-31,1448.63,6268.87
900302,2025-01-31,2957.23,8796.41
900322,2025-01-31,1360.13,8107.26
900329,2025-01-31,1300.76,2601.42
900331,2025-01-31,5499.81,2778.98
900355,2025-01-31,2042.2,756.47
900411,2025-01-31,2271.32,6810.12
900417,2025-01-31,1154.29,8360.92
900419,2025-01-31,698.28,182.31
900433,2025-01-31,3000.88,2620.28
900444,2025-01-31,1576.21,3646.8
900448,2025-01-31,2715.27,4044.56
900477,2025-01-31,1912.82,568.95
900518,2025-01-31,305.96,455.37
900522,2025-01-31,347.53,192.16
900582,2025-01-31,1968.56,4098.41
900589,2025-01-31,623.83,506.81
900599,2025-01-31,1029.07,6304.24
900616,2025-01-31,1404.02,1123.0
900634,2025-01-31,4706.68,2433.18
900640,2025-01-31,2345.98,9687.93
900661,2025-01-31,1407.48,2239.41
900668,2025-01-31,1401.14,965.39
900669,2025-01-31,992.22,5090.14
900680,2025-01-31,1479.62,2150.4
900686,2025-01-31,6700.41,3473.72
900694,2025-01-31,1130.65,4418.39
900710,2025-01-31,1678.23,3994.03
900742,2025-01-31,1189.75,1148.12
900743,2025-01-31,3363.34,7755.36
900750,2025-01-31,527.13,616.15
900754,2025-01-31,2637.64,5368.82
900774,2025-01-31,1004.3,3746.94
900778,2025-01-31,2858.09,1183.52
900804,2025-01-31,1315.25,2437.5
900840,2025-01-31,3257.87,2771.89
900853,2025-01-31,4478.3,1850.69
900898,2025-01-31,975.98,4244.93
900901,2025-01-31,2460.04,1613.9
900919,2025-01-31,268.22,329.93
900932,2025-01-31,300.56,1380.71
900961,2025-01-31,2964.48,3806.18
900966,2025-01-31,852.34,3131.93
900985,2025-01-31,1264.23,3578.46
900991,2025-01-31,609.66,4542.1
900993,2025-01-31,408.69,939.01
901002,2025-01-31,1769.62,5772.76
901006,2025-01-31,466.82,3150.41
901023,2025-01-31,2164.71,4740.17
901031,2025-01-31,3161.9,3060.67
901037,2025-01-31,653.74,2382.03
901042,2025-01-31,2760.24,8247.22
901070,2025-01-31,3391.87,5685.34
901084,2025-01-31,3020.02,8885.42
901091,2025-01-31,2260.16,7713.07
901092,2025-01-31,2240.7,2207.59
901107,2025-01-31,2872.04,3090.03
901117,2025-01-31,588.96,1696.26
901141,2025-01-31,1516.05,4712.22
901169,2025-01-31,2827.47,1731.69
901179,2025-01-31,1506.91,688.41
901194,2025-01-31,2210.35,2853.04
901244,2025-01-31,1757.4,5964.01
901245,2025-01-31,270.46,251.52
901251,2025-01-31,628.93,491.5
901269,2025-01-31,2100.97,602.57
901293,2025-01-31,1506.67,6156.1
901294,2025-01-31,2460.27,2713.35
901297,2025-01-31,1893.01,7088.6
901304,2025-01-31,4745.45,2707.57
901312,2025-01-31,1924.91,835.01
901353,2025-01-31,1967.42,844.51
901354,2025-01-31,142.9,448.62
901361,2025-01-31,408.04,1295.82
901363,2025-01-31,1131.93,6320.54
901383,2025-01-31,4356.56,1549.63
901431,2025-01-31,1954.83,7098.79
901434,2025-01-31,5169.09,1606.1
901445,2025-01-31,1340.49,3851.93
901464,2025-01-31,1033.07,485.72
901482,2025-01-31,724.73,2931.88
901490,2025-01-31,1519.35,3017.39
901537,2025-01-31,1373.22,3756.75
901558,2025-01-31,1162.95,3358.33
901567,2025-01-31,2573.06,4470.46
901589,2025-01-31,1273.63,1549.96
901614,2025-01-31,3466.58,2706.34
901621,2025-01-31,4254.33,1635.01
901632,2025-01-31,5036.97,1171.85
901647,2025-01-31,1722.04,1362.33
901663,2025-01-31,658.11,3609.32
901681,2025-01-31,734.36,2470.84
901688,2025-01-31,2222.18,6808.17
901691,2025-01-31,1746.88,6093.87
901695,2025-01-31,3438.49,7230.62
901732,2025-01-31,2208.05,6948.22
901794,2025-01-31,1670.24,504.66
901808,2025-01-31,5253.12,2387.13
901840,2025-01-31,4953.42,3316.44
901903,2025-01-31,1997.45,708.98
901959,2025-01-31,955.35,7201.67
901960,2025-01-31,273.83,502.59
901967,2025-01-31,653.97,2511.9
901984,2025-01-31,921.28,561.16
902011,2025-01-31,2487.5,1319.5
902029,2025-01-31,2585.72,4977.73
902072,2025-01-31,1917.08,1257.41
902106,2025-01-31,1282.4,750.96
902127,2025-01-31,2485.57,1847.93
902141,2025-01-31,2720.47,3054.57
902157,2025-01-31,5053.65,1649.83
902180,2025-01-31,1800.7,5505.42
902193,2025-01-31,2004.55,994.37
902218,2025-01-31,739.05,2719.99
902246,2025-01-31,958.15,2267.67
902263,2025-01-31,870.99,2674.33
902284,2025-01-31,3259.26,3454.74
902301,2025-01-31,762.14,257.09
902313,2025-01-31,4594.69,2735.62
902314,2025-01-31,538.25,2185.72
902316,2025-01-31,956.55,1061.66
902364,2025-01-31,672.85,1701.32
902380,2025-01-31,608.68,171.77
902389,2025-01-31,846.81,3672.52
902395,2025-01-31,2661.44,6505.42
902428,2025-01-31,1950.91,1008.23
902431,2025-01-31,3746.79,1078.04
902437,2025-01-31,1093.81,3496.56
902461,2025-01-31,1768.68,3296.07
902471,2025-01-31,1459.29,714.23
902520,2025-01-31,1438.53,468.28
902526,2025-01-31,1566.44,2194.04
902532,2025-01-31,2148.8,3531.12
902548,2025-01-31,311.59,751.48
902560,2025-01-31,542.17,1532.21
902629,2025-01-31,1013.41,2984.24
902643,2025-01-31,840.47,4726.01
902644,2025-01-31,3223.78,2171.38
902649,2025-01-31,729.7,2422.99
902650,2025-01-31,1413.12,3676.56
902654,2025-01-31,3569.15,852.92
902673,2025-01-31,1276.49,1382.31
902704,2025-01-31,356.22,1072.84
902712,2025-01-31,166.4,504.71
902729,2025-01-31,5457.48,1668.15
902775,2025-01-31,3773.1,3582.11
902788,2025-01-31,1334.98,617.76
902791,2025-01-31,1820.39,2605.62
902808,2025-01-31,2254.43,2834.24
902825,2025-01-31,1000.81,4064.1
902832,2025-01-31,1587.64,3288.97
902886,2025-01-31,5246.07,2000.78
902910,2025-01-31,124.0,589.7
902913,2025-01-31,2203.7,7436.96
902922,2025-01-31,1257.48,5380.42
902958,2025-01-31,1266.92,2415.47
902969,2025-01-31,894.4,4005.9
902975,2025-01-31,948.68,489.24
902981,2025-01-31,182.15,1059.0
902986,2025-01-31,491.38,1388.58
903018,2025-01-31,1840.55,4757.71
903053,2025-01-31,275.95,186.68
903115,2025-01-31,1461.58,1151.42
903122,2025-01-31,1072.98,2978.69
903132,2025-01-31,1749.63,3823.07
903154,2025-01-31,4800.53,4027.94
903169,2025-01-31,829.81,826.15
903229,2025-01-31,2799.95,1559.4
903230,2025-01-31,1100.67,2894.69
903232,2025-01-31,3330.97,2273.11
903240,2025-01-31,1445.1,3424.44
903256,2025-01-31,249.09,196.61
903261,2025-01-31,3851.76,1958.34
903266,2025-01-31,260.53,614.3
903275,2025-01-31,1746.04,2779.42
903368,2025-01-31,1090.18,5879.29
903385,2025-01-31,2801.28,2673.81
903403,2025-01-31,2372.35,8557.71
903430,2025-01-31,896.16,3306.59
903439,2025-01-31,3218.63,1219.88
903461,2025-01-31,1375.1,4520.07
903463,2025-01-31,2167.84,2326.39
903485,2025-01-31,476.0,1459.41
903512,2025-01-31,532.3,1600.52
903536,2025-01-31,1739.76,1232.31
903580,2025-01-31,1107.75,5401.3
903586,2025-01-31,4385.92,4395.84
903590,2025-01-31,933.68,4549.36
903627,2025-01-31,1044.49,4250.62
903648,2025-01-31,506.16,1837.91
903684,2025-01-31,800.92,2839.43
903709,2025-01-31,931.31,417.25
903720,2025-01-31,252.47,306.06
903723,2025-01-31,3079.57,2348.32
903764,2025-01-31,1419.7,5623.24
903771,2025-01-31,1478.67,1471.4
903794,2025-01-31,1056.01,3336.92
903796,2025-01-31,452.84,1772.65
903810,2025-01-31,1213.22,4354.87
903815,2025-01-31,1974.47,2847.85
903816,2025-01-31,726.45,1189.73
903847,2025-01-31,3050.51,3525.62
903881,2025-01-31,313.72,1661.25
903906,2025-01-31,2395.93,6045.88
903936,2025-01-31,907.63,2706.22
903951,2025-01-31,4368.62,1544.62
904006,2025-01-31,1254.43,4242.54
904008,2025-01-31,2355.67,1031.2
904022,2025-01-31,484.64,197.82
904041,2025-01-31,810.73,1746.69
904081,2025-01-31,1388.8,1057.43
904084,2025-01-31,343.57,252.61
904140,2025-01-31,2570.84,1687.93
904176,2025-01-31,494.83,2162.38
904189,2025-01-31,1355.64,890.91
904193,2025-01-31,2423.15,2056.22
904226,2025-01-31,1542.5,3957.56
904237,2025-01-31,626.82,3720.02
904254,2025-01-31,682.54,1591.43
904291,2025-01-31,1671.71,468.67
904297,2025-01-31,1061.4,3323.06
904327,2025-01-31,2182.23,2776.27
904336,2025-01-31,1630.0,908.34
904339,2025-01-31,1938.26,2275.12
904364,2025-01-31,1103.27,691.03
904392,2025-01-31,1667.29,4123.59
904394,2025-01-31,301.27,1529.39
904397,2025-01-31,1003.43,2495.67
904436,2025-01-31,3478.54,2760.78
904446,2025-01-31,2108.26,984.29
904450,2025-01-31,2346.09,8624.24
904452,2025-01-31,1993.02,4838.05
904453,2025-01-31,1028.46,960.56
904478,2025-01-31,3672.4,2820.03
904491,2025-01-31,764.98,2429.95
904528,2025-01-31,1447.8,1648.01
904575,2025-01-31,1414.78,6689.41
904576,2025-01-31,1969.1,614.89
904611,2025-01-31,3714.9,3730.91
904645,2025-01-31,2533.85,2819.15
904652,2025-01-31,1210.34,2809.75
904655,2025-01-31,2641.6,1534.53
904680,2025-01-31,2556.26,7355.16
904710,2025-01-31,712.36,4027.34
904718,2025-01-31,776.99,3183.72
904829,2025-01-31,559.2,1536.33
904841,2025-01-31,4038.76,3601.73
904851,2025-01-31,2585.55,1982.97
904876,2025-01-31,685.19,858.69
904917,2025-01-31,664.06,2817.11
904934,2025-01-31,2096.9,2353.05
904944,2025-01-31,3888.81,2922.85
904954,2025-01-31,429.71,1036.79
904968,2025-01-31,3614.87,1498.0
904976,2025-01-31,1757.72,4998.77
905012,2025-01-31,937.42,2076.42
905019,2025-01-31,2069.83,6512.64
905034,2025-01-31,4505.23,4925.26
905046,2025-01-31,844.9,1088.55
905058,2025-01-31,2069.24,4647.59
905115,2025-01-31,395.27,823.4
905118,2025-01-31,1940.1,1166.64
905124,2025-01-31,1874.86,984.4
905140,2025-01-31,2532.03,7796.85
905170,2025-01-31,3855.18,3989.23
905190,2025-01-31,1860.44,430.86
905233,2025-01-31,759.39,2826.0
905241,2025-01-31,3193.13,6121.85
905247,2025-01-31,133.78,327.47
905287,2025-01-31,516.32,3063.76
905300,2025-01-31,1032.61,679.05
905316,2025-01-31,869.99,1892.93
905318,2025-01-31,1367.35,2085.17
905345,2025-01-31,1888.27,3713.93
905362,2025-01-31,3562.17,2867.49
905374,2025-01-31,3745.13,1212.69
905377,2025-01-31,268.73,1035.44
905382,2025-01-31,537.35,2845.22
905383,2025-01-31,125.49,604.64
905410,2025-01-31,2203.07,4603.49
905412,2025-01-31,1597.7,4938.79
905455,2025-01-31,1816.48,5568.49
905471,2025-01-31,3047.69,4444.66
905488,2025-01-31,324.42,1452.4
905509,2025-01-31,2110.7,2243.72
905545,2025-01-31,6035.21,3065.3
905570,2025-01-31,1495.21,7827.72
905572,2025-01-31,6029.74,1604.28
905573,2025-01-31,2067.0,8232.0
905598,2025-01-31,2447.38,2419.33
905614,2025-01-31,1715.4,3273.93
905616,2025-01-31,1608.36,3913.78
905630,2025-01-31,3578.3,3777.42
905643,2025-01-31,4029.71,2786.23
905659,2025-01-31,530.29,1695.27
905660,2025-01-31,4997.87,2937.26
905663,2025-01-31,1060.47,5282.03
905680,2025-01-31,238.8,119.67
905683,2025-01-31,1664.85,1674.86
905689,2025-01-31,2064.52,1512.53
905700,2025-01-31,2707.75,2129.59
905719,2025-01-31,1582.73,420.25
905737,2025-01-31,960.38,1430.59
905780,2025-01-31,2186.32,5059.71
905788,2025-01-31,1434.69,1468.82
905793,2025-01-31,351.07,480.47
905796,2025-01-31,4974.51,2893.4
905840,2025-01-31,717.21,2842.62
905841,2025-01-31,979.76,399.82
905850,2025-01-31,3339.05,5478.71
905853,2025-01-31,590.25,415.17
905856,2025-01-31,2607.22,856.41
905872,2025-01-31,2150.96,2174.41
905881,2025-01-31,5879.91,1666.43
905885,2025-01-31,2932.07,2064.95
905909,2025-01-31,3498.75,1331.3
905919,2025-01-31,555.47,2564.88
905987,2025-01-31,3866.87,3376.15
906005,2025-01-31,1052.68,4942.19
906030,2025-01-31,6696.23,2393.67
906048,2025-01-31,1537.62,1869.79
906107,2025-01-31,2194.55,5236.35
906114,2025-01-31,3111.21,3305.17
906115,2025-01-31,3126.94,4044.36
906123,2025-01-31,218.66,302.9
906156,2025-01-31,2404.82,1247.4
906166,2025-01-31,1839.42,2664.96
906228,2025-01-31,2063.96,4995.75
906281,2025-01-31,2990.71,1632.77
906285,2025-01-31,2429.37,6321.4
906312,2025-01-31,230.21,1582.41
906314,2025-01-31,279.44,546.83
906330,2025-01-31,1081.76,1923.84
906340,2025-01-31,395.6,197.96
906350,2025-01-31,4739.01,1341.59
906435,2025-01-31,2023.9,3432.18
906468,2025-01-31,4200.81,1559.56
906478,2025-01-31,1422.74,3174.88
906483,2025-01-31,1213.62,3302.95
906485,2025-01-31,2708.47,1879.39
906500,2025-01-31,1274.79,7086.71
906501,2025-01-31,1425.4,4340.3
906506,2025-01-31,1720.1,5575.47
906535,2025-01-31,2434.02,2680.7
906561,2025-01-31,4388.58,3105.92
906573,2025-01-31,983.52,4966.82
906611,2025-01-31,3038.93,5903.59
906651,2025-01-31,1014.41,3295.03
906712,2025-01-31,1578.51,7407.64
906727,2025-01-31,397.84,431.25
906759,2025-01-31,745.94,869.86
906760,2025-01-31,2774.02,6249.01
906765,2025-01-31,1973.03,5176.99
906774,2025-01-31,1990.62,919.01
906816,2025-01-31,1395.78,5416.89
906821,2025-01-31,4506.35,1123.52
906822,2025-01-31,2647.38,8821.1
906834,2025-01-31,1321.9,1898.67
906837,2025-01-31,248.48,1268.56
906928,2025-01-31,1911.32,1450.8
906947,2025-01-31,4325.22,1977.33
906990,2025-01-31,2988.52,2768.93
907001,2025-01-31,1081.34,3466.61
907024,2025-01-31,4075.06,1692.33
907054,2025-01-31,2873.76,1238.23
907082,2025-01-31,1476.23,1959.73
907116,2025-01-31,2229.24,5445.63
907119,2025-01-31,2763.58,1113.8
907122,2025-01-31,2342.04,4909.8
907146,2025-01-31,3645.38,1659.69
907182,2025-01-31,2620.54,1168.41
907199,2025-01-31,3371.92,4495.58
907212,2025-01-31,822.14,4365.41
907237,2025-01-31,904.4,2207.3
907251,2025-01-31,1669.39,4963.9
907256,2025-01-31,377.23,963.63
907261,2025-01-31,1550.96,4408.86
907264,2025-01-31,3682.25,1257.7
907272,2025-01-31,758.71,5920.37
907295,2025-01-31,1280.11,6251.2
907300,2025-01-31,3972.57,2840.69
907319,2025-01-31,5632.25,1902.08
907320,2025-01-31,4230.78,2202.56
907328,2025-01-31,1003.4,938.77
907339,2025-01-31,2809.64,2062.61
907341,2025-01-31,980.99,1222.34
907372,2025-01-31,417.2,375.12
907394,2025-01-31,2906.88,2574.39
907422,2025-01-31,3519.68,2392.65
907426,2025-01-31,2136.32,3176.34
907444,2025-01-31,344.81,1523.73
907451,2025-01-31,2003.92,7704.38
907460,2025-01-31,366.41,874.62
907485,2025-01-31,2691.44,7221.52
907486,2025-01-31,2143.71,4467.57
907505,2025-01-31,4266.8,2649.16
907508,2025-01-31,2078.37,5448.17
907537,2025-01-31,2304.35,3363.09
907542,2025-01-31,2819.08,1059.02
907556,2025-01-31,565.05,1600.25
907566,2025-01-31,3976.92,1619.98
907571,2025-01-31,3164.36,3600.67
907591,2025-01-31,1344.65,3034.92
907596,2025-01-31,2176.65,6894.21
907606,2025-01-31,1160.63,3341.68
907641,2025-01-31,1206.2,808.85
907642,2025-01-31,277.38,625.5
907654,2025-01-31,1568.26,4095.19
907671,2025-01-31,1130.64,725.2
907677,2025-01-31,3634.8,1529.3
907678,2025-01-31,6343.24,1803.73
907684,2025-01-31,1204.8,468.3
907688,2025-01-31,172.84,535.1
907720,2025-01-31,1757.8,6945.83
907727,2025-01-31,2535.68,7008.14
907733,2025-01-31,79.83,323.4
907735,2025-01-31,1515.82,3538.24
907736,2025-01-31,1285.97,464.71
907755,2025-01-31,1529.99,5121.71
907758,2025-01-31,4866.96,2523.78
907759,2025-01-31,1224.69,5564.69
907761,2025-01-31,3560.38,2644.88
907774,2025-01-31,2664.81,8351.95
907800,2025-01-31,2015.92,6446.66
907818,2025-01-31,5496.09,1633.32
907893,2025-01-31,2862.59,9541.68
907915,2025-01-31,3829.33,2537.39
907937,2025-01-31,1541.96,5991.27
907950,2025-01-31,1910.92,6894.44
907951,2025-01-31,3342.44,1549.76
907964,2025-01-31,280.72,789.78
908061,2025-01-31,3012.78,5241.35
908103,2025-01-31,804.35,650.24
908105,2025-01-31,970.95,513.72
908106,2025-01-31,1547.67,6519.1
908133,2025-01-31,2147.12,1250.62
908134,2025-01-31,281.71,944.94
908154,2025-01-31,2902.29,4330.18
908177,2025-01-31,349.53,2459.65
908180,2025-01-31,3519.89,3159.01
908187,2025-01-31,3127.06,6516.92
908188,2025-01-31,353.44,1005.49
908219,2025-01-31,439.8,429.16
908230,2025-01-31,3891.62,2410.52
908242,2025-01-31,336.23,1128.86
908258,2025-01-31,5020.97,2407.49
908266,2025-01-31,3279.86,4331.18
908289,2025-01-31,1659.42,710.23
908294,2025-01-31,1404.93,1215.63
908352,2025-01-31,752.83,424.56
908353,2025-01-31,444.79,1136.98
908360,2025-01-31,398.9,334.48
908383,2025-01-31,4286.73,3349.27
908392,2025-01-31,306.65,135.4
908401,2025-01-31,3251.13,2984.3
908417,2025-01-31,1477.82,639.39
908425,2025-01-31,1433.42,3316.75
908427,2025-01-31,1050.19,3979.94
908428,2025-01-31,75.46,448.74
908449,2025-01-31,635.87,2478.14
908461,2025-01-31,524.63,1313.74
908466,2025-01-31,1935.75,788.9
908501,2025-01-31,1655.99,765.29
908512,2025-01-31,2325.76,4191.39
908539,2025-01-31,968.26,4606.67
908557,2025-01-31,1439.47,5752.29
908572,2025-01-31,700.2,1581.14
908576,2025-01-31,2856.63,6326.48
908580,2025-01-31,1159.48,929.5
908590,2025-01-31,619.61,1853.51
908607,2025-01-31,2744.61,1042.83
908620,2025-01-31,2164.29,914.81
908628,2025-01-31,1386.42,5122.61
908645,2025-01-31,3867.0,1737.11
908661,2025-01-31,1748.8,1270.17
908681,2025-01-31,2928.37,7404.5
908691,2025-01-31,702.68,2531.82
908693,2025-01-31,503.35,232.73
908789,2025-01-31,1960.95,6059.42
908826,2025-01-31,3082.69,3399.96
908834,2025-01-31,2775.83,6117.55
908882,2025-01-31,1032.2,2644.32
908892,2025-01-31,1384.9,4755.37
908922,2025-01-31,2695.75,1340.16
908939,2025-01-31,1999.77,2343.24
900020,2025-02-28,838.91,3821.01
900052,2025-02-28,1449.88,3830.84
900056,2025-02-28,966.24,285.46
900085,2025-02-28,299.66,657.82
900091,2025-02-28,1989.55,5708.12
900098,2025-02-28,2407.77,5145.98
900136,2025-02-28,1127.38,4530.62
900137,2025-02-28,1560.26,5996.34
900145,2025-02-28,2222.74,8450.63
900260,2025-02-28,1530.3,792.66
900263,2025-02-28,982.02,643.89
900270,2025-02-28,2698.47,5277.67
900280,2025-02-28,803.1,3198.07
900302,2025-02-28,1480.57,5574.39
900306,2025-02-28,498.14,3026.29
900322,2025-02-28,1525.88,4157.94
900331,2025-02-28,2587.04,1212.18
900348,2025-02-28,4669.36,2807.27
900355,2025-02-28,1679.71,1471.49
900401,2025-02-28,1054.7,666.85
900411,2025-02-28,1098.43,2138.32
900417,2025-02-28,756.13,2013.97
900433,2025-02-28,2923.65,2581.73
900444,2025-02-28,3159.82,7937.15
900477,2025-02-28,340.74,111.29
900531,2025-02-28,822.0,1811.49
900542,2025-02-28,2067.84,3306.45
900551,2025-02-28,2791.8,6886.53
900616,2025-02-28,148.55,194.56
900640,2025-02-28,501.88,1518.93
900652,2025-02-28,2528.64,5730.25
900661,2025-02-28,1193.38,1105.24
900669,2025-02-28,768.01,2958.02
900680,2025-02-28,3412.12,2544.61
900683,2025-02-28,2208.0,8190.08
900694,2025-02-28,170.56,539.6
900701,2025-02-28,5868.38,1538.1
900710,2025-02-28,397.75,1100.76
900739,2025-02-28,4509.29,1679.27
900742,2025-02-28,1087.41,1703.63
900743,2025-02-28,2200.27,7058.09
900774,2025-02-28,361.67,739.6
900777,2025-02-28,2430.55,7541.01
900786,2025-02-28,389.26,833.62
900804,2025-02-28,603.75,2331.57
900814,2025-02-28,1381.31,614.41
900825,2025-02-28,1148.62,984.58
900827,2025-02-28,336.43,187.31
900840,2025-02-28,2814.98,3441.14
900853,2025-02-28,5782.03,1780.68
900919,2025-02-28,2576.78,3084.05
900942,2025-02-28,2331.83,1136.38
900953,2025-02-28,1630.34,665.49
900958,2025-02-28,823.76,2938.58
900961,2025-02-28,2013.7,1333.4
900965,2025-02-28,2350.86,2093.73
900985,2025-02-28,416.39,937.62
900993,2025-02-28,251.45,569.79
901000,2025-02-28,215.03,219.16
901002,2025-02-28,587.92,2114.9
901006,2025-02-28,2947.57,8430.77
901022,2025-02-28,3366.81,2459.86
901023,2025-02-28,687.07,1560.65
901031,2025-02-28,1632.49,1702.41
901037,2025-02-28,1538.46,6039.1
901042,2025-02-28,1134.3,2056.0
901092,2025-02-28,3035.78,1927.89
901099,2025-02-28,635.13,2783.29
901117,2025-02-28,2590.25,5688.79
901119,2025-02-28,3652.09,3782.06
901141,2025-02-28,1134.45,3065.89
901245,2025-02-28,843.98,595.36
901251,2025-02-28,4961.31,4727.56
901293,2025-02-28,1773.28,5749.88
901294,2025-02-28,3706.11,3508.5
901297,2025-02-28,919.27,3123.55
901342,2025-02-28,1204.96,3842.54
901353,2025-02-28,3016.07,1584.25
901372,2025-02-28,2605.16,3650.41
901383,2025-02-28,1588.84,950.03
901429,2025-02-28,6620.27,2791.85
901434,2025-02-28,1696.76,437.06
901445,2025-02-28,828.25,2123.42
901464,2025-02-28,643.19,382.9
901474,2025-02-28,718.25,3447.21
901478,2025-02-28,580.6,439.36
901482,2025-02-28,423.58,1497.39
901537,2025-02-28,1441.63,7006.4
901558,2025-02-28,430.75,2786.8
901589,2025-02-28,2807.18,3085.84
901614,2025-02-28,1108.38,1025.21
901618,2025-02-28,1769.36,6776.93
901663,2025-02-28,981.39,1991.3
901728,2025-02-28,2052.23,4420.51
901732,2025-02-28,826.66,1946.88
901744,2025-02-28,859.07,958.57
901759,2025-02-28,769.07,2605.86
901783,2025-02-28,1646.2,5765.74
901785,2025-02-28,3472.98,3204.21
901786,2025-02-28,430.8,879.2
901807,2025-02-28,1157.38,1862.59
901860,2025-02-28,401.32,1335.73
901869,2025-02-28,5687.0,1643.82
901877,2025-02-28,292.51,177.96
901903,2025-02-28,4388.76,2013.35
901913,2025-02-28,169.76,663.78
901952,2025-02-28,1842.54,944.78
901959,2025-02-28,414.4,967.49
901972,2025-02-28,484.43,1290.14
901977,2025-02-28,509.66,3867.79
902011,2025-02-28,4126.96,1620.14
902029,2025-02-28,649.61,1185.14
902042,2025-02-28,1807.88,5479.86
902045,2025-02-28,2281.79,5900.75
902100,2025-02-28,2534.05,8218.14
902113,2025-02-28,2122.43,3436.77
902114,2025-02-28,1870.85,2400.68
902141,2025-02-28,1389.58,1381.73
902180,2025-02-28,966.65,4032.46
902193,2025-02-28,1805.81,774.19
902213,2025-02-28,2113.5,6970.01
902218,2025-02-28,1354.11,5817.78
902240,2025-02-28,2971.06,6596.29
902251,2025-02-28,864.67,3764.54
902265,2025-02-28,2663.75,7363.5
902281,2025-02-28,798.22,1920.81
902284,2025-02-28,1083.76,912.79
902289,2025-02-28,1248.31,1241.08
902301,2025-02-28,4573.56,1581.46
902314,2025-02-28,901.51,2619.75
902316,2025-02-28,875.96,662.74
902362,2025-02-28,861.87,2176.43
902380,2025-02-28,4118.8,1273.42
902395,2025-02-28,513.18,1577.91
902402,2025-02-28,5749.9,3249.36
902425,2025-02-28,482.68,2350.52
902428,2025-02-28,3479.64,1971.15
902437,2025-02-28,724.24,2568.2
902461,2025-02-28,2090.54,4672.82
902465,2025-02-28,283.98,686.84
902488,2025-02-28,191.06,248.62
902490,2025-02-28,780.89,2973.35
902520,2025-02-28,4371.31,1823.91
902560,2025-02-28,913.56,6584.42
902569,2025-02-28,851.99,5158.29
902643,2025-02-28,342.98,1974.64
902644,2025-02-28,1276.83,1251.42
902650,2025-02-28,925.08,2668.07
902697,2025-02-28,3328.54,8992.33
902712,2025-02-28,1019.33,2609.56
902727,2025-02-28,670.89,617.68
902751,2025-02-28,405.59,352.12
902774,2025-02-28,897.59,1756.89
902805,2025-02-28,349.13,872.97
902807,2025-02-28,1690.75,3472.61
902825,2025-02-28,370.29,1100.0
902832,2025-02-28,133.91,479.05
902858,2025-02-28,5878.2,2319.72
902922,2025-02-28,481.05,1881.83
902956,2025-02-28,1013.86,2754.81
902958,2025-02-28,1332.98,3188.89
902966,2025-02-28,2827.64,2564.91
903007,2025-02-28,863.12,1342.97
903075,2025-02-28,2606.39,8825.35
903084,2025-02-28,4598.87,2147.78
903104,2025-02-28,378.94,1041.96
903154,2025-02-28,1738.05,1733.18
903229,2025-02-28,5187.24,2810.51
903230,2025-02-28,337.72,1033.8
903232,2025-02-28,6326.81,2596.46
903240,2025-02-28,3437.13,9768.42
903256,2025-02-28,1305.8,1347.79
903261,2025-02-28,2771.54,832.12
903266,2025-02-28,395.05,1689.97
903368,2025-02-28,2084.94,4271.02
903385,2025-02-28,1494.27,2476.06
903420,2025-02-28,2657.09,2143.43
903439,2025-02-28,1798.24,952.21
903512,2025-02-28,732.52,1144.49
903561,2025-02-28,2123.22,1853.45
903579,2025-02-28,2419.36,6140.19
903580,2025-02-28,1270.63,5531.85
903627,2025-02-28,2065.58,6212.72
903653,2025-02-28,1207.58,3087.4
903785,2025-02-28,831.41,1019.07
903794,2025-02-28,540.41,1836.86
903796,2025-02-28,2291.51,6466.09
903811,2025-02-28,1603.44,3121.42
903815,2025-02-28,4545.94,4194.65
903816,2025-02-28,2916.37,6927.65
903847,2025-02-28,4104.2,3683.64
903856,2025-02-28,1633.49,5722.26
903868,2025-02-28,1792.22,1732.54
903872,2025-02-28,1374.21,4073.26
903881,2025-02-28,992.31,2152.42
903889,2025-02-28,4914.39,4829.77
903906,2025-02-28,1928.59,4281.5
903912,2025-02-28,321.97,734.02
903936,2025-02-28,2380.11,5378.86
903994,2025-02-28,1099.67,2627.03
904006,2025-02-28,1580.45,4672.78
904008,2025-02-28,3461.66,2112.33
904013,2025-02-28,1047.93,6140.8
904015,2025-02-28,2464.02,5477.72
904022,2025-02-28,3340.53,2079.69
904039,2025-02-28,1541.48,3114.81
904041,2025-02-28,1671.42,5718.83
904081,2025-02-28,2246.76,2283.57
904084,2025-02-28,2288.57,1433.71
904140,2025-02-28,1691.89,1673.56
904149,2025-02-28,1291.56,6642.38
904151,2025-02-28,986.5,4597.09
904217,2025-02-28,1538.26,486.38
904226,2025-02-28,193.13,784.15
904236,2025-02-28,2932.44,1764.7
904237,2025-02-28,985.19,2379.4
904254,2025-02-28,1319.55,4392.83
904291,2025-02-28,2244.62,851.19
904303,2025-02-28,2721.78,3629.24
904306,2025-02-28,2400.01,3737.55
904335,2025-02-28,235.93,1111.45
904336,2025-02-28,2793.0,1304.61
904349,2025-02-28,1765.34,1849.89
904357,2025-02-28,1083.34,4311.57
904364,2025-02-28,3915.46,1441.33
904366,2025-02-28,808.04,1240.25
904394,2025-02-28,1386.24,3860.25
904397,2025-02-28,941.97,2500.94
904445,2025-02-28,1160.88,3803.82
904446,2025-02-28,5149.67,2431.39
904450,2025-02-28,2394.52,4863.89
904453,2025-02-28,1552.08,1575.5
904460,2025-02-28,2250.17,991.15
904487,2025-02-28,3015.18,3418.28
904491,2025-02-28,2240.82,6022.19
904528,2025-02-28,2326.69,2088.56
904575,2025-02-28,309.79,785.77
904611,2025-02-28,3389.83,4030.36
904647,2025-02-28,162.74,411.95
904652,2025-02-28,531.65,2490.73
904655,2025-02-28,3871.52,1441.38
904685,2025-02-28,1651.58,1727.97
904710,2025-02-28,1570.31,4463.39
904718,2025-02-28,2839.86,9600.46
904726,2025-02-28,835.94,4191.06
904739,2025-02-28,1448.98,6870.41
904757,2025-02-28,193.43,500.07
904786,2025-02-28,3602.69,1642.76
904794,2025-02-28,4231.61,1784.98
904797,2025-02-28,1843.52,5272.37
904873,2025-02-28,1049.25,2114.98
904876,2025-02-28,2096.99,1701.14
904940,2025-02-28,2558.48,4212.67
904954,2025-02-28,805.37,2342.2
904968,2025-02-28,5613.76,1266.03
905043,2025-02-28,1003.23,468.38
905046,2025-02-28,3506.21,2641.65
905054,2025-02-28,2090.53,5574.18
905124,2025-02-28,466.27,176.59
905133,2025-02-28,2835.73,1529.05
905152,2025-02-28,1844.22,1524.48
905170,2025-02-28,1979.79,1991.1
905180,2025-02-28,5188.06,1434.02
905188,2025-02-28,3309.86,1984.42
905218,2025-02-28,3947.6,2399.78
905267,2025-02-28,1266.97,659.48
905287,2025-02-28,378.8,1108.21
905300,2025-02-28,2870.6,2752.72
905329,2025-02-28,1530.94,8067.54
905360,2025-02-28,378.17,1219.67
905362,2025-02-28,1376.92,1096.67
905382,2025-02-28,971.33,3600.17
905412,2025-02-28,2482.68,5689.57
905435,2025-02-28,1082.57,3894.31
905445,2025-02-28,4498.14,3210.49
905455,2025-02-28,2278.34,5146.62
905459,2025-02-28,1403.83,2893.95
905493,2025-02-28,1254.76,2928.74
905509,2025-02-28,5074.44,3969.81
905533,2025-02-28,1258.55,1936.94
905545,2025-02-28,2666.65,1485.05
905556,2025-02-28,346.74,1051.08
905570,2025-02-28,2769.96,9964.19
905598,2025-02-28,2712.33,2344.8
905610,2025-02-28,2379.64,7609.7
905614,2025-02-28,826.43,1944.05
905616,2025-02-28,308.4,1388.49
905660,2025-02-28,2603.22,1204.91
905662,2025-02-28,205.93,582.3
905663,2025-02-28,365.44,829.81
905669,2025-02-28,6821.54,2940.1
905680,2025-02-28,3177.64,1262.86
905683,2025-02-28,1947.99,2158.31
905700,2025-02-28,597.92,266.08
905721,2025-02-28,1249.13,4211.22
905737,2025-02-28,1555.36,1523.82
905770,2025-02-28,2469.75,2733.39
905780,2025-02-28,1342.11,6570.24
905793,2025-02-28,2549.58,2630.68
905817,2025-02-28,945.26,1356.83
905840,2025-02-28,2214.86,6031.07
905841,2025-02-28,618.9,381.93
905856,2025-02-28,4170.94,1683.1
905872,2025-02-28,649.06,1013.01
905896,2025-02-28,874.4,3874.95
905919,2025-02-28,473.48,1057.74
905977,2025-02-28,2896.87,7690.82
905987,2025-02-28,368.76,292.04
906027,2025-02-28,1090.54,2673.09
906048,2025-02-28,2671.04,3635.37
906058,2025-02-28,924.32,1207.86
906075,2025-02-28,251.85,606.76
906114,2025-02-28,480.92,721.96
906115,2025-02-28,2605.16,3108.79
906127,2025-02-28,664.6,3457.52
906156,2025-02-28,1324.56,437.41
906183,2025-02-28,1511.18,2015.94
906184,2025-02-28,1127.12,2631.93
906187,2025-02-28,1175.87,5784.91
906228,2025-02-28,532.66,3307.55
906231,2025-02-28,1857.63,4626.51
906258,2025-02-28,1421.36,3905.98
906281,2025-02-28,3495.98,1076.62
906283,2025-02-28,1461.19,4425.9
906289,2025-02-28,1376.71,8678.4
906312,2025-02-28,1273.33,3617.39
906314,2025-02-28,1434.34,4943.08
906368,2025-02-28,429.43,1512.9
906379,2025-02-28,1623.91,4981.15
906435,2025-02-28,655.0,1633.66
906460,2025-02-28,107.85,495.95
906478,2025-02-28,316.46,765.37
906483,2025-02-28,284.21,700.5
906485,2025-02-28,5275.3,2668.92
906500,2025-02-28,209.37,655.39
906501,2025-02-28,285.62,1788.69
906506,2025-02-28,1467.37,5993.96
906507,2025-02-28,2260.84,979.2
906561,2025-02-28,682.23,860.24
906573,2025-02-28,773.18,3824.48
906583,2025-02-28,449.43,1293.02
906590,2025-02-28,155.05,862.97
906611,2025-02-28,929.68,4876.11
906620,2025-02-28,2424.93,7535.73
906651,2025-02-28,1410.59,3837.42
906663,2025-02-28,3313.84,1894.53
906673,2025-02-28,698.91,1290.22
906711,2025-02-28,4360.79,1779.82
906712,2025-02-28,1310.42,3781.25
906716,2025-02-28,1669.07,5974.05
906718,2025-02-28,123.99,603.98
906727,2025-02-28,503.74,380.9
906739,2025-02-28,5858.4,2751.0
906759,2025-02-28,2586.51,3542.95
906760,2025-02-28,2095.09,7713.95
906765,2025-02-28,1229.95,3760.48
906772,2025-02-28,1306.83,2093.93
906774,2025-02-28,4711.3,2676.68
906816,2025-02-28,749.94,1718.9
906819,2025-02-28,910.15,5027.29
906821,2025-02-28,3014.23,948.43
906822,2025-02-28,921.98,3084.58
906834,2025-02-28,2105.54,2400.57
906837,2025-02-28,513.83,1188.8
906839,2025-02-28,86.28,371.56
906862,2025-02-28,2090.81,7877.64
906866,2025-02-28,2080.71,6045.23
906880,2025-02-28,1988.79,5626.23
906937,2025-02-28,3205.89,4090.91
906947,2025-02-28,622.84,271.53
906960,2025-02-28,4684.98,4299.03
906990,2025-02-28,1934.18,2175.53
906991,2025-02-28,644.92,4622.6
907057,2025-02-28,2811.44,2713.22
907064,2025-02-28,4811.64,2253.02
907079,2025-02-28,1295.88,2945.66
907082,2025-02-28,1115.97,1170.89
907085,2025-02-28,3684.84,1623.46
907092,2025-02-28,369.59,2013.18
907116,2025-02-28,2867.61,8124.94
907119,2025-02-28,4954.95,3093.11
907122,2025-02-28,1103.26,3052.71
907124,2025-02-28,4079.59,1177.83
907146,2025-02-28,3336.29,2485.13
907155,2025-02-28,396.15,956.01
907166,2025-02-28,821.15,410.9
907169,2025-02-28,3944.14,1691.25
907182,2025-02-28,1889.94,1249.99
907200,2025-02-28,2130.93,887.97
907212,2025-02-28,1151.48,4225.99
907232,2025-02-28,405.91,1930.89
907251,2025-02-28,1143.74,3184.17
907254,2025-02-28,2663.6,4933.2
907261,2025-02-28,1653.71,5913.12
907300,2025-02-28,1250.49,621.49
907317,2025-02-28,1718.17,4504.67
907320,2025-02-28,4564.22,1299.95
907331,2025-02-28,2723.76,5001.33
907341,2025-02-28,2174.33,2021.74
907371,2025-02-28,639.46,1851.99
907388,2025-02-28,1329.93,6689.86
907391,2025-02-28,2175.41,5292.69
907416,2025-02-28,2915.42,5220.58
907422,2025-02-28,3492.35,4311.86
907426,2025-02-28,361.25,336.17
907443,2025-02-28,831.14,828.95
907444,2025-02-28,760.69,1683.07
907451,2025-02-28,435.01,1633.96
907477,2025-02-28,239.41,634.81
907485,2025-02-28,946.57,4311.15
907486,2025-02-28,2534.82,6134.4
907508,2025-02-28,741.19,2679.33
907542,2025-02-28,5675.75,2536.93
907593,2025-02-28,2174.32,847.33
907595,2025-02-28,1160.29,3093.83
907606,2025-02-28,1479.45,4972.15
907608,2025-02-28,799.51,4720.19
907630,2025-02-28,1447.27,2702.44
907636,2025-02-28,214.7,484.16
907641,2025-02-28,1218.07,1979.99
907671,2025-02-28,522.05,130.63
907677,2025-02-28,3333.41,1639.09
907678,2025-02-28,2264.53,1740.95
907688,2025-02-28,518.08,2520.11
907720,2025-02-28,994.77,3938.47
907727,2025-02-28,131.82,536.15
907733,2025-02-28,448.63,1879.15
907736,2025-02-28,4104.04,2832.7
907754,2025-02-28,2821.45,1630.81
907758,2025-02-28,3950.9,2085.56
907759,2025-02-28,1751.43,5237.27
907770,2025-02-28,3224.65,1350.13
907774,2025-02-28,258.79,1924.94
907849,2025-02-28,2392.31,6967.66
907878,2025-02-28,946.3,5114.58
907879,2025-02-28,665.73,1413.71
907885,2025-02-28,1332.77,3988.31
907915,2025-02-28,3211.67,1831.52
907951,2025-02-28,4174.39,2203.16
907964,2025-02-28,870.99,1630.91
908002,2025-02-28,3161.79,6157.62
908004,2025-02-28,5023.55,2913.36
908017,2025-02-28,3334.55,2850.56
908038,2025-02-28,724.71,519.23
908039,2025-02-28,2452.59,6053.17
908103,2025-02-28,2886.99,3639.37
908134,2025-02-28,885.37,2370.29
908152,2025-02-28,2253.01,2771.95
908177,2025-02-28,1110.89,4401.59
908180,2025-02-28,3729.03,3652.37
908230,2025-02-28,2344.52,976.8
908232,2025-02-28,1273.94,9170.7
908242,2025-02-28,1361.39,2901.13
908246,2025-02-28,825.31,3578.55
908258,2025-02-28,2595.13,1382.98
908275,2025-02-28,2547.8,4435.17
908291,2025-02-28,1039.59,1208.62
908339,2025-02-28,713.43,2955.13
908352,2025-02-28,3193.36,2451.54
908353,2025-02-28,1432.13,6254.77
908360,2025-02-28,694.6,721.45
908417,2025-02-28,5890.27,2181.94
908425,2025-02-28,1025.84,5443.94
908427,2025-02-28,2679.85,6373.18
908428,2025-02-28,1966.57,7382.05
908430,2025-02-28,2084.9,3061.33
908461,2025-02-28,2371.89,6991.89
908482,2025-02-28,1011.89,4552.5
908499,2025-02-28,2901.09,7959.06
908567,2025-02-28,1002.19,2517.38
908572,2025-02-28,596.49,2697.12
908576,2025-02-28,180.54,724.38
908589,2025-02-28,1109.53,6473.69
908607,2025-02-28,2847.68,1573.71
908620,2025-02-28,1495.53,699.72
908628,2025-02-28,164.31,784.66
908645,2025-02-28,3273.82,1398.66
908653,2025-02-28,4356.48,1876.41
908665,2025-02-28,2291.93,5118.34
908681,2025-02-28,867.74,3916.83
908700,2025-02-28,1307.46,2507.06
908718,2025-02-28,784.39,1519.16
908727,2025-02-28,2219.39,1012.49
908732,2025-02-28,3699.91,2775.23
908745,2025-02-28,270.9,254.95
908785,2025-02-28,2184.45,7587.8
908789,2025-02-28,2575.89,7763.42
908811,2025-02-28,2790.36,3171.9
908826,2025-02-28,343.56,386.37
908879,2025-02-28,3086.41,2022.38
908886,2025-02-28,3503.36,1912.24
908892,2025-02-28,424.37,1333.45
908922,2025-02-28,4001.54,2646.09
908929,2025-02-28,1844.87,2355.34
908934,2025-02-28,1527.21,1088.23
900042,2025-03-31,3037.83,3794.95
900052,2025-03-31,2188.32,4173.63
900056,2025-03-31,4732.51,2024.77
900076,2025-03-31,345.42,732.73
900098,2025-03-31,2926.21,6747.17
900156,2025-03-31,4505.6,3418.59
900159,2025-03-31,5550.52,3057.4
900214,2025-03-31,1018.77,712.33
900232,2025-03-31,2963.33,2464.6
900270,2025-03-31,2148.92,5835.78
900280,2025-03-31,789.16,3870.43
900302,2025-03-31,1148.65,3494.81
900322,2025-03-31,1414.9,5484.56
900331,2025-03-31,356.59,86.91
900348,2025-03-31,5994.23,3092.32
900355,2025-03-31,430.63,134.5
900358,2025-03-31,941.04,3386.75
900401,2025-03-31,5110.8,3029.45
900411,2025-03-31,1110.13,3223.61
900417,2025-03-31,534.67,1618.14
900433,2025-03-31,4632.35,4065.2
900444,2025-03-31,95.55,381.02
900446,2025-03-31,2386.91,4001.95
900448,2025-03-31,994.89,934.93
900455,2025-03-31,4301.37,3017.72
900518,2025-03-31,1256.8,769.71
900531,2025-03-31,423.38,2289.41
900542,2025-03-31,2729.19,2863.22
900582,2025-03-31,943.83,3232.94
900616,2025-03-31,2887.69,3307.15
900634,2025-03-31,1303.4,756.49
900640,2025-03-31,2598.65,7201.83
900652,2025-03-31,2134.55,4015.91
900661,2025-03-31,2951.03,2252.31
900668,2025-03-31,843.1,555.58
900669,2025-03-31,807.88,1792.19
900683,2025-03-31,2375.04,7261.75
900694,2025-03-31,1231.51,2381.1
900715,2025-03-31,3866.12,1938.39
900742,2025-03-31,1413.85,1334.27
900754,2025-03-31,428.68,1618.75
900757,2025-03-31,5474.57,2118.63
900774,2025-03-31,3408.12,5341.39
900777,2025-03-31,2511.78,8722.63
900786,2025-03-31,2396.2,5584.93
900804,2025-03-31,1496.01,4974.56
900808,2025-03-31,3793.85,1506.02
900814,2025-03-31,2075.35,978.51
900840,2025-03-31,1739.89,1565.85
900853,2025-03-31,3361.26,2040.92
900901,2025-03-31,5955.91,2703.22
900932,2025-03-31,1812.58,5079.42
900942,2025-03-31,1566.14,532.07
900953,2025-03-31,3529.75,1113.13
900965,2025-03-31,3640.11,3638.98
900985,2025-03-31,310.26,1944.8
900991,2025-03-31,1930.87,5110.21
900993,2025-03-31,165.57,389.01
901002,2025-03-31,994.13,1968.01
901006,2025-03-31,346.07,564.44
901022,2025-03-31,1616.08,1695.81
901023,2025-03-31,841.12,2445.11
901031,2025-03-31,284.43,291.65
901042,2025-03-31,450.64,1457.62
901044,2025-03-31,1174.03,3097.65
901059,2025-03-31,1338.44,3238.54
901070,2025-03-31,1664.77,5739.42
901084,2025-03-31,579.35,1693.24
901091,2025-03-31,2036.91,6998.42
901099,2025-03-31,944.96,3518.54
901117,2025-03-31,1430.66,5068.7
901141,2025-03-31,2276.14,6412.34
901169,2025-03-31,582.71,328.25
901179,2025-03-31,3035.92,897.19
901193,2025-03-31,4027.77,2606.62
901228,2025-03-31,313.18,1016.49
901245,2025-03-31,4838.11,2972.11
901280,2025-03-31,1052.71,334.32
901297,2025-03-31,763.45,2263.74
901304,2025-03-31,1173.52,955.45
901312,2025-03-31,2994.59,1735.13
901344,2025-03-31,682.15,267.43
901354,2025-03-31,536.57,1968.9
901361,2025-03-31,2836.91,6112.11
901378,2025-03-31,1829.86,8240.8
901383,2025-03-31,5275.58,2761.47
901431,2025-03-31,3177.97,5471.56
901434,2025-03-31,2360.63,1380.51
901464,2025-03-31,1870.77,1529.6
901482,2025-03-31,499.03,849.7
901490,2025-03-31,204.32,1335.14
901504,2025-03-31,3293.87,3578.05
901538,2025-03-31,937.49,4085.06
901567,2025-03-31,1702.35,4423.82
901607,2025-03-31,1675.31,2279.99
901614,2025-03-31,2022.35,2400.25
901618,2025-03-31,2818.23,6772.24
901621,2025-03-31,2435.58,1220.21
901623,2025-03-31,1857.19,2067.2
901630,2025-03-31,2705.51,1924.68
901632,2025-03-31,6361.37,1943.36
901645,2025-03-31,1674.71,4678.68
901647,2025-03-31,3022.39,3105.1
901688,2025-03-31,3169.39,8965.17
901695,2025-03-31,1252.69,5325.78
901728,2025-03-31,1037.94,2221.19
901744,2025-03-31,4261.34,3111.83
901759,2025-03-31,1548.71,4069.85
901785,2025-03-31,3942.9,3080.78
901794,2025-03-31,4844.57,1471.02
901807,2025-03-31,2182.75,2898.24
901837,2025-03-31,3923.96,2329.1
901869,2025-03-31,632.02,219.36
901881,2025-03-31,2080.36,6636.67
901903,2025-03-31,5194.76,1316.55
901913,2025-03-31,1716.77,7507.45
901959,2025-03-31,2529.68,5583.16
901960,2025-03-31,1420.98,6353.73
901972,2025-03-31,2107.51,5772.56
901984,2025-03-31,1849.07,1623.85
902000,2025-03-31,4157.4,3901.18
902011,2025-03-31,2219.14,1593.3
902045,2025-03-31,1172.59,3021.3
902091,2025-03-31,2862.4,1641.61
902114,2025-03-31,2627.07,2895.77
902141,2025-03-31,2788.49,3631.61
902193,2025-03-31,5368.64,1917.91
902213,2025-03-31,250.12,1669.16
902218,2025-03-31,1103.44,3884.35
902240,2025-03-31,1382.69,4242.85
902246,2025-03-31,2403.58,4836.99
902263,2025-03-31,1783.01,5611.01
902265,2025-03-31,300.53,1048.31
902290,2025-03-31,1828.56,6017.08
902301,2025-03-31,1005.62,624.22
902314,2025-03-31,3091.77,6742.74
902316,2025-03-31,2776.37,4994.77
902341,2025-03-31,928.71,1334.6
902389,2025-03-31,1181.84,2865.91
902395,2025-03-31,1820.84,4322.35
902431,2025-03-31,4648.92,1838.77
902437,2025-03-31,2562.97,4899.04
902471,2025-03-31,2991.69,1735.89
902482,2025-03-31,2964.73,2012.24
902493,2025-03-31,1379.02,6095.04
902511,2025-03-31,1489.96,4287.58
902520,2025-03-31,5552.46,1628.57
902526,2025-03-31,1385.6,1172.42
902532,2025-03-31,1777.25,7391.67
902548,2025-03-31,1156.2,2718.11
902555,2025-03-31,444.97,582.49
902569,2025-03-31,201.73,1013.69
902649,2025-03-31,1154.13,2968.16
902650,2025-03-31,248.21,969.32
902654,2025-03-31,5864.81,2208.78
902712,2025-03-31,2682.71,5256.85
902729,2025-03-31,4293.57,1584.28
902731,2025-03-31,1540.85,1303.12
902751,2025-03-31,1665.33,1207.89
902775,2025-03-31,3202.62,3468.79
902776,2025-03-31,526.27,581.69
902788,2025-03-31,1146.02,586.64
902807,2025-03-31,1519.81,8540.0
902808,2025-03-31,1080.62,701.38
902825,2025-03-31,198.33,691.83
902832,2025-03-31,173.74,606.4
902858,2025-03-31,1133.86,599.72
902886,2025-03-31,1667.03,743.16
902910,2025-03-31,1805.33,4181.01
902913,2025-03-31,523.15,1325.5
902922,2025-03-31,1619.06,5891.66
902956,2025-03-31,2041.95,6099.51
902958,2025-03-31,1757.5,9658.79
902966,2025-03-31,4212.55,2734.28
902969,2025-03-31,2529.21,6904.38
902975,2025-03-31,2391.42,1516.69
902981,2025-03-31,1576.27,5158.6
903018,2025-03-31,105.81,584.78
903020,2025-03-31,261.54,213.74
903075,2025-03-31,1476.29,3700.9
903104,2025-03-31,578.59,2589.17
903154,2025-03-31,3814.35,4114.02
903169,2025-03-31,2503.72,3080.5
903229,2025-03-31,1901.59,973.26
903240,2025-03-31,445.54,1950.4
903374,2025-03-31,628.87,256.62
903385,2025-03-31,438.61,604.4
903430,2025-03-31,533.35,3350.57
903439,2025-03-31,1879.21,1240.67
903485,2025-03-31,322.18,1093.19
903512,2025-03-31,753.39,2460.53
903521,2025-03-31,3025.47,3411.2
903536,2025-03-31,619.38,808.16
903561,2025-03-31,4586.38,1893.91
903579,2025-03-31,98.57,482.0
903580,2025-03-31,708.2,1387.57
903586,2025-03-31,3665.79,2791.0
903608,2025-03-31,5021.41,2160.2
903616,2025-03-31,1438.09,4461.07
903643,2025-03-31,400.54,1391.34
903684,2025-03-31,1615.47,6061.77
903713,2025-03-31,2696.02,3007.84
903723,2025-03-31,480.27,332.12
903785,2025-03-31,507.47,578.91
903794,2025-03-31,689.65,1185.85
903816,2025-03-31,800.65,1791.1
903847,2025-03-31,2152.01,3240.11
903856,2025-03-31,2369.02,5532.95
903881,2025-03-31,2172.58,4621.48
903906,2025-03-31,1243.04,4723.5
903912,2025-03-31,3398.13,7124.18
903936,2025-03-31,2038.22,6160.32
904006,2025-03-31,354.73,1728.89
904013,2025-03-31,664.75,1945.81
904015,2025-03-31,532.1,1458.97
904022,2025-03-31,1953.98,777.96
904041,2025-03-31,810.99,3039.84
904084,2025-03-31,6257.85,2205.55
904151,2025-03-31,1270.34,7790.48
904158,2025-03-31,1185.89,7674.67
904176,2025-03-31,1945.83,4939.85
904217,2025-03-31,3178.33,1239.6
904236,2025-03-31,1769.46,952.26
904237,2025-03-31,2209.54,4000.05
904327,2025-03-31,2361.69,2775.47
904335,2025-03-31,565.29,1912.49
904343,2025-03-31,2172.63,716.28
904364,2025-03-31,559.34,291.05
904366,2025-03-31,1140.04,1091.57
904386,2025-03-31,1549.6,4670.35
904392,2025-03-31,1350.26,8984.0
904394,2025-03-31,502.28,1843.87
904397,2025-03-31,289.09,845.56
904436,2025-03-31,1488.62,720.84
904445,2025-03-31,170.35,599.5
904453,2025-03-31,1225.43,1564.87
904457,2025-03-31,1875.0,2980.74
904478,2025-03-31,799.39,753.29
904480,2025-03-31,1305.64,6037.02
904487,2025-03-31,1098.37,1174.33
904575,2025-03-31,272.19,481.41
904576,2025-03-31,2820.08,656.07
904645,2025-03-31,1534.41,1193.75
904652,2025-03-31,1589.04,4985.68
904680,2025-03-31,536.59,3274.19
904682,2025-03-31,404.92,914.3
904716,2025-03-31,1211.49,6816.56
904726,2025-03-31,1376.23,7101.2
904748,2025-03-31,1071.18,297.29
904757,2025-03-31,972.37,1793.23
904791,2025-03-31,4047.11,1521.99
904794,2025-03-31,789.55,443.37
904811,2025-03-31,3460.33,1657.08
904829,2025-03-31,972.61,5646.71
904841,2025-03-31,2342.06,1549.15
904852,2025-03-31,1133.74,5018.07
904873,2025-03-31,1303.71,8321.58
904876,2025-03-31,494.39,445.03
904917,2025-03-31,1754.23,6223.53
904934,2025-03-31,1590.24,1328.51
904940,2025-03-31,453.33,1837.94
904944,2025-03-31,2112.47,1182.33
904954,2025-03-31,2725.36,8788.41
904968,2025-03-31,609.3,318.61
904976,2025-03-31,382.01,1939.36
905019,2025-03-31,1915.1,3712.58
905036,2025-03-31,1863.01,4759.12
905043,2025-03-31,3087.82,1772.72
905054,2025-03-31,827.47,5073.63
905060,2025-03-31,1219.28,8711.47
905093,2025-03-31,1577.47,5804.15
905115,2025-03-31,1138.68,6793.99
905118,2025-03-31,3554.23,1997.78
905124,2025-03-31,958.26,422.66
905133,2025-03-31,4361.39,3116.76
905152,2025-03-31,1688.87,2031.67
905170,2025-03-31,1613.56,1308.31
905180,2025-03-31,3833.66,2186.9
905233,2025-03-31,1701.13,3831.31
905241,2025-03-31,2055.68,6062.15
905300,2025-03-31,873.51,1323.64
905316,2025-03-31,847.9,5825.99
905318,2025-03-31,1705.04,2171.74
905329,2025-03-31,1384.51,4249.58
905351,2025-03-31,955.87,3646.12
905356,2025-03-31,1117.54,3984.9
905358,2025-03-31,599.06,1811.37
905362,2025-03-31,269.84,281.17
905383,2025-03-31,202.63,959.9
905410,2025-03-31,2259.85,5461.72
905435,2025-03-31,713.52,3211.62
905464,2025-03-31,138.43,836.32
905527,2025-03-31,1833.11,6180.73
905544,2025-03-31,1853.98,1518.24
905545,2025-03-31,2570.44,1261.68
905556,2025-03-31,998.18,3111.8
905570,2025-03-31,618.74,2281.07
905598,2025-03-31,1126.48,1296.71
905610,2025-03-31,384.84,1756.27
905614,2025-03-31,2089.75,6041.84
905616,2025-03-31,2932.3,8032.31
905630,2025-03-31,2722.64,1967.75
905659,2025-03-31,501.51,1258.06
905660,2025-03-31,4332.71,1158.85
905662,2025-03-31,3278.42,6792.16
905663,2025-03-31,1403.5,7254.59
905680,2025-03-31,1343.94,616.97
905683,2025-03-31,2609.28,2279.66
905689,2025-03-31,330.31,113.61
905721,2025-03-31,739.37,2649.11
905788,2025-03-31,3406.8,3568.31
905838,2025-03-31,1097.72,2936.26
905841,2025-03-31,1059.21,310.07
905856,2025-03-31,4000.89,1370.61
905857,2025-03-31,851.33,2033.15
905864,2025-03-31,7070.22,1590.16
905872,2025-03-31,3335.2,2079.63
905885,2025-03-31,758.41,773.81
905919,2025-03-31,452.1,1018.42
905987,2025-03-31,946.3,1455.82
906005,2025-03-31,752.72,2042.45
906030,2025-03-31,1167.82,342.98
906044,2025-03-31,2674.68,7862.6
906048,2025-03-31,1408.93,1470.61
906107,2025-03-31,158.25,507.53
906115,2025-03-31,2907.78,4436.04
906123,2025-03-31,281.52,313.74
906166,2025-03-31,4509.61,4525.53
906187,2025-03-31,879.31,1810.17
906213,2025-03-31,291.63,280.1
906231,2025-03-31,1066.61,5623.1
906281,2025-03-31,1828.35,679.35
906285,2025-03-31,865.21,3861.72
906289,2025-03-31,1066.69,2422.08
906292,2025-03-31,2861.42,7549.55
906312,2025-03-31,895.13,1671.02
906330,2025-03-31,198.75,369.03
906340,2025-03-31,1268.92,656.62
906368,2025-03-31,1250.2,2494.49
906379,2025-03-31,303.65,1189.5
906460,2025-03-31,871.73,2989.54
906465,2025-03-31,4925.62,3314.59
906483,2025-03-31,304.32,606.79
906500,2025-03-31,1913.44,5219.72
906542,2025-03-31,246.83,854.05
906559,2025-03-31,3277.9,5249.62
906560,2025-03-31,489.09,236.02
906561,2025-03-31,714.19,720.32
906573,2025-03-31,1208.8,3037.82
906582,2025-03-31,327.6,2024.04
906611,2025-03-31,838.88,3536.72
906632,2025-03-31,2781.96,2210.46
906651,2025-03-31,2884.65,5449.23
906663,2025-03-31,887.71,931.4
906673,2025-03-31,155.81,1037.48
906704,2025-03-31,464.6,1189.27
906716,2025-03-31,142.9,388.93
906727,2025-03-31,4393.18,3363.63
906740,2025-03-31,2642.49,1680.29
906760,2025-03-31,1111.83,3753.43
906765,2025-03-31,870.38,4684.02
906774,2025-03-31,4804.35,1598.32
906816,2025-03-31,424.62,1592.72
906821,2025-03-31,1746.3,1150.96
906822,2025-03-31,330.41,901.13
906837,2025-03-31,2039.59,5779.74
906862,2025-03-31,1891.66,3851.17
906880,2025-03-31,1299.69,3844.5
906928,2025-03-31,5690.25,2058.93
906937,2025-03-31,1615.96,1420.57
906947,2025-03-31,2106.04,1428.35
906960,2025-03-31,1111.28,1187.54
906979,2025-03-31,1369.25,1209.35
907001,2025-03-31,844.52,4207.93
907024,2025-03-31,896.06,306.42
907057,2025-03-31,2265.31,3075.34
907064,2025-03-31,2265.56,1705.65
907072,2025-03-31,1409.62,1254.58
907079,2025-03-31,770.12,2026.65
907111,2025-03-31,667.82,1243.76
907122,2025-03-31,1485.73,5936.77
907124,2025-03-31,396.46,207.66
907146,2025-03-31,798.33,204.29
907155,2025-03-31,713.49,2654.53
907167,2025-03-31,4557.43,1719.31
907187,2025-03-31,2390.86,5731.04
907232,2025-03-31,1041.29,2900.5
907237,2025-03-31,94.75,617.08
907251,2025-03-31,764.22,3941.27
907254,2025-03-31,1889.13,5507.1
907256,2025-03-31,2977.27,7793.78
907264,2025-03-31,3787.22,1174.38
907272,2025-03-31,912.9,6174.55
907295,2025-03-31,1684.66,2762.09
907300,2025-03-31,3861.01,2156.08
907320,2025-03-31,450.89,172.99
907328,2025-03-31,205.02,255.0
907331,2025-03-31,880.36,2214.95
907339,2025-03-31,3106.44,2047.26
907391,2025-03-31,505.75,2567.54
907394,2025-03-31,2387.0,3186.95
907412,2025-03-31,536.65,287.99
907416,2025-03-31,461.98,2180.77
907426,2025-03-31,3940.8,3505.88
907429,2025-03-31,2739.06,4378.52
907443,2025-03-31,316.98,266.03
907451,2025-03-31,1535.78,2526.68
907477,2025-03-31,1304.87,3641.56
907485,2025-03-31,1877.57,5992.02
907505,2025-03-31,2306.44,787.59
907537,2025-03-31,457.03,392.4
907556,2025-03-31,1059.32,4907.43
907571,2025-03-31,3963.92,3424.29
907595,2025-03-31,2831.8,4725.04
907606,2025-03-31,469.64,1792.51
907636,2025-03-31,100.71,395.29
907654,2025-03-31,372.12,2322.09
907674,2025-03-31,2771.44,7554.4
907677,2025-03-31,4619.49,1380.02
907678,2025-03-31,3116.76,1116.84
907684,2025-03-31,2865.04,1553.41
907733,2025-03-31,143.47,317.81
907736,2025-03-31,6489.84,3528.4
907752,2025-03-31,2877.89,1911.79
907758,2025-03-31,580.77,203.48
907759,2025-03-31,2070.24,3595.97
907761,2025-03-31,324.16,250.5
907774,2025-03-31,2256.42,7358.33
907782,2025-03-31,575.83,400.48
907818,2025-03-31,4364.85,1954.51
907849,2025-03-31,438.18,885.97
907877,2025-03-31,2142.47,5105.0
907893,2025-03-31,555.63,2504.77
907915,2025-03-31,511.89,541.71
907919,2025-03-31,838.14,3366.01
907951,2025-03-31,2923.61,2296.02
907964,2025-03-31,1200.22,5431.48
907971,2025-03-31,2597.24,8001.91
907991,2025-03-31,1483.63,6517.62
908004,2025-03-31,1161.2,313.84
908017,2025-03-31,3634.59,4240.86
908038,2025-03-31,4700.35,2880.06
908061,2025-03-31,692.52,2764.01
908103,2025-03-31,1568.94,1312.12
908105,2025-03-31,4010.66,1715.21
908106,2025-03-31,947.42,3976.58
908133,2025-03-31,4390.12,1546.95
908134,2025-03-31,411.78,1341.05
908152,2025-03-31,1014.93,1402.3
908154,2025-03-31,2930.13,2168.47
908177,2025-03-31,1975.88,4294.43
908187,2025-03-31,3420.4,7549.13
908188,2025-03-31,2310.12,5492.3
908230,2025-03-31,3428.69,1936.79
908232,2025-03-31,629.89,3043.6
908266,2025-03-31,1782.1,2755.28
908275,2025-03-31,1090.91,1971.04
908289,2025-03-31,1592.7,891.55
908339,2025-03-31,2070.89,6149.55
908352,2025-03-31,4964.55,2829.68
908353,2025-03-31,333.93,883.96
908360,2025-03-31,3411.95,3090.66
908383,2025-03-31,1647.46,558.96
908392,2025-03-31,795.96,319.62
908430,2025-03-31,1044.67,805.52
908449,2025-03-31,784.03,1929.43
908466,2025-03-31,3812.41,3075.27
908499,2025-03-31,1682.79,2760.87
908501,2025-03-31,6453.78,2524.43
908512,2025-03-31,2629.93,7535.92
908521,2025-03-31,1123.78,2035.05
908539,2025-03-31,739.11,4554.21
908567,2025-03-31,76.9,417.65
908580,2025-03-31,2637.65,2721.51
908582,2025-03-31,803.41,2945.53
908590,2025-03-31,2549.49,3959.47
908607,2025-03-31,4210.24,1883.27
908609,2025-03-31,504.97,1879.85
908620,2025-03-31,734.72,413.66
908623,2025-03-31,4497.21,2475.81
908628,2025-03-31,749.58,2785.72
908645,2025-03-31,555.74,239.07
908653,2025-03-31,4470.89,1631.79
908661,2025-03-31,5858.55,2873.48
908691,2025-03-31,1831.08,3909.42
908700,2025-03-31,1058.92,2571.91
908718,2025-03-31,1579.86,4867.33
908727,2025-03-31,3083.93,2599.52
908749,2025-03-31,2254.01,2514.92
908772,2025-03-31,1622.52,6870.83
908789,2025-03-31,485.93,1738.83
908862,2025-03-31,1346.14,5048.47
908882,2025-03-31,346.86,734.06
908886,2025-03-31,3006.39,908.67
908922,2025-03-31,2346.65,1091.67
908929,2025-03-31,681.95,739.73
908983,2025-03-31,794.99,918.02
900024,2025-04-30,3490.66,2680.1
900030,2025-04-30,172.54,613.19
900052,2025-04-30,210.37,1045.36
900056,2025-04-30,911.9,360.99
900076,2025-04-30,285.86,1076.09
900091,2025-04-30,2485.58,5068.14
900103,2025-04-30,4070.28,2272.25
900136,2025-04-30,1257.49,2589.98
900137,2025-04-30,1098.19,4991.83
900145,2025-04-30,1926.2,3811.67
900156,2025-04-30,2089.73,2030.88
900214,2025-04-30,2154.97,3214.44
900260,2025-04-30,328.67,263.55
900263,2025-04-30,3876.44,1901.27
900270,2025-04-30,176.08,603.69
900302,2025-04-30,2785.26,8088.58
900306,2025-04-30,1646.33,7772.26
900322,2025-04-30,2748.78,7114.55
900329,2025-04-30,1121.87,3988.23
900348,2025-04-30,1355.88,858.27
900414,2025-04-30,2350.77,6600.73
900419,2025-04-30,523.05,233.06
900446,2025-04-30,467.8,1628.74
900531,2025-04-30,1691.81,3911.74
900582,2025-04-30,206.84,1202.74
900589,2025-04-30,1805.33,2512.36
900599,2025-04-30,1856.81,5802.93
900616,2025-04-30,1753.75,1647.87
900625,2025-04-30,875.21,1519.58
900640,2025-04-30,415.36,1250.47
900652,2025-04-30,577.12,956.34
900680,2025-04-30,1639.81,1456.25
900683,2025-04-30,2547.13,6620.85
900694,2025-04-30,130.5,391.44
900701,2025-04-30,2952.27,1052.11
900739,2025-04-30,3197.97,1995.37
900742,2025-04-30,376.29,263.59
900757,2025-04-30,5852.44,2352.9
900767,2025-04-30,1944.48,5899.77
900778,2025-04-30,1674.24,755.14
900804,2025-04-30,2778.6,5406.32
900808,2025-04-30,3910.12,2436.87
900814,2025-04-30,4866.09,1917.89
900827,2025-04-30,1043.47,503.27
900828,2025-04-30,2603.34,7490.56
900932,2025-04-30,2058.85,8327.42
900942,2025-04-30,3228.96,1998.77
900965,2025-04-30,4081.41,2758.48
900991,2025-04-30,562.48,3833.81
900993,2025-04-30,574.13,2312.65
901002,2025-04-30,636.07,2438.21
901022,2025-04-30,1429.21,1449.83
901023,2025-04-30,2543.05,5919.99
901030,2025-04-30,2267.72,4440.92
901037,2025-04-30,332.72,1547.23
901059,2025-04-30,2515.79,7722.57
901084,2025-04-30,774.65,3051.69
901091,2025-04-30,1432.53,7394.52
901092,2025-04-30,927.49,946.6
901099,2025-04-30,2724.43,9158.53
901107,2025-04-30,3270.86,3223.56
901117,2025-04-30,1096.14,4874.32
901141,2025-04-30,2155.03,5452.99
901194,2025-04-30,3180.88,2935.52
901251,2025-04-30,1003.37,609.8
901269,2025-04-30,4594.06,2383.34
901280,2025-04-30,547.11,212.76
901293,2025-04-30,144.41,858.14
901304,2025-04-30,4385.7,1205.63
901312,2025-04-30,3336.58,2169.08
901342,2025-04-30,3070.82,5572.15
901353,2025-04-30,2570.89,773.96
901372,2025-04-30,2356.32,2381.89
901378,2025-04-30,1177.8,2610.13
901383,2025-04-30,2557.9,1420.86
901429,2025-04-30,5115.2,1924.62
901434,2025-04-30,3707.98,1535.23
901463,2025-04-30,1301.11,2051.27
901471,2025-04-30,1820.72,1948.63
901474,2025-04-30,2152.17,4272.99
901482,2025-04-30,172.0,490.5
901490,2025-04-30,614.54,1507.76
901504,2025-04-30,1886.04,1398.17
901538,2025-04-30,806.34,2938.9
901567,2025-04-30,1119.73,3103.8
901589,2025-04-30,360.45,307.13
901607,2025-04-30,1127.08,779.69
901614,2025-04-30,2434.66,1838.65
901618,2025-04-30,577.9,2196.4
901623,2025-04-30,3569.3,4900.41
901632,2025-04-30,3414.33,1880.37
901647,2025-04-30,3110.73,4512.26
901663,2025-04-30,1192.48,5921.77
901688,2025-04-30,521.67,2372.36
901695,2025-04-30,966.85,3794.92
901728,2025-04-30,441.5,2697.23
901732,2025-04-30,976.98,4398.58
901744,2025-04-30,1537.0,1500.02
901759,2025-04-30,2709.22,5394.85
901807,2025-04-30,1541.68,1575.81
901808,2025-04-30,1739.79,766.54
901837,2025-04-30,3877.13,2012.26
901840,2025-04-30,3516.61,2799.85
901869,2025-04-30,4390.16,1705.6
901877,2025-04-30,4416.37,2114.75
901881,2025-04-30,593.38,2798.78
901903,2025-04-30,845.0,513.14
901913,2025-04-30,1377.26,4798.2
901960,2025-04-30,1538.08,4252.23
902000,2025-04-30,2456.97,1506.98
902029,2025-04-30,1614.49,4280.64
902042,2025-04-30,529.61,1033.35
902045,2025-04-30,74.46,589.49
902091,2025-04-30,4156.8,2228.92
902100,2025-04-30,1496.66,4083.03
902114,2025-04-30,1720.54,1249.58
902141,2025-04-30,784.64,707.01
902157,2025-04-30,3543.15,1623.28
902240,2025-04-30,143.83,512.69
902246,2025-04-30,116.32,443.46
902251,2025-04-30,616.97,1804.92
902263,2025-04-30,1086.05,5045.97
902281,2025-04-30,1672.04,4333.03
902284,2025-04-30,1157.52,1073.54
902289,2025-04-30,1512.84,1866.42
902290,2025-04-30,620.89,2594.82
902301,2025-04-30,3230.82,1677.37
902314,2025-04-30,1429.63,3594.49
902341,2025-04-30,1304.13,1885.79
902362,2025-04-30,317.11,1948.4
902364,2025-04-30,1167.83,3828.76
902380,2025-04-30,4524.05,2545.41
902389,2025-04-30,1286.53,3588.73
902428,2025-04-30,2078.95,536.53
902437,2025-04-30,144.04,735.47
902446,2025-04-30,3470.41,2105.05
902461,2025-04-30,1176.72,2208.28
902471,2025-04-30,2885.49,1296.5
902488,2025-04-30,861.13,1393.74
902490,2025-04-30,2277.01,6981.03
902493,2025-04-30,1634.18,3879.75
902511,2025-04-30,1889.29,6320.0
902520,2025-04-30,2003.56,1030.4
902526,2025-04-30,936.09,1247.91
902555,2025-04-30,4998.91,3706.49
902560,2025-04-30,2621.4,4515.31
902629,2025-04-30,616.42,2996.53
902643,2025-04-30,1151.63,6082.55
902644,2025-04-30,2578.45,1769.95
902649,2025-04-30,897.03,3739.39
902650,2025-04-30,1577.14,4623.25
902664,2025-04-30,1604.03,4133.7
902697,2025-04-30,1571.84,8747.34
902729,2025-04-30,539.18,369.5
902731,2025-04-30,2639.56,3684.85
902774,2025-04-30,611.57,2603.38
902791,2025-04-30,1727.97,1452.2
902805,2025-04-30,88.06,406.99
902832,2025-04-30,1423.44,7830.61
902886,2025-04-30,1335.65,518.97
902913,2025-04-30,938.08,3002.09
902922,2025-04-30,2015.8,5841.34
902958,2025-04-30,433.69,1360.55
902969,2025-04-30,776.26,2109.12
902975,2025-04-30,6138.18,1619.7
902981,2025-04-30,1613.83,4483.4
903007,2025-04-30,1218.73,1254.9
903018,2025-04-30,1343.95,4391.34
903053,2025-04-30,4613.9,3090.82
903075,2025-04-30,888.5,3328.58
903115,2025-04-30,2751.76,2271.82
903122,2025-04-30,710.45,2478.59
903154,2025-04-30,2978.47,2818.69
903169,2025-04-30,1769.28,1598.2
903184,2025-04-30,1907.48,4955.59
903229,2025-04-30,2523.45,1290.52
903230,2025-04-30,3101.8,7968.83
903232,2025-04-30,473.2,350.29
903240,2025-04-30,415.55,971.09
903256,2025-04-30,1123.36,965.01
903368,2025-04-30,451.22,1288.87
903374,2025-04-30,2804.12,1787.3
903403,2025-04-30,346.53,1430.99
903430,2025-04-30,445.87,2704.86
903439,2025-04-30,1004.95,371.91
903485,2025-04-30,1048.91,2259.44
903521,2025-04-30,1297.59,942.82
903536,2025-04-30,2129.72,2662.09
903586,2025-04-30,2946.53,2118.85
903616,2025-04-30,1214.94,4460.86
903627,2025-04-30,316.16,1334.77
903648,2025-04-30,976.89,4720.33
903684,2025-04-30,1155.38,2784.38
903713,2025-04-30,409.71,554.84
903720,2025-04-30,3174.62,2841.24
903734,2025-04-30,741.6,3033.11
903764,2025-04-30,136.77,554.2
903771,2025-04-30,1749.91,1750.66
903785,2025-04-30,3348.21,3323.48
903810,2025-04-30,1070.66,2899.84
903811,2025-04-30,3280.46,5950.78
903816,2025-04-30,1188.22,3850.3
903847,2025-04-30,1935.26,1959.59
903856,2025-04-30,2191.99,8599.54
903881,2025-04-30,1732.5,6422.77
903912,2025-04-30,288.49,930.76
903951,2025-04-30,3448.55,934.07
903953,2025-04-30,279.42,215.21
903994,2025-04-30,1393.35,4629.17
904006,2025-04-30,2926.86,8568.56
904007,2025-04-30,902.66,3898.2
904008,2025-04-30,3173.94,1225.71
904013,2025-04-30,326.03,1195.49
904039,2025-04-30,819.58,6089.34
904041,2025-04-30,793.26,3265.98
904081,2025-04-30,3838.25,2222.22
904151,2025-04-30,437.99,2013.21
904158,2025-04-30,998.5,2602.2
904176,2025-04-30,517.23,1515.0
904189,2025-04-30,943.81,1041.52
904217,2025-04-30,1274.45,658.65
904226,2025-04-30,1010.57,4269.1
904236,2025-04-30,761.94,316.18
904237,2025-04-30,3462.19,8355.04
904254,2025-04-30,2116.62,6176.0
904297,2025-04-30,2694.14,7247.44
904303,2025-04-30,3730.58,4286.69
904327,2025-04-30,307.9,243.91
904335,2025-04-30,1466.7,4254.37
904339,2025-04-30,2697.95,2743.68
904343,2025-04-30,1289.8,535.97
904357,2025-04-30,1172.64,3352.77
904364,2025-04-30,6736.98,1621.84
904386,2025-04-30,2806.51,7238.47
904392,2025-04-30,1119.61,8996.96
904397,2025-04-30,2491.38,6778.92
904436,2025-04-30,3131.98,1467.02
904440,2025-04-30,2177.77,7166.89
904446,2025-04-30,3085.04,1026.46
904450,2025-04-30,942.72,2211.32
904452,2025-04-30,1245.66,3770.06
904457,2025-04-30,1352.72,2925.15
904460,2025-04-30,3048.75,1897.1
904478,2025-04-30,3375.3,3487.55
904480,2025-04-30,789.46,6322.59
904487,2025-04-30,423.83,570.83
904491,2025-04-30,669.24,2388.16
904611,2025-04-30,3294.53,4392.17
904645,2025-04-30,3431.87,3819.43
904680,2025-04-30,1230.38,1953.46
904682,2025-04-30,1385.74,3326.94
904685,2025-04-30,1972.51,2624.66
904710,2025-04-30,2645.15,7823.71
904718,2025-04-30,1408.58,3397.03
904726,2025-04-30,1578.06,4172.52
904791,2025-04-30,1872.88,632.18
904797,2025-04-30,690.08,2872.37
904811,2025-04-30,619.52,309.21
904839,2025-04-30,1754.15,4985.32
904851,2025-04-30,1542.93,1082.26
904862,2025-04-30,664.53,678.86
904873,2025-04-30,2575.05,7091.14
904940,2025-04-30,304.28,691.57
904944,2025-04-30,903.97,665.66
904954,2025-04-30,1858.28,6316.8
905019,2025-04-30,1463.27,5085.81
905043,2025-04-30,2621.9,1704.06
905046,2025-04-30,1998.25,2017.08
905054,2025-04-30,862.18,2371.05
905058,2025-04-30,2653.03,7013.82
905060,2025-04-30,626.45,1859.33
905093,2025-04-30,1357.99,2169.96
905104,2025-04-30,3214.9,3814.74
905124,2025-04-30,3659.66,2776.46
905152,2025-04-30,788.22,734.22
905188,2025-04-30,1954.48,814.21
905190,2025-04-30,2131.3,743.81
905197,2025-04-30,994.51,613.14
905241,2025-04-30,331.87,629.67
905287,2025-04-30,1794.84,5702.07
905318,2025-04-30,814.72,603.34
905334,2025-04-30,593.06,269.37
905345,2025-04-30,191.92,668.91
905351,2025-04-30,350.99,1850.32
905358,2025-04-30,1651.05,3527.72
905374,2025-04-30,3278.28,2191.85
905435,2025-04-30,1772.86,5989.54
905459,2025-04-30,898.25,2970.57
905488,2025-04-30,550.05,1563.39
905509,2025-04-30,2931.14,4540.14
905545,2025-04-30,6364.52,1736.7
905556,2025-04-30,2913.45,8629.31
905598,2025-04-30,1388.7,1713.49
905614,2025-04-30,592.59,4056.49
905628,2025-04-30,1478.73,3287.34
905630,2025-04-30,2785.89,1644.57
905662,2025-04-30,770.74,2152.92
905663,2025-04-30,687.52,3414.96
905700,2025-04-30,1013.58,726.06
905780,2025-04-30,2310.36,5747.17
905793,2025-04-30,395.57,472.2
905796,2025-04-30,2201.05,1216.36
905838,2025-04-30,178.98,1091.84
905840,2025-04-30,1788.67,4362.65
905841,2025-04-30,1790.58,755.45
905850,2025-04-30,2573.71,8369.09
905857,2025-04-30,1626.12,4808.09
905864,2025-04-30,1328.14,447.09
905881,2025-04-30,370.25,289.51
905885,2025-04-30,1568.49,1314.6
905909,2025-04-30,2869.71,819.67
905919,2025-04-30,1302.49,4226.35
905955,2025-04-30,477.52,1493.74
905957,2025-04-30,3362.46,6901.58
905977,2025-04-30,1298.41,6567.69
905987,2025-04-30,3054.1,1784.46
906027,2025-04-30,325.15,1630.84
906030,2025-04-30,4841.62,1565.0
906048,2025-04-30,2187.5,3463.11
906075,2025-04-30,3018.75,7565.09
906115,2025-04-30,1619.8,1270.2
906156,2025-04-30,2870.37,1315.92
906231,2025-04-30,2019.7,4072.08
906258,2025-04-30,1333.05,2706.63
906281,2025-04-30,992.83,484.97
906285,2025-04-30,1466.57,8449.36
906289,2025-04-30,2609.6,6837.71
906340,2025-04-30,2362.48,1532.66
906350,2025-04-30,602.06,312.71
906465,2025-04-30,4590.63,2685.93
906468,2025-04-30,1272.02,292.85
906501,2025-04-30,317.8,1202.5
906560,2025-04-30,5132.57,2082.38
906561,2025-04-30,2261.86,2760.06
906582,2025-04-30,1514.05,3624.18
906583,2025-04-30,2132.11,6541.04
906611,2025-04-30,173.04,881.28
906632,2025-04-30,2896.75,2606.74
906673,2025-04-30,1289.33,4135.74
906704,2025-04-30,1087.3,2811.07
906711,2025-04-30,4115.45,1959.68
906712,2025-04-30,734.02,1777.33
906718,2025-04-30,463.79,2392.37
906740,2025-04-30,958.89,747.39
906760,2025-04-30,1298.04,3326.03
906772,2025-04-30,2053.73,5040.95
906816,2025-04-30,1070.21,3746.17
906819,2025-04-30,889.34,3762.86
906821,2025-04-30,2906.7,1045.6
906834,2025-04-30,4099.55,3733.68
906837,2025-04-30,1210.19,3034.52
906839,2025-04-30,1597.28,7441.25
906880,2025-04-30,795.72,2575.37
906928,2025-04-30,6499.18,2038.0
906947,2025-04-30,1381.25,432.2
906979,2025-04-30,437.68,528.16
906990,2025-04-30,2949.13,3255.61
906991,2025-04-30,1549.08,6075.84
907054,2025-04-30,2414.09,1669.53
907057,2025-04-30,341.31,369.76
907064,2025-04-30,2041.62,1046.71
907082,2025-04-30,3329.07,2644.79
907085,2025-04-30,3481.26,1685.07
907092,2025-04-30,2253.9,6011.88
907116,2025-04-30,1859.95,5746.05
907155,2025-04-30,2875.68,7653.53
907166,2025-04-30,435.83,166.22
907169,2025-04-30,1950.36,653.23
907187,2025-04-30,1950.17,8045.13
907199,2025-04-30,1906.21,2776.07
907212,2025-04-30,1305.42,2580.23
907232,2025-04-30,1037.54,5010.04
907237,2025-04-30,2066.2,7915.49
907251,2025-04-30,2070.93,9088.38
907254,2025-04-30,1412.47,3033.88
907256,2025-04-30,969.75,6178.41
907262,2025-04-30,2030.42,1812.96
907264,2025-04-30,4368.18,1310.57
907272,2025-04-30,1180.8,3002.31
907295,2025-04-30,1313.08,4034.39
907300,2025-04-30,2090.21,1161.06
907317,2025-04-30,721.02,2201.75
907328,2025-04-30,2610.33,2585.0
907331,2025-04-30,561.93,2906.71
907339,2025-04-30,3228.13,3433.05
907341,2025-04-30,3712.12,3316.36
907391,2025-04-30,447.59,2593.77
907394,2025-04-30,3133.54,3876.93
907406,2025-04-30,816.4,586.65
907412,2025-04-30,3927.32,1858.28
907429,2025-04-30,1141.2,1041.46
907444,2025-04-30,411.89,1513.98
907460,2025-04-30,2138.37,4815.12
907505,2025-04-30,1748.88,1132.74
907508,2025-04-30,582.05,3755.8
907531,2025-04-30,2790.9,5691.54
907537,2025-04-30,260.91,250.25
907556,2025-04-30,2428.5,9261.95
907575,2025-04-30,1148.94,5876.94
907591,2025-04-30,1546.46,6414.22
907593,2025-04-30,3411.3,1539.1
907606,2025-04-30,707.67,1748.5
907608,2025-04-30,341.73,1236.04
907630,2025-04-30,2143.92,6781.56
907636,2025-04-30,664.66,1787.89
907641,2025-04-30,786.95,940.33
907643,2025-04-30,456.73,1001.0
907654,2025-04-30,726.62,4092.56
907674,2025-04-30,1047.81,5070.62
907678,2025-04-30,4368.56,1535.94
907684,2025-04-30,2088.43,1309.76
907735,2025-04-30,2471.36,6263.2
907736,2025-04-30,4219.6,1817.46
907752,2025-04-30,646.26,171.56
907755,2025-04-30,862.92,2359.0
907758,2025-04-30,5136.42,2541.37
907759,2025-04-30,939.68,4042.69
907761,2025-04-30,2511.17,2244.33
907800,2025-04-30,415.55,813.89
907818,2025-04-30,2010.4,730.65
907849,2025-04-30,925.24,4339.38
907878,2025-04-30,218.84,744.41
907893,2025-04-30,1041.67,2185.77
907937,2025-04-30,2071.81,4526.15
907950,2025-04-30,1451.16,9697.59
907951,2025-04-30,2681.97,1545.69
907964,2025-04-30,1779.11,5459.28
907971,2025-04-30,1022.8,2929.86
907991,2025-04-30,928.13,4132.91
908004,2025-04-30,3553.75,2435.44
908006,2025-04-30,2601.21,6639.71
908038,2025-04-30,958.47,1316.6
908061,2025-04-30,1436.08,6023.54
908134,2025-04-30,2151.56,6172.97
908154,2025-04-30,389.81,371.66
908187,2025-04-30,1030.23,4339.88
908188,2025-04-30,1496.88,5298.86
908219,2025-04-30,943.76,840.48
908232,2025-04-30,1451.94,2792.25
908258,2025-04-30,3006.07,1407.26
908275,2025-04-30,278.49,1059.07
908289,2025-04-30,4539.04,3013.34
908352,2025-04-30,1503.78,596.17
908360,2025-04-30,2611.72,2749.22
908383,2025-04-30,2115.19,669.78
908392,2025-04-30,5537.94,1707.91
908417,2025-04-30,1141.68,611.14
908425,2025-04-30,1088.29,3956.46
908427,2025-04-30,733.74,3502.91
908430,2025-04-30,1499.41,1338.12
908449,2025-04-30,962.64,6902.47
908461,2025-04-30,164.18,807.11
908499,2025-04-30,97.64,326.51
908501,2025-04-30,2875.47,1028.98
908532,2025-04-30,2512.84,764.13
908557,2025-04-30,679.02,2970.22
908572,2025-04-30,1659.41,8978.02
908576,2025-04-30,863.15,2265.45
908580,2025-04-30,4442.2,3438.82
908583,2025-04-30,3091.88,9464.9
908590,2025-04-30,3098.65,5506.51
908607,2025-04-30,3947.92,1508.99
908609,2025-04-30,633.51,4498.31
908623,2025-04-30,6503.88,2493.54
908628,2025-04-30,2415.8,6318.02
908677,2025-04-30,208.49,796.19
908693,2025-04-30,4116.7,1356.14
908700,2025-04-30,237.02,800.8
908718,2025-04-30,1022.09,3833.92
908732,2025-04-30,1021.33,1413.71
908745,2025-04-30,3426.29,2553.76
908749,2025-04-30,2193.45,2102.88
908772,2025-04-30,2748.83,7546.28
908785,2025-04-30,926.91,2004.05
908789,2025-04-30,2008.45,3538.77
908860,2025-04-30,351.97,851.38
908862,2025-04-30,667.74,4687.9
908882,2025-04-30,2399.96,7202.53
908886,2025-04-30,2221.28,686.23
908922,2025-04-30,599.94,417.02
908926,2025-04-30,393.71,1292.03
908929,2025-04-30,3360.2,4538.33
908983,2025-04-30,2640.38,2706.2
900020,2025-05-31,3464.1,8485.9
900024,2025-05-31,857.23,947.83
900030,2025-05-31,275.15,767.75
900052,2025-05-31,591.7,1560.92
900056,2025-05-31,512.84,134.89
900076,2025-05-31,1138.45,3559.26
900136,2025-05-31,497.65,826.1
900137,2025-05-31,146.11,634.45
900156,2025-05-31,1530.31,1644.71
900157,2025-05-31,2258.69,7205.48
900214,2025-05-31,2912.24,2329.46
900232,2025-05-31,3003.41,3191.27
900260,2025-05-31,3455.53,1932.8
900270,2025-05-31,1252.96,7380.26
900306,2025-05-31,1567.77,4668.87
900355,2025-05-31,2390.76,1159.02
900416,2025-05-31,2911.19,5201.39
900417,2025-05-31,398.33,810.56
900419,2025-05-31,919.98,338.96
900446,2025-05-31,1587.37,4688.34
900455,2025-05-31,2354.96,3018.68
900477,2025-05-31,1196.5,643.49
900518,2025-05-31,1841.79,1916.76
900531,2025-05-31,551.8,2670.45
900542,2025-05-31,3124.18,3005.8
900589,2025-05-31,3482.91,2678.3
900616,2025-05-31,2258.05,2865.31
900625,2025-05-31,666.4,2255.66
900634,2025-05-31,3515.83,1389.64
900661,2025-05-31,2767.89,2105.37
900668,2025-05-31,5068.18,2077.34
900669,2025-05-31,269.21,870.39
900683,2025-05-31,654.06,2500.24
900686,2025-05-31,2463.62,1021.5
900694,2025-05-31,924.58,4747.7
900701,2025-05-31,1808.03,663.74
900710,2025-05-31,318.72,716.06
900742,2025-05-31,2775.7,3217.86
900743,2025-05-31,2076.62,7108.21
900757,2025-05-31,2311.71,808.92
900804,2025-05-31,2217.94,8408.85
900814,2025-05-31,3307.51,1700.51
900827,2025-05-31,1763.95,1003.06
900901,2025-05-31,3458.78,1797.06
900932,2025-05-31,1812.62,7542.48
900966,2025-05-31,1153.08,3480.08
900985,2025-05-31,1838.73,3810.27
901000,2025-05-31,855.51,1050.5
901006,2025-05-31,176.9,1053.35
901030,2025-05-31,412.73,1369.15
901031,2025-05-31,4559.3,3095.9
901037,2025-05-31,218.46,633.2
901059,2025-05-31,605.17,1221.98
901070,2025-05-31,1268.89,3498.46
901084,2025-05-31,738.58,2900.23
901091,2025-05-31,299.77,1503.22
901099,2025-05-31,1797.7,7901.17
901107,2025-05-31,2619.42,3246.53
901119,2025-05-31,638.43,870.17
901156,2025-05-31,538.29,383.96
901169,2025-05-31,1282.53,752.29
901179,2025-05-31,1455.48,603.14
901193,2025-05-31,2501.23,717.4
901280,2025-05-31,509.81,311.41
901293,2025-05-31,433.06,968.04
901312,2025-05-31,3172.21,1792.39
901344,2025-05-31,2907.55,1359.14
901353,2025-05-31,4017.33,2983.64
901354,2025-05-31,1049.65,3895.65
901361,2025-05-31,1353.47,4675.82
901363,2025-05-31,288.67,1717.02
901378,2025-05-31,685.17,1986.97
901383,2025-05-31,4278.1,2073.4
901429,2025-05-31,4123.73,1320.81
901434,2025-05-31,1466.12,764.45
901445,2025-05-31,1349.98,5965.58
901463,2025-05-31,302.82,761.44
901471,2025-05-31,2729.42,2554.8
901474,2025-05-31,800.04,4954.46
901478,2025-05-31,2797.99,3446.39
901504,2025-05-31,3961.58,2345.49
901537,2025-05-31,1152.49,3175.67
901538,2025-05-31,2051.35,5042.84
901567,2025-05-31,3075.6,5922.42
901614,2025-05-31,716.87,613.62
901618,2025-05-31,283.29,1618.29
901623,2025-05-31,638.6,811.74
901630,2025-05-31,1210.52,1158.64
901663,2025-05-31,1191.51,7324.93
901695,2025-05-31,1836.81,2752.46
901732,2025-05-31,585.97,3236.18
901744,2025-05-31,1305.04,913.78
901783,2025-05-31,1002.24,2024.24
901785,2025-05-31,1120.9,1508.67
901794,2025-05-31,3302.13,1476.28
901816,2025-05-31,1393.12,1637.85
901837,2025-05-31,986.78,606.96
901860,2025-05-31,910.92,3698.54
901869,2025-05-31,1232.36,530.36
901877,2025-05-31,1614.45,894.05
901881,2025-05-31,696.11,4639.31
901913,2025-05-31,2617.72,6832.45
901952,2025-05-31,2201.14,556.42
901959,2025-05-31,2551.47,8762.87
901967,2025-05-31,2348.35,6697.79
901984,2025-05-31,2985.47,3452.55
902000,2025-05-31,1812.78,1671.95
902011,2025-05-31,5330.94,1732.04
902029,2025-05-31,1268.77,3970.74
902045,2025-05-31,3129.58,8029.96
902072,2025-05-31,3455.56,2411.52
902091,2025-05-31,2887.85,1681.31
902106,2025-05-31,1174.13,298.39
902113,2025-05-31,2682.42,2962.57
902141,2025-05-31,2903.06,2478.01
902157,2025-05-31,2102.47,1203.99
902180,2025-05-31,1920.87,5879.62
902213,2025-05-31,1634.63,4581.08
902240,2025-05-31,1009.54,6215.81
902246,2025-05-31,1437.52,4908.63
902281,2025-05-31,250.52,646.72
902289,2025-05-31,1150.42,1081.85
902314,2025-05-31,1422.82,5376.31
902364,2025-05-31,1140.84,5256.65
902380,2025-05-31,2197.49,1071.6
902389,2025-05-31,88.59,311.12
902395,2025-05-31,3023.09,8606.13
902402,2025-05-31,700.58,331.97
902425,2025-05-31,153.74,624.64
902428,2025-05-31,588.72,327.07
902431,2025-05-31,1226.15,735.52
902461,2025-05-31,1355.66,5028.18
902465,2025-05-31,305.51,1934.36
902471,2025-05-31,2227.91,967.19
902482,2025-05-31,3129.32,1606.49
902488,2025-05-31,1369.43,1189.5
902511,2025-05-31,1681.86,4406.04
902555,2025-05-31,1810.7,2489.02
902569,2025-05-31,276.23,428.89
902643,2025-05-31,1183.14,6109.85
902644,2025-05-31,642.5,997.0
902649,2025-05-31,411.7,1050.77
902650,2025-05-31,914.93,1587.31
902673,2025-05-31,3487.32,2346.98
902697,2025-05-31,1303.93,3410.33
902704,2025-05-31,220.55,354.38
902712,2025-05-31,1737.07,4193.83
902731,2025-05-31,3020.64,2407.84
902751,2025-05-31,3568.52,3483.89
902774,2025-05-31,1135.37,4230.08
902886,2025-05-31,1143.67,578.61
902913,2025-05-31,67.09,439.65
902922,2025-05-31,1417.23,7354.91
902956,2025-05-31,1618.68,8261.12
902958,2025-05-31,781.36,1721.82
902966,2025-05-31,2837.35,2804.03
902975,2025-05-31,5590.61,3039.22
902981,2025-05-31,2126.02,9706.91
902986,2025-05-31,989.75,5824.38
903007,2025-05-31,3083.58,2392.1
903018,2025-05-31,230.78,564.38
903020,2025-05-31,2098.86,2509.23
903053,2025-05-31,1978.97,939.32
903075,2025-05-31,1277.88,4762.05
903104,2025-05-31,1681.45,2604.98
903115,2025-05-31,4483.57,1539.69
903122,2025-05-31,1251.89,3875.8
903132,2025-05-31,399.86,1828.81
903154,2025-05-31,4513.61,4877.36
903169,2025-05-31,2449.87,2004.31
903184,2025-05-31,1339.57,6528.78
903229,2025-05-31,3642.27,1154.9
903230,2025-05-31,910.79,4463.02
903232,2025-05-31,5978.63,1448.06
903240,2025-05-31,1105.73,3420.93
903275,2025-05-31,840.84,1064.51
903368,2025-05-31,319.61,793.56
903385,2025-05-31,714.61,1139.67
903386,2025-05-31,3068.76,4585.31
903403,2025-05-31,233.84,1708.32
903420,2025-05-31,3323.83,1560.56
903430,2025-05-31,2575.56,7117.83
903461,2025-05-31,193.71,590.79
903463,2025-05-31,1926.88,1347.72
903485,2025-05-31,692.93,3036.56
903521,2025-05-31,1458.08,1486.76
903536,2025-05-31,929.22,710.8
903566,2025-05-31,2182.14,6217.17
903579,2025-05-31,1634.7,3981.65
903580,2025-05-31,1557.72,7566.5
903590,2025-05-31,828.85,4604.21
903598,2025-05-31,208.02,1061.17
903608,2025-05-31,403.09,181.04
903616,2025-05-31,721.76,2045.75
903643,2025-05-31,1605.77,4233.33
903648,2025-05-31,1011.06,3480.08
903653,2025-05-31,1586.29,5467.66
903723,2025-05-31,2972.11,2945.62
903734,2025-05-31,1190.24,3549.61
903771,2025-05-31,3215.79,2260.66
903785,2025-05-31,3571.38,2265.11
903794,2025-05-31,1082.6,2091.46
903796,2025-05-31,2264.14,4766.91
903811,2025-05-31,3506.41,8269.85
903815,2025-05-31,266.21,225.1
903816,2025-05-31,1232.65,3649.45
903847,2025-05-31,3039.82,3348.75
903906,2025-05-31,871.21,4813.67
903912,2025-05-31,1332.36,4619.0
903951,2025-05-31,5926.32,2803.8
903953,2025-05-31,3893.51,3899.97
903994,2025-05-31,2486.19,5650.78
904006,2025-05-31,1432.42,2525.7
904008,2025-05-31,2499.87,1561.34
904013,2025-05-31,1479.58,7114.13
904015,2025-05-31,2290.71,3921.58
904022,2025-05-31,2757.28,1698.55
904039,2025-05-31,1294.22,7464.09
904041,2025-05-31,1896.6,6913.96
904081,2025-05-31,1100.77,1353.04
904149,2025-05-31,761.05,1692.83
904176,2025-05-31,1935.19,5515.48
904193,2025-05-31,956.57,1205.05
904217,2025-05-31,3503.46,1577.73
904226,2025-05-31,2252.08,5348.85
904236,2025-05-31,2236.33,1452.26
904237,2025-05-31,165.52,559.5
904254,2025-05-31,1411.03,5149.82
904291,2025-05-31,2887.88,869.18
904297,2025-05-31,114.84,426.83
904327,2025-05-31,441.88,599.79
904339,2025-05-31,1342.27,932.54
904343,2025-05-31,4199.3,2588.77
904357,2025-05-31,933.57,6974.44
904392,2025-05-31,1015.27,1996.9
904394,2025-05-31,1859.82,8386.04
904397,2025-05-31,650.53,2461.78
904436,2025-05-31,1185.14,909.79
904450,2025-05-31,116.32,645.35
904453,2025-05-31,807.78,886.97
904457,2025-05-31,388.2,1839.22
904460,2025-05-31,1994.21,772.87
904478,2025-05-31,1924.56,2272.6
904487,2025-05-31,3597.56,2981.6
904491,2025-05-31,2090.85,4948.35
904528,2025-05-31,1629.07,1706.69
904611,2025-05-31,4351.52,4798.36
904645,2025-05-31,3354.4,3319.3
904680,2025-05-31,2065.6,4631.81
904685,2025-05-31,1145.44,1004.9
904710,2025-05-31,1423.47,2401.6
904716,2025-05-31,878.86,3059.18
904739,2025-05-31,781.64,2109.2
904740,2025-05-31,1823.98,6109.56
904786,2025-05-31,2734.3,1365.84
904791,2025-05-31,5779.7,1921.8
904794,2025-05-31,4113.5,1892.02
904797,2025-05-31,1037.4,7647.34
904829,2025-05-31,1198.08,2169.49
904841,2025-05-31,2742.11,2612.8
904876,2025-05-31,1335.27,801.69
904917,2025-05-31,2530.6,7776.34
904934,2025-05-31,1733.19,1555.14
904944,2025-05-31,3136.52,1334.47
904976,2025-05-31,1193.8,3579.21
905012,2025-05-31,694.44,4475.42
905019,2025-05-31,677.87,2124.97
905043,2025-05-31,1018.34,407.78
905054,2025-05-31,1396.62,3967.1
905058,2025-05-31,706.85,2455.7
905093,2025-05-31,616.12,3805.91
905104,2025-05-31,3803.87,4003.72
905115,2025-05-31,940.13,2905.42
905118,2025-05-31,3217.05,2473.04
905180,2025-05-31,3860.79,2011.76
905188,2025-05-31,1350.52,692.93
905190,2025-05-31,2826.02,917.17
905197,2025-05-31,4395.95,1626.09
905218,2025-05-31,3077.15,1130.83
905247,2025-05-31,1056.93,3599.81
905267,2025-05-31,847.08,487.89
905316,2025-05-31,1039.84,4077.43
905318,2025-05-31,924.9,1035.37
905345,2025-05-31,470.01,2374.55
905360,2025-05-31,2418.32,4902.67
905377,2025-05-31,785.79,2013.71
905383,2025-05-31,561.59,2593.18
905386,2025-05-31,3093.42,1884.11
905397,2025-05-31,2045.09,1402.22
905410,2025-05-31,466.09,1749.0
905435,2025-05-31,2603.15,7068.85
905445,2025-05-31,6457.98,1653.1
905455,2025-05-31,139.69,485.01
905459,2025-05-31,491.69,2415.36
905464,2025-05-31,2455.98,4392.25
905471,2025-05-31,1458.93,1515.03
905488,2025-05-31,2529.28,6014.29
905509,2025-05-31,3603.56,3597.46
905533,2025-05-31,2880.64,4841.74
905544,2025-05-31,2175.82,1882.86
905556,2025-05-31,1600.03,5714.11
905572,2025-05-31,2844.61,1181.26
905573,2025-05-31,1653.89,4691.49
905592,2025-05-31,160.82,666.82
905598,2025-05-31,2033.16,2836.26
905614,2025-05-31,1542.95,3103.61
905630,2025-05-31,1161.46,885.38
905659,2025-05-31,1275.78,3746.35
905662,2025-05-31,726.14,3733.43
905663,2025-05-31,311.26,1384.45
905680,2025-05-31,5970.75,1667.63
905689,2025-05-31,4745.29,1744.71
905700,2025-05-31,2741.89,1141.71
905719,2025-05-31,5523.27,2141.24
905721,2025-05-31,542.34,1517.81
905770,2025-05-31,1022.59,619.68
905788,2025-05-31,1196.42,1683.31
905793,2025-05-31,2960.87,2164.51
905850,2025-05-31,1193.13,4394.17
905856,2025-05-31,1553.24,634.49
905857,2025-05-31,963.37,2006.41
905885,2025-05-31,1863.75,2027.0
905896,2025-05-31,584.72,1185.6
905909,2025-05-31,1216.75,665.91
905919,2025-05-31,2365.68,4782.68
905987,2025-05-31,4702.64,5067.34
906027,2025-05-31,2421.76,7694.92
906030,2025-05-31,1343.66,312.79
906075,2025-05-31,2176.04,5797.25
906107,2025-05-31,1695.68,4133.12
906114,2025-05-31,2346.43,2087.95
906127,2025-05-31,192.75,425.5
906139,2025-05-31,961.02,4949.86
906156,2025-05-31,488.46,183.97
906166,2025-05-31,2216.47,1957.31
906184,2025-05-31,379.88,2012.52
906186,2025-05-31,959.18,4091.98
906228,2025-05-31,689.22,1558.21
906281,2025-05-31,785.02,228.67
906283,2025-05-31,219.64,774.67
906285,2025-05-31,1417.16,7402.38
906312,2025-05-31,78.7,347.16
906314,2025-05-31,1591.94,6289.03
906368,2025-05-31,517.71,1436.85
906438,2025-05-31,992.8,366.69
906460,2025-05-31,1323.7,4107.82
906468,2025-05-31,2724.9,748.33
906500,2025-05-31,1373.11,4251.91
906506,2025-05-31,551.23,2706.3
906542,2025-05-31,2252.95,4651.73
906559,2025-05-31,1066.45,7954.17
906561,2025-05-31,2587.98,3798.61
906573,2025-05-31,244.02,976.17
906590,2025-05-31,151.84,655.52
906620,2025-05-31,944.22,2711.11
906632,2025-05-31,927.97,1151.19
906651,2025-05-31,2749.16,7785.47
906663,2025-05-31,1538.69,2238.36
906704,2025-05-31,951.05,3852.04
906712,2025-05-31,1685.33,3719.9
906716,2025-05-31,2066.08,4415.19
906718,2025-05-31,103.76,343.83
906727,2025-05-31,3161.63,2646.89
906740,2025-05-31,4369.91,3982.87
906759,2025-05-31,434.18,622.01
906765,2025-05-31,2717.27,8187.23
906772,2025-05-31,1161.46,4377.05
906821,2025-05-31,4540.27,2811.89
906834,2025-05-31,1851.47,1170.12
906837,2025-05-31,1566.37,4927.7
906839,2025-05-31,2600.83,6719.32
906862,2025-05-31,1211.45,4939.96
906866,2025-05-31,2794.65,8768.74
906880,2025-05-31,1489.28,5420.92
906928,2025-05-31,3795.9,2054.26
906947,2025-05-31,4802.75,1480.7
906960,2025-05-31,871.28,1084.03
906979,2025-05-31,5142.99,3483.29
906991,2025-05-31,458.61,1475.76
907024,2025-05-31,5512.43,1825.11
907054,2025-05-31,6011.55,1922.39
907057,2025-05-31,1845.14,1625.16
907064,2025-05-31,371.06,157.89
907079,2025-05-31,558.45,3058.32
907082,2025-05-31,2226.64,2126.7
907085,2025-05-31,761.34,330.18
907092,2025-05-31,2343.58,5299.85
907116,2025-05-31,188.25,1020.57
907119,2025-05-31,4087.55,1012.67
907122,2025-05-31,1153.85,2764.12
907124,2025-05-31,991.22,260.66
907146,2025-05-31,4810.35,2129.87
907155,2025-05-31,742.41,2412.31
907169,2025-05-31,4307.4,2054.83
907182,2025-05-31,2663.26,829.09
907199,2025-05-31,2223.07,2897.89
907200,2025-05-31,792.8,429.7
907212,2025-05-31,2719.03,4850.66
907232,2025-05-31,681.84,2361.55
907264,2025-05-31,2946.02,2310.18
907295,2025-05-31,1016.36,4372.85
907300,2025-05-31,4939.78,2739.72
907320,2025-05-31,694.54,379.07
907328,2025-05-31,1986.14,2343.26
907331,2025-05-31,3122.83,4995.86
907339,2025-05-31,2837.23,1891.57
907372,2025-05-31,1001.65,920.23
907391,2025-05-31,1571.86,2850.76
907394,2025-05-31,616.0,464.08
907412,2025-05-31,2460.73,1945.08
907416,2025-05-31,1921.42,9675.22
907422,2025-05-31,3337.68,2907.86
907426,2025-05-31,972.48,623.16
907429,2025-05-31,3330.43,3262.97
907444,2025-05-31,1074.76,2461.26
907477,2025-05-31,1222.47,4498.7
907485,2025-05-31,1332.21,3631.67
907505,2025-05-31,3488.52,1928.51
907508,2025-05-31,2064.41,5571.24
907531,2025-05-31,1126.16,3840.52
907593,2025-05-31,2477.56,1369.45
907595,2025-05-31,696.71,1336.1
907596,2025-05-31,1349.72,3649.31
907630,2025-05-31,976.68,2883.75
907641,2025-05-31,3961.59,2874.37
907642,2025-05-31,1115.92,5181.3
907654,2025-05-31,1069.23,3924.15
907671,2025-05-31,524.06,419.58
907673,2025-05-31,2340.33,1170.07
907674,2025-05-31,1950.42,4668.25
907677,2025-05-31,2575.19,1505.1
907678,2025-05-31,3363.55,1960.01
907684,2025-05-31,3221.03,1284.49
907696,2025-05-31,248.04,154.57
907720,2025-05-31,977.0,2044.12
907752,2025-05-31,1517.14,664.94
907755,2025-05-31,3235.98,9094.93
907759,2025-05-31,845.12,2081.09
907770,2025-05-31,4074.27,1194.34
907774,2025-05-31,2672.37,9451.19
907782,2025-05-31,1260.53,1581.76
907844,2025-05-31,4609.3,3925.74
907849,2025-05-31,2008.97,7260.16
907878,2025-05-31,618.77,3872.4
907885,2025-05-31,1324.44,4394.42
907893,2025-05-31,899.83,3632.29
907919,2025-05-31,2870.22,6135.44
907937,2025-05-31,640.4,2049.71
907950,2025-05-31,1205.68,6334.37
907951,2025-05-31,2749.02,1411.12
907964,2025-05-31,577.58,1083.99
907971,2025-05-31,409.81,1641.11
908002,2025-05-31,848.65,5439.58
908017,2025-05-31,1691.39,1212.4
908039,2025-05-31,1611.37,6499.01
908092,2025-05-31,505.42,2305.32
908103,2025-05-31,2810.7,2156.99
908105,2025-05-31,3128.81,1717.06
908133,2025-05-31,832.37,412.72
908154,2025-05-31,526.57,685.17
908180,2025-05-31,1201.85,971.92
908187,2025-05-31,1678.35,4513.81
908188,2025-05-31,394.01,1316.09
908219,2025-05-31,1627.4,2379.92
908228,2025-05-31,1591.04,4549.84
908246,2025-05-31,1758.87,7091.58
908258,2025-05-31,1073.75,406.23
908266,2025-05-31,990.62,1363.2
908275,2025-05-31,663.1,3240.78
908339,2025-05-31,135.96,308.06
908353,2025-05-31,1966.26,5061.29
908360,2025-05-31,2718.74,2573.31
908383,2025-05-31,3791.64,1984.84
908392,2025-05-31,3461.28,1271.27
908428,2025-05-31,2185.6,6341.27
908461,2025-05-31,1114.74,4517.01
908466,2025-05-31,3863.88,1924.75
908482,2025-05-31,801.96,3107.06
908512,2025-05-31,859.04,2093.06
908567,2025-05-31,467.17,846.23
908572,2025-05-31,624.15,3803.14
908576,2025-05-31,243.67,748.96
908583,2025-05-31,182.26,419.33
908589,2025-05-31,203.75,988.99
908590,2025-05-31,2483.88,7228.87
908607,2025-05-31,4248.28,2213.49
908609,2025-05-31,268.68,1084.46
908620,2025-05-31,3389.67,1326.75
908628,2025-05-31,121.23,542.25
908643,2025-05-31,1865.77,1463.24
908653,2025-05-31,1936.51,1213.45
908677,2025-05-31,2360.35,6660.81
908681,2025-05-31,1236.86,3375.9
908691,2025-05-31,1314.8,4327.13
908693,2025-05-31,2195.26,790.42
908718,2025-05-31,2098.15,7452.42
908732,2025-05-31,3512.75,2295.39
908746,2025-05-31,4022.7,1269.97
908785,2025-05-31,898.08,2373.24
908811,2025-05-31,2545.88,2744.15
908826,2025-05-31,3815.56,4443.85
908860,2025-05-31,252.13,488.18
908879,2025-05-31,5156.84,1219.57
908926,2025-05-31,1059.06,1876.6
908939,2025-05-31,2269.86,1799.43
908983,2025-05-31,1771.04,1550.84
900024,2025-06-30,3258.45,2957.71
900030,2025-06-30,1514.94,6047.12
900052,2025-06-30,1273.99,6015.04
900076,2025-06-30,1310.65,5096.72
900085,2025-06-30,1421.38,3263.93
900091,2025-06-30,681.62,2554.54
900098,2025-06-30,985.11,4402.1
900103,2025-06-30,1691.18,859.32
900137,2025-06-30,2006.19,4530.17
900157,2025-06-30,406.95,2927.75
900232,2025-06-30,565.09,593.21
900263,2025-06-30,875.84,362.36
900270,2025-06-30,1546.14,8288.74
900280,2025-06-30,209.84,735.42
900322,2025-06-30,2719.13,8215.2
900329,2025-06-30,1106.26,5207.72
900331,2025-06-30,411.27,177.08
900358,2025-06-30,1344.83,3431.61
900401,2025-06-30,1594.1,1005.89
900411,2025-06-30,1132.03,6258.15
900417,2025-06-30,1706.32,4320.98
900419,2025-06-30,3729.7,2981.46
900433,2025-06-30,1884.58,2924.39
900444,2025-06-30,2004.0,8548.17
900455,2025-06-30,347.95,317.43
900518,2025-06-30,2421.22,2563.54
900522,2025-06-30,3360.87,2224.37
900531,2025-06-30,1179.2,4520.31
900551,2025-06-30,1672.15,5331.37
900582,2025-06-30,2432.23,4090.72
900599,2025-06-30,1225.17,3479.18
900616,2025-06-30,1460.1,1627.09
900634,2025-06-30,2579.78,900.17
900652,2025-06-30,708.47,3376.08
900661,2025-06-30,2464.91,2932.85
900668,2025-06-30,3276.58,1534.43
900669,2025-06-30,1248.28,4101.96
900680,2025-06-30,1164.29,1527.81
900683,2025-06-30,150.43,509.22
900686,2025-06-30,3107.94,1196.99
900694,2025-06-30,937.05,1690.44
900701,2025-06-30,947.49,301.86
900743,2025-06-30,755.51,5439.24
900750,2025-06-30,3895.15,2680.22
900754,2025-06-30,1123.61,3817.61
900774,2025-06-30,2255.38,8000.58
900777,2025-06-30,344.64,762.88
900778,2025-06-30,3300.38,1226.03
900804,2025-06-30,100.24,391.83
900808,2025-06-30,4516.23,1516.61
900814,2025-06-30,1256.71,607.99
900827,2025-06-30,2055.56,1323.37
900828,2025-06-30,903.57,6733.62
900840,2025-06-30,3521.52,2928.02
900853,2025-06-30,3541.56,1390.45
900898,2025-06-30,796.62,4712.64
900919,2025-06-30,1559.79,1797.47
900932,2025-06-30,508.84,2889.61
900942,2025-06-30,4835.83,2527.84
900958,2025-06-30,1387.32,8840.69
900961,2025-06-30,2773.02,2154.57
900965,2025-06-30,2426.6,2010.09
900966,2025-06-30,1176.73,3352.98
900985,2025-06-30,791.6,2115.92
900991,2025-06-30,1546.96,6495.94
900993,2025-06-30,2159.16,3425.16
901000,2025-06-30,1581.79,1774.88
901002,2025-06-30,2248.3,5398.55
901022,2025-06-30,2271.69,1924.48
901030,2025-06-30,959.85,3393.17
901037,2025-06-30,299.6,2030.15
901044,2025-06-30,482.73,1426.37
901059,2025-06-30,2263.6,6803.27
901084,2025-06-30,1458.44,3479.12
901091,2025-06-30,945.35,3014.47
901099,2025-06-30,1281.8,6077.49
901117,2025-06-30,467.83,1407.49
901119,2025-06-30,2304.59,2104.59
901156,2025-06-30,3288.61,962.35
901169,2025-06-30,786.41,290.51
901193,2025-06-30,1661.09,743.38
901194,2025-06-30,3719.55,3849.28
901228,2025-06-30,997.29,3316.51
901245,2025-06-30,698.52,1055.5
901269,2025-06-30,744.09,368.46
901294,2025-06-30,3005.57,4021.0
901297,2025-06-30,949.35,4066.05
901304,2025-06-30,3076.65,1836.38
901312,2025-06-30,1544.92,1103.63
901344,2025-06-30,1546.36,770.88
901354,2025-06-30,580.24,4188.79
901361,2025-06-30,1758.57,7607.38
901363,2025-06-30,929.61,2766.41
901378,2025-06-30,1759.31,2834.1
901429,2025-06-30,3087.05,1123.74
901445,2025-06-30,685.27,2482.67
901463,2025-06-30,2150.97,7320.12
901482,2025-06-30,1789.51,7453.68
901504,2025-06-30,2003.03,2463.42
901567,2025-06-30,985.56,4588.68
901589,2025-06-30,2780.91,2187.18
901614,2025-06-30,749.24,795.59
901647,2025-06-30,2984.38,3058.49
901663,2025-06-30,345.08,1273.93
901728,2025-06-30,1756.14,5750.1
901759,2025-06-30,3100.51,6171.35
901783,2025-06-30,1589.16,5430.98
901786,2025-06-30,1408.12,3249.82
901816,2025-06-30,422.61,360.81
901860,2025-06-30,1410.37,6550.42
901881,2025-06-30,168.1,375.39
901903,2025-06-30,4211.92,2458.11
901952,2025-06-30,4851.62,1826.25
901966,2025-06-30,2076.94,5778.68
901967,2025-06-30,2811.99,5382.73
901972,2025-06-30,3349.74,8502.74
901977,2025-06-30,1310.83,7834.99
902000,2025-06-30,2563.02,2252.74
902011,2025-06-30,2652.21,1549.95
902042,2025-06-30,1927.93,5070.67
902045,2025-06-30,2194.22,8300.36
902100,2025-06-30,2256.52,3455.55
902114,2025-06-30,2056.27,2082.91
902157,2025-06-30,2760.94,708.11
902213,2025-06-30,1749.29,3969.76
902218,2025-06-30,754.66,2367.62
902240,2025-06-30,1046.02,4878.96
902246,2025-06-30,879.25,1502.55
902263,2025-06-30,2924.84,7373.24
902281,2025-06-30,2714.7,5352.9
902301,2025-06-30,5012.52,2542.22
902314,2025-06-30,2027.08,5373.4
902362,2025-06-30,2844.25,8221.22
902395,2025-06-30,1228.72,3877.28
902431,2025-06-30,5466.58,2294.57
902446,2025-06-30,1138.33,630.22
902471,2025-06-30,1890.88,1418.8
902490,2025-06-30,460.72,2071.81
902493,2025-06-30,569.96,1137.34
902520,2025-06-30,5110.44,2348.0
902560,2025-06-30,936.53,3087.26
902569,2025-06-30,259.11,1418.69
902644,2025-06-30,2421.62,2095.64
902649,2025-06-30,794.48,2167.87
902654,2025-06-30,3165.95,2201.77
902673,2025-06-30,2658.04,2045.22
902727,2025-06-30,2629.07,1785.6
902729,2025-06-30,5487.93,3083.98
902751,2025-06-30,2073.99,1858.99
902791,2025-06-30,2698.65,3414.82
902805,2025-06-30,1816.78,4123.85
902808,2025-06-30,1402.96,1798.17
902825,2025-06-30,319.12,944.19
902832,2025-06-30,1309.41,4218.32
902858,2025-06-30,5050.37,1949.31
902886,2025-06-30,3768.5,2773.87
902910,2025-06-30,963.43,4264.98
902913,2025-06-30,539.2,2111.57
902958,2025-06-30,1361.92,3403.21
902966,2025-06-30,3222.42,3133.05
902975,2025-06-30,773.53,329.38
903007,2025-06-30,4183.84,3173.7
903020,2025-06-30,2900.34,4081.86
903104,2025-06-30,2146.95,7820.84
903115,2025-06-30,6217.94,2062.53
903184,2025-06-30,1041.82,2427.24
903256,2025-06-30,713.0,646.89
903368,2025-06-30,1358.78,5291.16
903374,2025-06-30,4490.36,1469.21
903386,2025-06-30,2781.21,3183.52
903403,2025-06-30,870.73,2877.15
903461,2025-06-30,314.5,1019.03
903512,2025-06-30,491.39,2539.24
903514,2025-06-30,3984.54,2152.2
903521,2025-06-30,3484.76,4121.88
903536,2025-06-30,1480.41,901.51
903561,2025-06-30,1749.71,437.37
903566,2025-06-30,2820.12,4894.99
903586,2025-06-30,2075.41,2958.45
903616,2025-06-30,2564.28,5450.64
903648,2025-06-30,1832.6,4847.83
903653,2025-06-30,1061.37,5520.93
903720,2025-06-30,3539.26,4190.11
903723,2025-06-30,920.8,690.79
903764,2025-06-30,2559.9,7483.94
903796,2025-06-30,286.35,1250.81
903811,2025-06-30,320.59,1329.0
903847,2025-06-30,1965.97,2408.31
903856,2025-06-30,2334.06,6775.75
903881,2025-06-30,800.13,2920.79
903906,2025-06-30,2562.14,5877.34
903912,2025-06-30,1445.99,4307.8
903936,2025-06-30,2197.43,7007.39
903953,2025-06-30,2375.47,2871.86
903994,2025-06-30,1267.04,9332.55
904022,2025-06-30,2615.86,1633.53
904041,2025-06-30,601.07,3077.14
904084,2025-06-30,5232.6,2711.53
904158,2025-06-30,1069.31,4237.18
904176,2025-06-30,1383.59,7057.56
904189,2025-06-30,1269.62,1074.14
904193,2025-06-30,2898.84,3801.02
904217,2025-06-30,1119.75,430.43
904226,2025-06-30,1915.05,5758.98
904291,2025-06-30,2445.62,1559.58
904297,2025-06-30,649.67,1250.93
904303,2025-06-30,3671.3,2830.37
904327,2025-06-30,313.42,305.46
904335,2025-06-30,737.15,2224.1
904336,2025-06-30,2611.07,1609.89
904357,2025-06-30,1402.77,3798.51
904364,2025-06-30,3750.77,2089.7
904392,2025-06-30,1052.72,2453.77
904440,2025-06-30,1527.58,2848.33
904445,2025-06-30,2019.63,3132.55
904453,2025-06-30,1204.3,998.85
904457,2025-06-30,1019.19,3463.51
904460,2025-06-30,1181.41,453.74
904478,2025-06-30,2083.51,2505.7
904528,2025-06-30,572.71,692.03
904575,2025-06-30,1950.66,6037.37
904576,2025-06-30,2932.22,661.16
904611,2025-06-30,1590.63,1793.36
904647,2025-06-30,1024.4,2951.9
904652,2025-06-30,102.96,591.38
904655,2025-06-30,2135.89,662.99
904680,2025-06-30,899.82,1597.34
904685,2025-06-30,2230.78,2353.67
904726,2025-06-30,1036.82,5018.97
904748,2025-06-30,1712.49,531.52
904786,2025-06-30,4196.83,1839.88
904791,2025-06-30,1708.27,852.43
904797,2025-06-30,834.92,3327.04
904829,2025-06-30,2192.96,3425.51
904841,2025-06-30,4200.39,4122.08
904852,2025-06-30,329.86,1618.95
904862,2025-06-30,2837.72,2540.38
904876,2025-06-30,1991.8,3296.62
904917,2025-06-30,2207.25,7442.77
904934,2025-06-30,2874.16,1998.97
904954,2025-06-30,1336.73,3185.4
904976,2025-06-30,2251.7,3577.83
905012,2025-06-30,1237.24,4165.16
905019,2025-06-30,1208.3,6702.37
905034,2025-06-30,1490.08,1359.59
905036,2025-06-30,1822.7,4252.8
905060,2025-06-30,1407.99,4642.77
905093,2025-06-30,1010.82,6699.14
905115,2025-06-30,2235.89,5994.57
905133,2025-06-30,2807.69,1780.1
905140,2025-06-30,2128.9,4468.98
905152,2025-06-30,2370.36,2978.16
905170,2025-06-30,870.82,1532.85
905180,2025-06-30,3992.54,1400.81
905188,2025-06-30,1412.66,620.01
905218,2025-06-30,3356.54,1699.71
905233,2025-06-30,2137.45,3936.2
905267,2025-06-30,2532.39,1642.5
905316,2025-06-30,1433.35,2780.17
905329,2025-06-30,1263.09,2633.44
905334,2025-06-30,4896.59,2992.97
905345,2025-06-30,279.35,1103.12
905360,2025-06-30,1199.01,3296.5
905362,2025-06-30,2937.22,2662.08
905377,2025-06-30,621.2,1943.29
905382,2025-06-30,1374.67,5315.82
905386,2025-06-30,5136.66,2940.0
905397,2025-06-30,3026.45,3890.69
905412,2025-06-30,953.11,1740.68
905459,2025-06-30,3064.2,8283.44
905464,2025-06-30,1123.56,3475.77
905471,2025-06-30,2210.96,3118.42
905488,2025-06-30,917.13,6070.38
905504,2025-06-30,1937.49,1915.95
905509,2025-06-30,3304.2,2515.95
905556,2025-06-30,1451.82,4386.27
905572,2025-06-30,3824.35,1781.56
905592,2025-06-30,1147.18,3008.87
905598,2025-06-30,566.7,358.17
905614,2025-06-30,809.14,3438.09
905616,2025-06-30,1188.35,3349.4
905630,2025-06-30,3262.46,3106.99
905660,2025-06-30,4264.53,2544.1
905662,2025-06-30,2755.76,8945.89
905663,2025-06-30,509.95,1519.35
905680,2025-06-30,1531.78,926.64
905683,2025-06-30,1377.62,1221.42
905719,2025-06-30,2177.74,899.99
905721,2025-06-30,232.46,941.89
905770,2025-06-30,2745.76,3935.16
905838,2025-06-30,690.2,3394.95
905840,2025-06-30,1532.2,3914.47
905841,2025-06-30,4019.23,2844.11
905850,2025-06-30,1036.02,3759.7
905853,2025-06-30,4764.08,1746.95
905857,2025-06-30,101.78,286.51
905864,2025-06-30,3402.7,1228.14
905872,2025-06-30,673.36,536.2
905881,2025-06-30,4152.09,2179.37
905909,2025-06-30,1903.91,1034.61
905919,2025-06-30,837.46,3736.44
905955,2025-06-30,268.86,939.18
905957,2025-06-30,487.02,1523.36
905977,2025-06-30,1143.08,2720.74
906030,2025-06-30,4294.74,2589.6
906044,2025-06-30,1770.63,4408.32
906048,2025-06-30,1819.31,2289.49
906075,2025-06-30,2835.94,7393.07
906107,2025-06-30,656.52,2174.41
906114,2025-06-30,4557.69,3886.04
906115,2025-06-30,1995.87,1711.16
906127,2025-06-30,1052.86,3739.31
906139,2025-06-30,483.66,1572.09
906166,2025-06-30,1983.16,1407.32
906183,2025-06-30,3976.53,2867.61
906187,2025-06-30,1264.01,6954.26
906213,2025-06-30,3545.98,2260.29
906228,2025-06-30,811.31,3048.88
906283,2025-06-30,985.23,3202.59
906285,2025-06-30,1583.74,4081.2
906289,2025-06-30,1161.67,3968.36
906292,2025-06-30,1017.65,2458.52
906312,2025-06-30,1140.27,5746.9
906330,2025-06-30,1373.26,4506.59
906435,2025-06-30,585.35,1868.57
906438,2025-06-30,2556.04,1183.42
906465,2025-06-30,3803.09,1492.41
906478,2025-06-30,1840.59,3755.48
906501,2025-06-30,856.83,4210.76
906506,2025-06-30,623.51,3749.84
906507,2025-06-30,1397.06,695.86
906535,2025-06-30,681.91,616.73
906559,2025-06-30,1652.03,6755.11
906582,2025-06-30,2914.11,6346.44
906583,2025-06-30,2984.29,6394.79
906611,2025-06-30,1542.1,6871.87
906711,2025-06-30,1180.3,804.39
906712,2025-06-30,2054.16,7695.06
906716,2025-06-30,337.89,1545.68
906718,2025-06-30,106.86,368.59
906740,2025-06-30,986.23,880.08
906772,2025-06-30,1293.04,5980.73
906774,2025-06-30,2733.53,1530.69
906816,2025-06-30,404.27,1052.45
906821,2025-06-30,5841.24,2162.84
906834,2025-06-30,2492.81,2637.11
906837,2025-06-30,1164.71,3376.39
906839,2025-06-30,127.6,606.59
906862,2025-06-30,669.27,2413.7
906937,2025-06-30,2482.22,2300.66
906947,2025-06-30,6683.91,1649.15
906979,2025-06-30,3656.84,3883.93
906990,2025-06-30,1499.31,1970.87
907001,2025-06-30,493.66,1017.96
907054,2025-06-30,3012.07,2016.35
907064,2025-06-30,1586.11,784.82
907079,2025-06-30,1707.75,6372.49
907085,2025-06-30,5588.29,2026.19
907092,2025-06-30,553.91,1184.38
907111,2025-06-30,194.51,962.39
907119,2025-06-30,4150.45,2454.39
907122,2025-06-30,964.78,4787.59
907146,2025-06-30,4314.02,1638.0
907155,2025-06-30,346.21,1594.27
907187,2025-06-30,558.02,2026.13
907237,2025-06-30,376.2,1724.17
907256,2025-06-30,2149.88,6148.25
907261,2025-06-30,621.25,1554.18
907300,2025-06-30,3824.08,1738.93
907319,2025-06-30,1687.28,556.62
907331,2025-06-30,725.85,1552.68
907339,2025-06-30,3373.97,3523.65
907352,2025-06-30,1099.88,4073.71
907391,2025-06-30,932.49,6081.17
907394,2025-06-30,303.76,296.24
907406,2025-06-30,1654.92,1471.89
907416,2025-06-30,1715.5,7937.76
907422,2025-06-30,3616.32,2548.1
907426,2025-06-30,1260.67,1059.54
907429,2025-06-30,2095.55,2144.94
907451,2025-06-30,739.35,1130.54
907460,2025-06-30,488.77,2683.05
907477,2025-06-30,867.99,2972.19
907531,2025-06-30,408.83,1650.33
907537,2025-06-30,2097.99,1613.96
907556,2025-06-30,570.64,1344.31
907566,2025-06-30,2761.03,1265.14
907593,2025-06-30,2173.1,1801.64
907595,2025-06-30,2003.06,5269.11
907596,2025-06-30,1233.79,4623.0
907606,2025-06-30,2044.44,5114.79
907608,2025-06-30,542.71,1134.13
907630,2025-06-30,692.36,3535.95
907642,2025-06-30,1690.49,3308.28
907643,2025-06-30,1308.91,4454.06
907677,2025-06-30,3822.48,1036.77
907684,2025-06-30,529.48,281.75
907688,2025-06-30,621.7,1511.5
907720,2025-06-30,743.63,2093.61
907735,2025-06-30,2019.99,7954.68
907752,2025-06-30,967.64,391.05
907759,2025-06-30,481.38,1522.83
907761,2025-06-30,3030.39,2115.53
907770,2025-06-30,1579.23,567.16
907782,2025-06-30,810.92,1072.08
907800,2025-06-30,640.29,2586.58
907818,2025-06-30,404.23,185.03
907849,2025-06-30,1011.23,2049.29
907877,2025-06-30,796.38,2124.4
907878,2025-06-30,1518.07,4731.21
907885,2025-06-30,986.55,4276.74
907915,2025-06-30,2201.33,1795.49
907937,2025-06-30,1561.32,4409.43
907951,2025-06-30,497.54,117.0
907964,2025-06-30,1406.45,4876.43
907991,2025-06-30,798.5,4791.68
908002,2025-06-30,1017.1,3048.25
908006,2025-06-30,1440.22,6139.93
908017,2025-06-30,1013.15,1156.24
908038,2025-06-30,857.34,685.65
908084,2025-06-30,3557.7,9316.73
908105,2025-06-30,4466.72,1937.23
908106,2025-06-30,1347.05,8602.54
908134,2025-06-30,1313.31,6365.95
908177,2025-06-30,2101.08,8306.6
908180,2025-06-30,2017.9,2728.46
908188,2025-06-30,332.67,1309.09
908228,2025-06-30,1173.49,3034.2
908230,2025-06-30,1962.84,765.3
908242,2025-06-30,680.21,3548.92
908246,2025-06-30,904.36,2808.83
908266,2025-06-30,2373.96,1610.09
908289,2025-06-30,1119.9,359.83
908291,2025-06-30,2803.2,3174.65
908353,2025-06-30,1252.33,2903.2
908360,2025-06-30,2850.12,3133.93
908383,2025-06-30,3208.5,1234.9
908401,2025-06-30,264.34,207.27
908417,2025-06-30,6685.85,2389.75
908425,2025-06-30,612.3,2488.91
908427,2025-06-30,531.2,1599.62
908428,2025-06-30,1237.64,4180.25
908430,2025-06-30,3102.17,3460.95
908449,2025-06-30,1128.91,4455.5
908461,2025-06-30,2122.11,7380.98
908512,2025-06-30,1506.37,5335.79
908532,2025-06-30,4408.93,1929.86
908567,2025-06-30,228.22,548.24
908572,2025-06-30,3177.05,6671.08
908582,2025-06-30,942.36,2186.65
908583,2025-06-30,401.37,689.37
908620,2025-06-30,3329.96,1912.08
908623,2025-06-30,4574.34,3050.3
908628,2025-06-30,1540.73,7213.43
908645,2025-06-30,776.26,337.57
908677,2025-06-30,1731.0,5816.21
908681,2025-06-30,430.08,834.84
908691,2025-06-30,1753.57,5104.17
908700,2025-06-30,875.12,2480.78
908718,2025-06-30,190.89,497.5
908732,2025-06-30,1140.74,1578.03
908745,2025-06-30,288.09,328.77
908746,2025-06-30,2715.26,1042.81
908772,2025-06-30,731.68,2352.14
908785,2025-06-30,1698.51,4542.11
908789,2025-06-30,1725.97,7079.09
908811,2025-06-30,1852.7,1982.18
908834,2025-06-30,753.31,5237.12
908892,2025-06-30,813.8,2693.41
908922,2025-06-30,2727.15,1872.65
908929,2025-06-30,3619.93,3783.06
908934,2025-06-30,2281.27,863.45
908939,2025-06-30,3161.41,3498.72
908983,2025-06-30,3033.85,2060.08
900020,2025-07-31,1557.8,2929.02
900042,2025-07-31,1454.17,1035.84
900052,2025-07-31,126.75,772.18
900076,2025-07-31,1353.6,9025.94
900098,2025-07-31,1930.15,5291.6
900131,2025-07-31,1034.9,5029.16
900136,2025-07-31,1340.79,7378.76
900137,2025-07-31,1676.82,5776.78
900145,2025-07-31,428.83,1958.97
900156,2025-07-31,4224.97,2435.15
900159,2025-07-31,1099.5,387.78
900232,2025-07-31,2080.93,1774.97
900260,2025-07-31,5920.33,3237.58
900263,2025-07-31,1065.57,615.5
900270,2025-07-31,505.28,988.46
900306,2025-07-31,436.1,2494.1
900358,2025-07-31,638.65,3089.1
900401,2025-07-31,1036.08,644.66
900433,2025-07-31,3450.98,2712.71
900444,2025-07-31,272.46,801.32
900446,2025-07-31,885.14,1925.87
900448,2025-07-31,3127.32,3116.84
900455,2025-07-31,371.11,341.23
900477,2025-07-31,3569.17,1364.96
900542,2025-07-31,791.69,1218.25
900551,2025-07-31,1380.91,5496.88
900589,2025-07-31,1215.75,1760.7
900599,2025-07-31,2282.84,9280.23
900616,2025-07-31,1310.69,1332.3
900634,2025-07-31,1643.59,1243.37
900640,2025-07-31,445.53,1998.64
900661,2025-07-31,3343.34,3916.11
900683,2025-07-31,1092.28,4805.39
900694,2025-07-31,812.02,2611.06
900701,2025-07-31,5272.79,2283.45
900710,2025-07-31,1400.29,3743.25
900742,2025-07-31,1633.33,1521.81
900743,2025-07-31,496.63,1791.53
900750,2025-07-31,2364.73,2970.27
900757,2025-07-31,2694.62,1675.82
900767,2025-07-31,661.21,3877.36
900786,2025-07-31,1403.09,6361.93
900804,2025-07-31,2980.85,8456.81
900808,2025-07-31,5086.11,2020.59
900828,2025-07-31,1238.89,5651.69
900840,2025-07-31,2599.65,3368.35
900853,2025-07-31,1871.08,802.1
900898,2025-07-31,1220.97,3213.84
900901,2025-07-31,1996.52,618.03
900919,2025-07-31,372.69,408.19
900932,2025-07-31,221.18,913.39
900942,2025-07-31,644.53,297.51
900965,2025-07-31,2529.3,2679.79
900985,2025-07-31,1514.77,4069.99
900991,2025-07-31,609.87,2848.48
901006,2025-07-31,247.72,1349.73
901022,2025-07-31,1430.32,1526.88
901023,2025-07-31,969.22,4494.77
901042,2025-07-31,1238.26,5520.43
901044,2025-07-31,135.0,383.71
901070,2025-07-31,325.22,2053.77
901084,2025-07-31,201.43,1263.83
901092,2025-07-31,1824.06,2087.06
901107,2025-07-31,723.88,793.32
901117,2025-07-31,2542.79,7086.02
901119,2025-07-31,2634.73,2759.39
901141,2025-07-31,2042.7,4381.82
901169,2025-07-31,6804.67,2040.69
901179,2025-07-31,2741.39,959.81
901228,2025-07-31,2291.19,6055.74
901245,2025-07-31,2477.06,2598.83
901280,2025-07-31,3038.39,1935.13
901304,2025-07-31,2303.79,1628.71
901312,2025-07-31,561.99,265.55
901342,2025-07-31,1039.0,6050.76
901361,2025-07-31,1391.83,4246.25
901429,2025-07-31,2789.21,1381.94
901431,2025-07-31,1422.62,3992.28
901434,2025-07-31,4320.26,1270.34
901474,2025-07-31,2629.79,4696.61
901478,2025-07-31,908.81,1379.08
901482,2025-07-31,3080.3,7635.61
901509,2025-07-31,1140.54,5386.99
901537,2025-07-31,1746.1,4929.55
901538,2025-07-31,1942.49,3468.33
901558,2025-07-31,321.48,930.06
901589,2025-07-31,4518.61,4608.1
901607,2025-07-31,2790.14,3297.06
901614,2025-07-31,1518.56,1604.66
901632,2025-07-31,4344.79,2486.15
901647,2025-07-31,1378.12,1039.16
901681,2025-07-31,742.28,3868.54
901688,2025-07-31,639.3,1574.77
901732,2025-07-31,404.98,2783.5
901785,2025-07-31,3477.31,2254.78
901794,2025-07-31,4337.46,1829.39
901807,2025-07-31,1131.14,790.07
901837,2025-07-31,3881.78,1361.08
901840,2025-07-31,1590.34,477.68
901869,2025-07-31,4871.36,2746.46
901877,2025-07-31,5943.35,3335.05
901881,2025-07-31,1306.85,4761.78
901913,2025-07-31,151.95,414.99
901952,2025-07-31,4200.56,1959.61
901960,2025-07-31,1633.57,6806.06
901966,2025-07-31,233.18,924.16
901977,2025-07-31,1734.3,3333.31
901984,2025-07-31,4497.5,4566.43
902011,2025-07-31,1453.9,629.91
902045,2025-07-31,701.99,3278.18
902072,2025-07-31,3991.27,1446.53
902091,2025-07-31,681.66,294.38
902114,2025-07-31,2829.29,3058.38
902127,2025-07-31,1642.81,2516.53
902141,2025-07-31,2753.77,2188.57
902157,2025-07-31,3337.52,1818.47
902180,2025-07-31,344.71,1478.17
902240,2025-07-31,1284.6,5551.66
902246,2025-07-31,178.59,399.06
902251,2025-07-31,266.83,1435.29
902265,2025-07-31,525.34,1794.61
902281,2025-07-31,1365.92,6336.76
902284,2025-07-31,1078.77,804.95
902289,2025-07-31,2338.79,1933.48
902290,2025-07-31,1315.45,2272.98
902316,2025-07-31,3650.08,2352.09
902341,2025-07-31,1508.1,1250.24
902362,2025-07-31,1079.16,7575.97
902364,2025-07-31,1532.75,3546.39
902380,2025-07-31,925.55,555.33
902389,2025-07-31,123.0,713.73
902395,2025-07-31,1277.61,4109.88
902402,2025-07-31,403.73,290.01
902425,2025-07-31,555.16,1846.8
902446,2025-07-31,1810.84,1128.44
902465,2025-07-31,999.33,2574.36
902482,2025-07-31,3934.04,1488.18
902488,2025-07-31,1208.0,1457.83
902490,2025-07-31,1884.1,4844.31
902520,2025-07-31,2897.83,2058.84
902548,2025-07-31,512.34,1194.46
902555,2025-07-31,1989.5,1893.44
902560,2025-07-31,392.79,1284.62
902629,2025-07-31,875.05,1718.81
902643,2025-07-31,1213.74,4368.34
902649,2025-07-31,2537.74,7784.3
902650,2025-07-31,686.19,1671.87
902664,2025-07-31,496.91,2287.71
902712,2025-07-31,435.81,802.65
902727,2025-07-31,1074.07,1229.0
902751,2025-07-31,2682.45,2941.26
902774,2025-07-31,898.33,2014.6
902775,2025-07-31,3944.01,4276.13
902776,2025-07-31,2385.92,3606.1
902788,2025-07-31,1630.76,841.16
902791,2025-07-31,3156.56,4017.38
902805,2025-07-31,1216.98,4345.21
902807,2025-07-31,221.95,672.88
902808,2025-07-31,1963.02,3104.99
902825,2025-07-31,532.54,2201.81
902858,2025-07-31,5358.49,2510.44
902886,2025-07-31,2169.61,503.33
902910,2025-07-31,706.89,1642.82
902913,2025-07-31,1147.41,4931.42
902922,2025-07-31,825.52,2589.59
902956,2025-07-31,1693.51,5324.03
902966,2025-07-31,1752.44,1937.97
902981,2025-07-31,2225.55,7319.7
902986,2025-07-31,1064.86,5912.77
903018,2025-07-31,329.43,1328.95
903053,2025-07-31,3186.63,1673.81
903075,2025-07-31,1100.84,4137.13
903084,2025-07-31,513.06,161.28
903104,2025-07-31,1268.17,6629.9
903169,2025-07-31,2915.11,4356.24
903184,2025-07-31,2337.13,5604.19
903229,2025-07-31,5292.08,1837.77
903232,2025-07-31,5738.25,2783.04
903240,2025-07-31,243.94,729.47
903261,2025-07-31,2080.82,1260.48
903275,2025-07-31,2026.9,2691.37
903368,2025-07-31,2195.34,5343.36
903374,2025-07-31,3604.43,1930.78
903386,2025-07-31,2531.16,2719.56
903420,2025-07-31,2901.77,1940.93
903430,2025-07-31,2977.01,6554.06
903439,2025-07-31,4380.77,1334.17
903461,2025-07-31,1524.65,5614.38
903485,2025-07-31,1457.26,3539.73
903512,2025-07-31,1223.86,3814.94
903566,2025-07-31,206.05,813.79
903579,2025-07-31,531.06,1683.18
903586,2025-07-31,2076.12,1482.44
903598,2025-07-31,2569.89,6309.25
903616,2025-07-31,1585.74,4269.94
903627,2025-07-31,1197.99,6956.1
903709,2025-07-31,595.39,394.7
903713,2025-07-31,3191.82,2520.96
903785,2025-07-31,2399.94,1696.12
903811,2025-07-31,1020.77,4050.54
903815,2025-07-31,3641.49,2370.55
903843,2025-07-31,2517.33,2367.53
903868,2025-07-31,798.12,538.18
903872,2025-07-31,315.3,1010.79
903889,2025-07-31,2771.52,2475.44
903906,2025-07-31,2166.2,6381.54
903912,2025-07-31,539.9,1823.41
903953,2025-07-31,1674.16,1515.99
903994,2025-07-31,1485.65,3508.29
904007,2025-07-31,1741.82,4302.21
904008,2025-07-31,2406.56,1655.05
904013,2025-07-31,426.7,717.4
904022,2025-07-31,3203.2,1501.8
904039,2025-07-31,1917.14,7688.59
904081,2025-07-31,2323.43,1945.02
904084,2025-07-31,4415.65,1617.78
904140,2025-07-31,2120.76,1678.05
904149,2025-07-31,215.94,905.36
904158,2025-07-31,991.45,4262.23
904176,2025-07-31,406.44,1764.56
904189,2025-07-31,4189.46,2854.95
904193,2025-07-31,3478.03,3367.71
904226,2025-07-31,1004.37,4844.14
904236,2025-07-31,1242.67,748.09
904306,2025-07-31,814.92,862.65
904339,2025-07-31,1084.87,843.05
904343,2025-07-31,3700.05,2069.86
904386,2025-07-31,1436.03,4178.97
904394,2025-07-31,1737.76,4715.2
904450,2025-07-31,221.62,825.74
904457,2025-07-31,1596.01,3651.22
904460,2025-07-31,1793.4,1385.65
904480,2025-07-31,2351.86,4823.26
904487,2025-07-31,2741.13,3832.61
904575,2025-07-31,1137.19,1942.72
904576,2025-07-31,665.46,276.6
904611,2025-07-31,4041.37,2313.24
904645,2025-07-31,1855.3,1431.35
904647,2025-07-31,1096.9,2472.59
904655,2025-07-31,3745.38,1095.36
904710,2025-07-31,1530.54,2726.06
904718,2025-07-31,672.6,1908.79
904726,2025-07-31,729.25,3986.74
904740,2025-07-31,2667.73,8024.66
904748,2025-07-31,2349.05,1502.01
904786,2025-07-31,4977.82,1329.69
904791,2025-07-31,3950.15,1556.63
904797,2025-07-31,1105.01,4832.25
904841,2025-07-31,1195.47,1787.54
904851,2025-07-31,661.93,1055.98
904852,2025-07-31,238.16,1092.48
904873,2025-07-31,618.09,2912.27
904917,2025-07-31,1353.32,2963.64
904954,2025-07-31,938.55,3596.04
904968,2025-07-31,4795.5,2355.55
905019,2025-07-31,972.43,2884.33
905036,2025-07-31,2144.15,4148.22
905046,2025-07-31,1152.81,907.87
905060,2025-07-31,816.57,2495.89
905104,2025-07-31,2762.33,1683.42
905115,2025-07-31,913.8,3595.49
905124,2025-07-31,3201.62,1581.29
905133,2025-07-31,1173.84,665.76
905140,2025-07-31,735.04,1628.81
905152,2025-07-31,500.24,473.5
905190,2025-07-31,541.51,213.0
905197,2025-07-31,4161.26,1441.49
905233,2025-07-31,1228.83,5156.06
905247,2025-07-31,319.32,2309.83
905267,2025-07-31,1032.8,398.85
905287,2025-07-31,1545.38,9164.45
905300,2025-07-31,3813.04,4628.45
905329,2025-07-31,847.98,4529.65
905345,2025-07-31,1062.02,4473.93
905351,2025-07-31,1566.77,4793.39
905356,2025-07-31,3530.35,6351.95
905360,2025-07-31,264.84,1567.44
905362,2025-07-31,261.99,396.63
905374,2025-07-31,6589.97,2961.78
905377,2025-07-31,1905.12,6772.53
905386,2025-07-31,882.54,440.83
905397,2025-07-31,2276.8,2500.6
905410,2025-07-31,1485.35,3213.65
905412,2025-07-31,972.66,6180.94
905445,2025-07-31,2988.03,1492.07
905464,2025-07-31,188.31,1031.08
905471,2025-07-31,455.62,485.49
905493,2025-07-31,894.38,4306.55
905504,2025-07-31,2044.35,1905.16
905533,2025-07-31,3189.06,3460.95
905544,2025-07-31,458.03,816.48
905545,2025-07-31,5654.21,2626.06
905570,2025-07-31,178.23,489.25
905592,2025-07-31,819.81,2669.78
905598,2025-07-31,3147.05,2934.38
905630,2025-07-31,895.21,1535.77
905643,2025-07-31,3403.44,3050.55
905683,2025-07-31,1658.82,2469.07
905721,2025-07-31,1524.4,3548.19
905770,2025-07-31,1212.32,1088.69
905780,2025-07-31,140.25,488.42
905793,2025-07-31,478.58,322.78
905817,2025-07-31,414.51,601.23
905841,2025-07-31,2429.94,1667.12
905850,2025-07-31,1634.39,5559.67
905853,2025-07-31,1637.42,731.24
905864,2025-07-31,1277.9,356.33
905872,2025-07-31,1661.58,2800.1
905881,2025-07-31,3135.5,2246.37
905885,2025-07-31,1412.5,1515.93
905909,2025-07-31,922.73,488.65
905957,2025-07-31,221.02,801.28
905987,2025-07-31,2061.23,2289.05
906027,2025-07-31,2771.16,5193.34
906030,2025-07-31,3707.98,1535.3
906044,2025-07-31,2296.28,6275.11
906115,2025-07-31,1952.55,2674.87
906127,2025-07-31,1973.03,4337.0
906183,2025-07-31,2289.98,3151.7
906184,2025-07-31,1689.21,6447.15
906186,2025-07-31,1424.43,4713.13
906213,2025-07-31,1639.26,1949.69
906231,2025-07-31,2520.0,9029.47
906281,2025-07-31,1102.18,270.47
906283,2025-07-31,1272.13,8725.73
906285,2025-07-31,729.45,3443.96
906289,2025-07-31,1158.51,4745.89
906292,2025-07-31,1619.76,5133.04
906312,2025-07-31,1516.38,7657.84
906330,2025-07-31,441.42,2483.19
906340,2025-07-31,2240.81,589.76
906368,2025-07-31,1414.93,7084.27
906438,2025-07-31,3071.89,1871.25
906460,2025-07-31,1283.11,3234.72
906483,2025-07-31,756.19,3278.73
906485,2025-07-31,4029.17,1886.4
906506,2025-07-31,928.07,2888.91
906535,2025-07-31,1562.3,978.55
906560,2025-07-31,5675.44,3116.37
906582,2025-07-31,1603.38,4487.34
906590,2025-07-31,1280.03,4718.3
906651,2025-07-31,2168.03,5588.47
906663,2025-07-31,1049.84,1180.37
906673,2025-07-31,693.58,1986.81
906718,2025-07-31,1735.96,4624.18
906739,2025-07-31,3524.26,1993.02
906740,2025-07-31,1064.2,697.65
906765,2025-07-31,1469.05,2785.73
906774,2025-07-31,5061.27,2380.98
906816,2025-07-31,915.29,2264.42
906822,2025-07-31,675.54,2364.33
906839,2025-07-31,914.2,4372.75
906862,2025-07-31,1094.99,7542.6
906866,2025-07-31,536.72,1536.28
906880,2025-07-31,1033.34,2312.63
906928,2025-07-31,3524.35,1900.04
906947,2025-07-31,4773.52,2317.52
906973,2025-07-31,542.44,2700.85
906990,2025-07-31,2241.76,2753.83
906991,2025-07-31,234.56,640.97
907001,2025-07-31,983.4,2676.31
907064,2025-07-31,3734.98,2548.03
907072,2025-07-31,2450.34,2474.18
907082,2025-07-31,321.0,280.05
907085,2025-07-31,3649.68,2749.25
907092,2025-07-31,321.11,758.26
907111,2025-07-31,477.23,2318.83
907116,2025-07-31,1475.58,3771.8
907122,2025-07-31,1356.98,5683.65
907146,2025-07-31,1990.47,844.03
907166,2025-07-31,1689.5,568.26
907169,2025-07-31,3354.32,1849.17
907199,2025-07-31,3543.35,2008.94
907212,2025-07-31,548.98,1506.31
907237,2025-07-31,2324.91,5189.69
907251,2025-07-31,157.22,871.75
907295,2025-07-31,1049.8,3642.29
907300,2025-07-31,1878.45,744.87
907317,2025-07-31,1016.25,3413.46
907319,2025-07-31,3517.28,1196.58
907320,2025-07-31,2954.07,1284.52
907328,2025-07-31,4549.64,4070.83
907331,2025-07-31,1577.26,6063.87
907339,2025-07-31,2409.64,2618.95
907341,2025-07-31,1585.11,1468.83
907352,2025-07-31,1382.08,3629.66
907371,2025-07-31,1040.27,3798.74
907394,2025-07-31,1533.04,1126.22
907406,2025-07-31,2872.5,3380.68
907416,2025-07-31,547.62,3678.7
907429,2025-07-31,2091.8,2360.08
907443,2025-07-31,1506.0,1020.97
907451,2025-07-31,289.18,1188.18
907486,2025-07-31,626.28,1546.65
907505,2025-07-31,4174.24,2393.81
907542,2025-07-31,4100.54,1984.75
907556,2025-07-31,435.95,2601.17
907566,2025-07-31,3325.28,2422.0
907571,2025-07-31,1834.62,1565.5
907575,2025-07-31,2085.33,6230.66
907593,2025-07-31,2580.03,1013.75
907606,2025-07-31,1315.02,5067.74
907608,2025-07-31,1354.03,2941.93
907630,2025-07-31,1559.74,3707.55
907642,2025-07-31,1589.17,5969.88
907643,2025-07-31,1343.39,2686.08
907654,2025-07-31,2224.16,6842.88
907671,2025-07-31,2575.3,1208.88
907673,2025-07-31,5336.7,1890.24
907688,2025-07-31,1566.32,3065.51
907696,2025-07-31,2642.31,2692.14
907736,2025-07-31,4825.46,2551.23
907755,2025-07-31,1345.85,4332.91
907758,2025-07-31,4850.03,1647.19
907759,2025-07-31,3331.5,7090.12
907770,2025-07-31,5779.99,2564.35
907774,2025-07-31,2265.64,6229.01
907783,2025-07-31,3292.56,3564.81
907844,2025-07-31,1939.75,1674.15
907849,2025-07-31,916.12,2412.17
907879,2025-07-31,2011.71,7674.97
907919,2025-07-31,2122.11,9222.71
907950,2025-07-31,1368.93,5636.16
907951,2025-07-31,1753.93,822.04
907964,2025-07-31,2190.47,9156.23
907971,2025-07-31,1843.02,4069.64
907991,2025-07-31,1757.3,8436.0
908006,2025-07-31,1973.71,7343.78
908017,2025-07-31,791.39,659.4
908061,2025-07-31,1200.32,5755.48
908084,2025-07-31,2539.91,6821.72
908092,2025-07-31,1819.57,6112.21
908103,2025-07-31,559.15,567.09
908106,2025-07-31,399.4,842.73
908133,2025-07-31,4380.07,1524.39
908188,2025-07-31,2655.7,4739.74
908228,2025-07-31,1118.3,5552.78
908230,2025-07-31,2526.25,1654.01
908246,2025-07-31,1165.85,4901.53
908266,2025-07-31,3130.08,3693.52
908275,2025-07-31,2466.57,8754.63
908289,2025-07-31,2298.11,969.47
908291,2025-07-31,2334.39,2238.6
908352,2025-07-31,1499.25,638.18
908360,2025-07-31,2166.92,2784.42
908383,2025-07-31,3752.22,2516.96
908417,2025-07-31,1831.32,548.36
908425,2025-07-31,901.32,2363.41
908427,2025-07-31,1424.33,5202.34
908428,2025-07-31,2473.78,4868.44
908430,2025-07-31,2909.68,2526.28
908449,2025-07-31,1149.49,3581.88
908461,2025-07-31,1823.38,6386.15
908501,2025-07-31,994.17,412.23
908512,2025-07-31,1331.77,4736.72
908521,2025-07-31,869.1,2491.46
908532,2025-07-31,4003.47,1494.11
908539,2025-07-31,864.45,3484.62
908567,2025-07-31,141.17,1044.16
908576,2025-07-31,1003.34,1985.72
908590,2025-07-31,3241.04,6436.02
908620,2025-07-31,4987.93,1998.18
908623,2025-07-31,753.32,392.16
908628,2025-07-31,409.62,1194.93
908645,2025-07-31,3001.4,1497.68
908653,2025-07-31,5275.18,2990.35
908665,2025-07-31,2376.82,7785.05
908681,2025-07-31,2980.75,5773.31
908691,2025-07-31,692.06,4671.01
908693,2025-07-31,4571.89,1801.17
908718,2025-07-31,1401.43,4491.24
908727,2025-07-31,1376.61,433.22
908749,2025-07-31,532.88,320.48
908772,2025-07-31,567.66,2743.56
908785,2025-07-31,339.58,983.08
908811,2025-07-31,682.6,1022.82
908834,2025-07-31,2605.28,6460.48
908862,2025-07-31,2078.2,7138.79
908886,2025-07-31,4026.82,1646.55
908892,2025-07-31,2558.86,5198.09
908922,2025-07-31,1632.64,903.92
908934,2025-07-31,1243.16,940.9
908939,2025-07-31,2628.87,2962.05
908983,2025-07-31,3677.9,2998.95
900020,2025-08-31,2771.2,7670.75
900024,2025-08-31,4197.22,3891.15
900052,2025-08-31,191.95,663.57
900076,2025-08-31,1827.45,6281.6
900085,2025-08-31,1190.61,4465.24
900091,2025-08-31,949.99,3628.91
900103,2025-08-31,4876.09,2322.71
900131,2025-08-31,1422.1,8198.68
900136,2025-08-31,296.61,619.51
900156,2025-08-31,2374.24,2763.47
900214,2025-08-31,926.44,641.63
900232,2025-08-31,1407.89,2285.15
900260,2025-08-31,3037.36,1010.37
900263,2025-08-31,4797.69,1294.22
900306,2025-08-31,1273.35,2966.65
900355,2025-08-31,2822.73,1178.73
900358,2025-08-31,1033.62,3211.51
900401,2025-08-31,2207.8,634.45
900416,2025-08-31,1454.1,2730.14
900419,2025-08-31,870.86,312.42
900448,2025-08-31,4107.07,2447.11
900518,2025-08-31,428.42,309.65
900522,2025-08-31,1953.21,1026.4
900531,2025-08-31,1535.69,6109.96
900542,2025-08-31,2762.95,2560.54
900551,2025-08-31,1354.4,6732.35
900582,2025-08-31,616.49,2067.35
900589,2025-08-31,1726.24,1327.74
900599,2025-08-31,644.16,1429.45
900625,2025-08-31,1873.33,9152.88
900634,2025-08-31,857.66,457.47
900661,2025-08-31,848.62,1337.22
900683,2025-08-31,1501.73,5769.67
900686,2025-08-31,5876.54,2147.81
900694,2025-08-31,3018.01,5075.17
900701,2025-08-31,5531.68,1411.7
900715,2025-08-31,4569.7,1360.71
900739,2025-08-31,6255.29,1527.23
900750,2025-08-31,2543.16,2951.76
900774,2025-08-31,210.92,613.91
900778,2025-08-31,3558.25,1829.5
900786,2025-08-31,1472.14,5913.59
900804,2025-08-31,1977.26,9609.65
900808,2025-08-31,1397.9,663.23
900814,2025-08-31,2182.76,903.85
900828,2025-08-31,277.5,1561.49
900840,2025-08-31,1648.97,1640.02
900853,2025-08-31,1729.11,721.84
900901,2025-08-31,398.31,135.43
900919,2025-08-31,1767.91,1320.63
900953,2025-08-31,1598.49,704.21
900965,2025-08-31,2873.61,2270.64
900966,2025-08-31,967.2,2893.55
900985,2025-08-31,1541.33,3036.23
900993,2025-08-31,1611.32,7368.98
901000,2025-08-31,4185.41,2544.74
901006,2025-08-31,206.08,889.67
901030,2025-08-31,816.08,4884.3
901031,2025-08-31,211.91,327.34
901037,2025-08-31,1287.22,5313.62
901042,2025-08-31,1471.79,4232.05
901044,2025-08-31,1321.74,7821.73
901059,2025-08-31,1233.28,5037.29
901084,2025-08-31,340.33,1641.98
901092,2025-08-31,1289.25,1077.29
901107,2025-08-31,2965.41,2413.09
901117,2025-08-31,2582.24,8052.97
901119,2025-08-31,4231.47,2662.46
901141,2025-08-31,769.9,5989.07
901179,2025-08-31,1513.49,447.67
901193,2025-08-31,3213.16,2196.88
901194,2025-08-31,1130.78,1450.41
901244,2025-08-31,2414.46,7165.3
901297,2025-08-31,1519.25,3977.27
901304,2025-08-31,2863.89,1473.78
901353,2025-08-31,3141.79,1515.8
901354,2025-08-31,1266.61,4430.91
901361,2025-08-31,1861.88,5959.26
901363,2025-08-31,804.4,2333.88
901372,2025-08-31,2531.65,2130.35
901383,2025-08-31,1008.31,255.09
901429,2025-08-31,3161.93,1191.45
901434,2025-08-31,3123.85,1432.1
901463,2025-08-31,704.27,3512.59
901464,2025-08-31,682.15,310.37
901474,2025-08-31,105.47,612.67
901482,2025-08-31,1458.61,4607.95
901509,2025-08-31,2173.82,6537.08
901538,2025-08-31,1313.74,3222.57
901558,2025-08-31,651.33,1700.92
901567,2025-08-31,472.92,2181.08
901614,2025-08-31,1968.98,1410.78
901632,2025-08-31,2598.7,995.23
901647,2025-08-31,2969.89,3452.21
901681,2025-08-31,2974.23,6355.49
901688,2025-08-31,2430.73,9389.19
901695,2025-08-31,1335.78,2993.08
901728,2025-08-31,1025.87,3967.94
901732,2025-08-31,1219.26,3641.89
901744,2025-08-31,1495.91,1318.85
901759,2025-08-31,1354.84,2346.33
901785,2025-08-31,1350.4,1536.32
901786,2025-08-31,1205.91,6545.03
901807,2025-08-31,793.41,869.75
901840,2025-08-31,2048.04,1010.07
901869,2025-08-31,1106.33,546.26
901952,2025-08-31,1267.11,356.27
901966,2025-08-31,450.35,1477.6
901972,2025-08-31,1472.46,3712.45
901984,2025-08-31,222.38,301.18
902011,2025-08-31,5439.74,1699.63
902045,2025-08-31,2558.5,6782.27
902114,2025-08-31,1523.42,1622.45
902141,2025-08-31,4611.72,3114.71
902157,2025-08-31,5919.23,3005.8
902180,2025-08-31,2445.96,4769.03
902193,2025-08-31,3638.81,1840.66
902213,2025-08-31,1842.6,7943.08
902218,2025-08-31,1950.04,4174.68
902240,2025-08-31,1697.86,2988.88
902246,2025-08-31,736.41,1900.87
902265,2025-08-31,816.33,4696.61
902281,2025-08-31,233.58,458.49
902289,2025-08-31,1290.73,1520.9
902290,2025-08-31,1042.48,5591.36
902313,2025-08-31,1438.61,1147.76
902314,2025-08-31,964.97,2106.95
902316,2025-08-31,3972.99,3006.94
902341,2025-08-31,1280.31,1565.46
902362,2025-08-31,3141.88,5699.91
902425,2025-08-31,608.47,1215.98
902428,2025-08-31,2380.33,1181.63
902431,2025-08-31,760.32,389.06
902437,2025-08-31,2347.31,6297.92
902446,2025-08-31,2321.14,1368.4
902471,2025-08-31,1566.06,796.15
902482,2025-08-31,825.86,325.48
902490,2025-08-31,936.66,3718.17
902511,2025-08-31,1299.24,7271.07
902526,2025-08-31,673.17,597.6
902532,2025-08-31,326.21,2088.38
902560,2025-08-31,594.72,1352.22
902569,2025-08-31,1047.82,3668.46
902649,2025-08-31,2713.23,5126.39
902654,2025-08-31,539.21,204.83
902697,2025-08-31,2175.35,5786.02
902704,2025-08-31,2762.12,9309.5
902729,2025-08-31,661.39,306.14
902731,2025-08-31,1137.36,1094.57
902751,2025-08-31,1280.63,1296.76
902774,2025-08-31,3105.26,9441.6
902775,2025-08-31,3183.7,2848.94
902807,2025-08-31,565.43,1402.11
902808,2025-08-31,1237.9,1458.32
902825,2025-08-31,523.9,2716.13
902858,2025-08-31,4306.28,1931.12
902886,2025-08-31,674.3,283.45
902910,2025-08-31,1114.0,8413.95
902913,2025-08-31,220.69,972.15
902956,2025-08-31,1040.92,5129.8
902966,2025-08-31,1554.29,2790.41
902969,2025-08-31,624.61,1400.18
902975,2025-08-31,4607.66,2570.11
902986,2025-08-31,905.93,3745.73
903007,2025-08-31,1487.84,1406.38
903018,2025-08-31,1176.46,3041.81
903053,2025-08-31,2542.78,1512.09
903122,2025-08-31,1342.62,2489.8
903169,2025-08-31,534.46,556.91
903184,2025-08-31,822.45,2702.28
903230,2025-08-31,879.97,3641.78
903240,2025-08-31,1339.91,7200.04
903256,2025-08-31,193.33,302.94
903261,2025-08-31,2739.05,1569.75
903266,2025-08-31,573.01,1614.3
903275,2025-08-31,761.6,597.65
903368,2025-08-31,2442.88,4784.31
903385,2025-08-31,3103.57,2691.73
903386,2025-08-31,449.81,482.31
903461,2025-08-31,1675.71,7655.65
903463,2025-08-31,1345.53,1999.03
903514,2025-08-31,3812.91,1717.43
903536,2025-08-31,183.1,181.45
903598,2025-08-31,1179.07,4606.15
903608,2025-08-31,3101.68,1941.87
903616,2025-08-31,1178.12,3205.13
903627,2025-08-31,725.37,2632.4
903653,2025-08-31,1305.97,6646.76
903684,2025-08-31,835.54,2522.29
903709,2025-08-31,2738.22,1452.18
903720,2025-08-31,795.54,896.58
903785,2025-08-31,2181.88,2243.04
903810,2025-08-31,3502.31,8381.1
903811,2025-08-31,2744.58,4963.69
903815,2025-08-31,3363.17,2806.73
903843,2025-08-31,3572.7,4008.3
903856,2025-08-31,1538.72,8802.7
903868,2025-08-31,1480.26,1887.95
903889,2025-08-31,1012.21,1283.62
903912,2025-08-31,2392.32,6762.65
903936,2025-08-31,674.09,1291.6
903953,2025-08-31,2728.16,3540.93
903994,2025-08-31,1109.61,6231.33
904006,2025-08-31,3293.28,5766.87
904007,2025-08-31,2010.7,8483.19
904008,2025-08-31,5074.51,2322.3
904013,2025-08-31,2056.74,5666.81
904015,2025-08-31,902.07,3545.09
904022,2025-08-31,267.4,143.87
904041,2025-08-31,1538.96,4748.98
904084,2025-08-31,1088.68,390.09
904151,2025-08-31,190.13,1300.04
904189,2025-08-31,1720.59,1310.56
904193,2025-08-31,2730.64,3256.09
904217,2025-08-31,2718.61,1521.27
904254,2025-08-31,782.3,2964.31
904291,2025-08-31,2100.72,1586.03
904297,2025-08-31,2176.63,4937.51
904336,2025-08-31,1459.14,511.72
904339,2025-08-31,3228.5,3439.09
904357,2025-08-31,1614.08,4190.04
904386,2025-08-31,602.5,2291.84
904392,2025-08-31,1043.09,4074.09
904397,2025-08-31,1154.35,3214.13
904436,2025-08-31,943.24,695.23
904445,2025-08-31,1519.17,5123.8
904453,2025-08-31,2815.91,2540.03
904460,2025-08-31,5028.47,2045.87
904478,2025-08-31,978.56,773.56
904487,2025-08-31,4010.93,3695.32
904528,2025-08-31,469.58,589.55
904575,2025-08-31,2186.37,3911.58
904576,2025-08-31,1193.34,782.24
904652,2025-08-31,665.17,4055.72
904655,2025-08-31,620.08,320.36
904680,2025-08-31,1484.67,4449.71
904682,2025-08-31,1773.55,3712.75
904716,2025-08-31,1910.43,4143.95
904718,2025-08-31,2666.23,9154.35
904726,2025-08-31,1535.35,5116.76
904748,2025-08-31,971.79,740.05
904791,2025-08-31,4928.83,1915.94
904839,2025-08-31,862.81,2742.59
904841,2025-08-31,1842.56,2604.94
904851,2025-08-31,1603.74,2073.96
904852,2025-08-31,2064.81,5210.48
904862,2025-08-31,3504.46,4425.68
904873,2025-08-31,1272.97,5197.61
904876,2025-08-31,1126.76,746.32
904934,2025-08-31,2432.52,3269.14
904940,2025-08-31,2022.63,9274.93
904944,2025-08-31,1736.13,491.7
904968,2025-08-31,5121.51,2209.89
905012,2025-08-31,891.55,2279.0
905043,2025-08-31,1231.04,731.58
905054,2025-08-31,938.44,3012.6
905060,2025-08-31,1482.89,7859.07
905093,2025-08-31,2431.7,7338.66
905115,2025-08-31,164.06,380.61
905124,2025-08-31,4281.85,1987.91
905133,2025-08-31,1834.48,1013.27
905140,2025-08-31,1216.44,3997.99
905180,2025-08-31,2276.52,1784.74
905197,2025-08-31,1534.67,759.43
905218,2025-08-31,1487.37,704.49
905241,2025-08-31,2152.98,7003.4
905247,2025-08-31,2167.99,4651.04
905316,2025-08-31,1606.67,5060.16
905329,2025-08-31,779.67,2810.17
905334,2025-08-31,3112.22,2112.64
905345,2025-08-31,987.02,1835.81
905360,2025-08-31,573.54,1679.3
905377,2025-08-31,2425.22,5785.55
905386,2025-08-31,3797.48,2523.41
905397,2025-08-31,3614.04,3539.65
905435,2025-08-31,405.89,1207.62
905455,2025-08-31,2846.31,5541.26
905464,2025-08-31,445.0,1421.07
905493,2025-08-31,1162.41,6003.42
905527,2025-08-31,1089.51,3587.53
905533,2025-08-31,1054.46,1079.47
905544,2025-08-31,908.43,612.03
905545,2025-08-31,1786.5,1224.05
905556,2025-08-31,1873.98,5938.0
905572,2025-08-31,4361.1,2627.24
905614,2025-08-31,1858.44,8770.0
905616,2025-08-31,1412.2,2961.87
905628,2025-08-31,819.03,3033.8
905643,2025-08-31,474.48,478.34
905662,2025-08-31,725.73,4224.56
905663,2025-08-31,1268.87,3558.01
905680,2025-08-31,3557.81,1691.55
905683,2025-08-31,4446.38,4785.1
905700,2025-08-31,259.95,101.18
905712,2025-08-31,1263.4,338.47
905737,2025-08-31,2012.3,1949.55
905793,2025-08-31,1984.01,2599.71
905817,2025-08-31,1909.96,1879.72
905838,2025-08-31,1609.55,6415.33
905840,2025-08-31,2327.55,8396.5
905841,2025-08-31,4609.98,3297.37
905850,2025-08-31,3213.55,8464.74
905853,2025-08-31,3268.98,1270.08
905857,2025-08-31,304.05,861.06
905864,2025-08-31,1396.44,531.09
905872,2025-08-31,3001.84,2585.33
905885,2025-08-31,3374.29,4467.57
905909,2025-08-31,2838.17,1053.15
905919,2025-08-31,1665.78,6283.28
905942,2025-08-31,3137.14,6753.48
905957,2025-08-31,421.54,1571.63
905977,2025-08-31,1048.1,6509.98
905987,2025-08-31,1613.57,1560.78
906027,2025-08-31,1030.93,3156.12
906044,2025-08-31,1421.74,5772.01
906048,2025-08-31,1032.29,902.01
906058,2025-08-31,2848.33,2984.82
906075,2025-08-31,533.92,2483.29
906107,2025-08-31,1456.81,4556.05
906115,2025-08-31,2689.44,2496.53
906132,2025-08-31,2965.78,1074.09
906156,2025-08-31,4678.38,3139.48
906166,2025-08-31,892.61,708.26
906186,2025-08-31,1093.67,1693.9
906187,2025-08-31,328.95,895.61
906228,2025-08-31,735.65,1988.8
906231,2025-08-31,1655.89,8630.54
906258,2025-08-31,1388.27,3547.62
906314,2025-08-31,2916.09,5356.76
906340,2025-08-31,4548.91,2755.27
906350,2025-08-31,1473.58,1002.5
906368,2025-08-31,3054.85,7297.99
906435,2025-08-31,1082.55,2470.34
906478,2025-08-31,1929.71,5210.02
906483,2025-08-31,1121.69,3895.27
906485,2025-08-31,5458.17,1827.86
906500,2025-08-31,2211.41,4594.62
906501,2025-08-31,2882.83,5063.48
906535,2025-08-31,904.37,893.4
906542,2025-08-31,2070.92,4233.31
906573,2025-08-31,1441.46,2836.33
906582,2025-08-31,2458.86,7672.5
906590,2025-08-31,2070.42,5854.15
906611,2025-08-31,1424.68,4534.72
906663,2025-08-31,729.62,508.94
906673,2025-08-31,1604.28,6686.31
906704,2025-08-31,196.43,403.82
906716,2025-08-31,866.8,3048.64
906718,2025-08-31,236.71,613.18
906759,2025-08-31,1557.29,1494.9
906772,2025-08-31,1508.57,4310.02
906816,2025-08-31,835.74,2565.06
906819,2025-08-31,668.93,4130.15
906839,2025-08-31,211.55,1516.43
906866,2025-08-31,653.17,2092.83
906928,2025-08-31,3982.11,2091.1
906937,2025-08-31,855.05,763.49
906947,2025-08-31,3409.25,1054.67
906960,2025-08-31,4127.53,4076.48
906991,2025-08-31,638.4,1225.92
907001,2025-08-31,2918.45,5541.39
907024,2025-08-31,1777.4,591.25
907054,2025-08-31,3074.2,1027.22
907057,2025-08-31,1919.2,1960.39
907064,2025-08-31,5618.16,3356.08
907072,2025-08-31,1297.47,1475.81
907079,2025-08-31,365.67,1701.41
907082,2025-08-31,2397.5,2730.61
907116,2025-08-31,650.79,1841.31
907119,2025-08-31,4549.55,2483.97
907122,2025-08-31,207.67,1013.47
907124,2025-08-31,1551.59,586.6
907166,2025-08-31,4288.13,2700.09
907169,2025-08-31,2630.4,737.51
907187,2025-08-31,1248.25,5462.54
907199,2025-08-31,3451.09,2898.15
907212,2025-08-31,327.18,1009.41
907232,2025-08-31,442.87,1434.05
907251,2025-08-31,304.82,647.17
907256,2025-08-31,1456.5,6266.85
907261,2025-08-31,1497.82,7003.04
907262,2025-08-31,2352.45,3403.46
907295,2025-08-31,2383.57,4309.42
907300,2025-08-31,3281.97,1321.57
907317,2025-08-31,2525.12,5022.81
907319,2025-08-31,1676.51,621.59
907320,2025-08-31,667.87,196.06
907328,2025-08-31,3224.37,2955.91
907339,2025-08-31,3850.6,3167.22
907341,2025-08-31,3406.66,2284.64
907371,2025-08-31,611.23,1500.02
907372,2025-08-31,2174.53,1734.6
907376,2025-08-31,657.8,2203.21
907388,2025-08-31,1960.74,4791.72
907391,2025-08-31,1292.81,3875.62
907394,2025-08-31,2336.99,2571.22
907406,2025-08-31,462.99,587.21
907412,2025-08-31,1166.61,355.77
907416,2025-08-31,1748.84,6713.94
907429,2025-08-31,1794.13,1830.82
907444,2025-08-31,1379.3,7187.65
907460,2025-08-31,1310.0,7748.63
907485,2025-08-31,2196.45,6141.68
907486,2025-08-31,1042.28,4326.25
907505,2025-08-31,1618.56,987.17
907531,2025-08-31,589.52,2243.16
907556,2025-08-31,2984.77,8351.65
907571,2025-08-31,2616.99,1741.38
907575,2025-08-31,2046.64,4245.02
907591,2025-08-31,2259.75,6462.64
907593,2025-08-31,2243.73,1215.39
907606,2025-08-31,820.21,3905.44
907608,2025-08-31,3212.56,6742.75
907621,2025-08-31,1799.47,8500.64
907643,2025-08-31,467.29,1959.69
907671,2025-08-31,2686.51,2246.92
907674,2025-08-31,899.13,6967.32
907677,2025-08-31,2009.3,1268.54
907684,2025-08-31,1690.47,1032.76
907727,2025-08-31,632.2,2040.83
907733,2025-08-31,1234.16,4380.91
907736,2025-08-31,1695.91,848.74
907754,2025-08-31,796.77,622.29
907755,2025-08-31,1749.88,7178.69
907759,2025-08-31,166.65,653.88
907761,2025-08-31,1793.32,2182.93
907774,2025-08-31,1462.86,5127.44
907783,2025-08-31,3629.57,2512.87
907800,2025-08-31,2247.0,4997.5
907844,2025-08-31,3433.55,3001.31
907849,2025-08-31,2334.73,6209.58
907877,2025-08-31,1000.55,3552.16
907878,2025-08-31,1319.22,2099.42
907879,2025-08-31,1860.41,7597.56
907893,2025-08-31,899.34,2935.45
907919,2025-08-31,1285.53,3956.66
907937,2025-08-31,1318.13,5793.0
907950,2025-08-31,582.68,965.08
907964,2025-08-31,391.74,821.79
907991,2025-08-31,2387.84,7110.28
908002,2025-08-31,1714.5,8207.58
908004,2025-08-31,3854.74,1170.31
908039,2025-08-31,1686.84,4470.06
908092,2025-08-31,1068.56,4781.45
908103,2025-08-31,1403.04,1419.64
908105,2025-08-31,3153.5,2508.1
908134,2025-08-31,1137.64,4056.3
908152,2025-08-31,2219.59,2286.87
908180,2025-08-31,1686.38,1603.6
908187,2025-08-31,1534.86,6868.88
908188,2025-08-31,1083.42,5645.6
908230,2025-08-31,3753.73,2261.2
908232,2025-08-31,130.94,741.66
908242,2025-08-31,2668.63,7962.86
908246,2025-08-31,357.12,1403.36
908275,2025-08-31,626.25,1664.42
908291,2025-08-31,1019.29,995.53
908294,2025-08-31,4552.61,3880.17
908339,2025-08-31,1043.05,3145.66
908352,2025-08-31,2379.53,1216.52
908353,2025-08-31,2303.55,6628.54
908360,2025-08-31,2571.97,3505.67
908392,2025-08-31,3199.66,2131.28
908425,2025-08-31,410.24,1164.24
908428,2025-08-31,1518.85,7169.76
908430,2025-08-31,2601.14,1727.7
908449,2025-08-31,1309.18,6328.33
908466,2025-08-31,5942.04,1666.88
908501,2025-08-31,5693.32,2888.88
908512,2025-08-31,513.38,925.99
908521,2025-08-31,1061.12,2943.14
908532,2025-08-31,2621.83,867.4
908539,2025-08-31,1856.47,5814.37
908557,2025-08-31,2426.19,4552.45
908567,2025-08-31,1406.65,6907.83
908572,2025-08-31,1384.62,3551.68
908576,2025-08-31,2228.9,8988.66
908580,2025-08-31,991.97,1008.24
908582,2025-08-31,1306.69,7933.06
908583,2025-08-31,2311.45,7860.57
908589,2025-08-31,171.88,1033.12
908609,2025-08-31,1111.11,8034.58
908620,2025-08-31,4641.47,1781.55
908628,2025-08-31,3256.23,9783.67
908643,2025-08-31,3752.47,3052.98
908653,2025-08-31,2268.16,1038.9
908677,2025-08-31,1497.4,5218.09
908681,2025-08-31,1518.6,3912.04
908691,2025-08-31,314.12,1280.89
908727,2025-08-31,3854.31,2940.78
908745,2025-08-31,4048.67,3252.32
908749,2025-08-31,590.2,751.97
908772,2025-08-31,119.32,471.08
908785,2025-08-31,138.05,625.02
908811,2025-08-31,1297.55,1255.07
908860,2025-08-31,1043.44,2497.28
908882,2025-08-31,1501.36,7623.96
908892,2025-08-31,493.55,2159.44
908929,2025-08-31,731.2,1189.95
908939,2025-08-31,810.73,940.07
908983,2025-08-31,187.76,166.11
900024,2025-09-30,3633.74,3996.09
900042,2025-09-30,1789.26,1897.0
900052,2025-09-30,990.03,7277.29
900076,2025-09-30,309.31,1014.81
900085,2025-09-30,320.08,2520.62
900091,2025-09-30,2243.54,6811.21
900098,2025-09-30,441.25,2828.19
900103,2025-09-30,5520.77,2721.03
900131,2025-09-30,534.1,1783.11
900136,2025-09-30,2205.98,6074.13
900145,2025-09-30,882.23,4573.82
900156,2025-09-30,3470.41,2241.9
900157,2025-09-30,1604.1,7291.59
900159,2025-09-30,697.28,279.3
900232,2025-09-30,1242.98,1427.73
900260,2025-09-30,2917.27,1097.13
900322,2025-09-30,1608.72,3283.36
900348,2025-09-30,2819.2,1439.32
900355,2025-09-30,2997.41,1195.81
900358,2025-09-30,2000.24,6103.13
900401,2025-09-30,4230.01,2317.86
900411,2025-09-30,2377.28,8374.15
900417,2025-09-30,1323.67,3705.69
900419,2025-09-30,1728.34,829.22
900433,2025-09-30,2229.12,2610.2
900455,2025-09-30,2165.78,2071.42
900477,2025-09-30,3872.68,1779.39
900518,2025-09-30,1893.03,1795.44
900522,2025-09-30,388.86,207.45
900542,2025-09-30,979.22,932.25
900551,2025-09-30,1004.92,2886.85
900582,2025-09-30,529.47,2742.74
900599,2025-09-30,327.9,621.85
900616,2025-09-30,2617.95,2854.32
900625,2025-09-30,1655.16,6077.3
900661,2025-09-30,2464.04,2511.2
900683,2025-09-30,2143.43,6730.64
900686,2025-09-30,1702.59,510.91
900694,2025-09-30,609.89,2509.49
900710,2025-09-30,1676.12,5310.66
900715,2025-09-30,2521.27,874.61
900742,2025-09-30,3061.81,3005.94
900743,2025-09-30,2143.71,6553.16
900750,2025-09-30,2765.21,1997.14
900757,2025-09-30,4256.56,2294.36
900767,2025-09-30,1608.34,4933.66
900778,2025-09-30,474.1,209.63
900814,2025-09-30,4403.45,1718.81
900827,2025-09-30,3748.67,2797.12
900840,2025-09-30,337.16,409.04
900853,2025-09-30,2408.7,1725.35
900961,2025-09-30,1229.03,1250.48
900965,2025-09-30,2363.35,2219.91
900991,2025-09-30,96.22,510.23
901002,2025-09-30,262.28,787.1
901006,2025-09-30,1419.45,5323.35
901022,2025-09-30,2676.68,1843.61
901059,2025-09-30,331.13,1019.06
901070,2025-09-30,1283.13,3411.26
901091,2025-09-30,2275.03,4223.35
901099,2025-09-30,2058.07,4995.97
901107,2025-09-30,1602.76,1328.19
901117,2025-09-30,443.56,1357.49
901141,2025-09-30,719.05,2036.48
901169,2025-09-30,2068.12,640.33
901179,2025-09-30,591.53,324.58
901193,2025-09-30,3082.68,812.12
901244,2025-09-30,250.93,1543.59
901245,2025-09-30,1293.05,2116.49
901269,2025-09-30,4363.77,1193.98
901342,2025-09-30,1141.16,3785.91
901354,2025-09-30,1607.34,5168.13
901361,2025-09-30,176.52,790.62
901363,2025-09-30,2492.88,8277.79
901372,2025-09-30,2782.1,2943.32
901378,2025-09-30,1346.6,5059.51
901383,2025-09-30,5715.44,2419.46
901429,2025-09-30,2613.27,1488.2
901431,2025-09-30,1404.12,4551.99
901434,2025-09-30,471.34,178.62
901463,2025-09-30,1088.95,5282.01
901471,2025-09-30,853.13,694.39
901482,2025-09-30,509.84,1319.88
901490,2025-09-30,3280.53,7836.85
901504,2025-09-30,1286.28,1064.41
901589,2025-09-30,2182.13,3005.57
901607,2025-09-30,2783.75,3539.64
901614,2025-09-30,472.69,440.71
901618,2025-09-30,3004.24,8757.27
901621,2025-09-30,680.14,215.97
901623,2025-09-30,3891.99,2862.8
901632,2025-09-30,3310.91,2072.07
901645,2025-09-30,1343.07,3084.98
901647,2025-09-30,1243.81,1089.16
901681,2025-09-30,618.44,3264.91
901688,2025-09-30,1001.06,3217.0
901691,2025-09-30,161.72,615.22
901695,2025-09-30,1823.36,8409.09
901728,2025-09-30,456.11,2094.79
901744,2025-09-30,3766.67,4223.51
901759,2025-09-30,726.16,2698.13
901783,2025-09-30,675.04,2585.49
901808,2025-09-30,1724.3,1229.4
901816,2025-09-30,1572.43,1493.94
901837,2025-09-30,1996.03,1457.83
901840,2025-09-30,2392.61,1754.74
901869,2025-09-30,2584.3,1964.11
901877,2025-09-30,5836.11,3099.69
901903,2025-09-30,2304.2,1495.81
901959,2025-09-30,828.03,2227.9
901966,2025-09-30,414.61,3211.36
901967,2025-09-30,2169.08,4337.63
901972,2025-09-30,1829.76,4113.07
901984,2025-09-30,1472.88,899.02
902029,2025-09-30,2380.47,6076.7
902072,2025-09-30,5468.1,2864.3
902091,2025-09-30,2839.61,1570.25
902100,2025-09-30,1259.0,6497.91
902106,2025-09-30,4270.72,2196.9
902114,2025-09-30,2005.47,1274.45
902213,2025-09-30,630.99,1263.79
902218,2025-09-30,1596.96,3134.25
902240,2025-09-30,847.11,1768.76
902263,2025-09-30,461.22,3276.82
902265,2025-09-30,1249.7,4406.95
902281,2025-09-30,737.98,2191.88
902289,2025-09-30,1710.22,2407.61
902313,2025-09-30,4649.36,3970.47
902314,2025-09-30,559.08,2376.37
902316,2025-09-30,3238.23,3113.52
902362,2025-09-30,338.84,899.5
902364,2025-09-30,2174.41,8328.66
902380,2025-09-30,3361.59,1436.78
902431,2025-09-30,1192.5,468.07
902446,2025-09-30,1705.89,824.26
902465,2025-09-30,1443.73,3076.42
902482,2025-09-30,659.59,344.81
902490,2025-09-30,376.84,917.23
902511,2025-09-30,2141.93,6024.46
902520,2025-09-30,3128.41,1533.76
902526,2025-09-30,948.71,538.97
902555,2025-09-30,2943.34,2514.55
902560,2025-09-30,436.58,1389.9
902569,2025-09-30,1539.76,2563.75
902644,2025-09-30,2469.46,2605.9
902654,2025-09-30,747.0,461.26
902664,2025-09-30,2315.79,4584.53
902704,2025-09-30,1083.79,2620.18
902731,2025-09-30,3375.92,3541.74
902751,2025-09-30,877.78,824.9
902774,2025-09-30,463.83,2475.71
902788,2025-09-30,6362.45,2471.12
902791,2025-09-30,3310.22,3541.53
902805,2025-09-30,321.68,1597.72
902807,2025-09-30,1828.91,5112.05
902832,2025-09-30,733.0,3569.07
902922,2025-09-30,1030.78,4913.98
902966,2025-09-30,355.78,414.38
902969,2025-09-30,696.41,1706.67
902981,2025-09-30,743.71,2728.37
902986,2025-09-30,1368.31,2732.1
903020,2025-09-30,480.24,802.82
903053,2025-09-30,2529.15,1537.25
903075,2025-09-30,2295.16,5477.24
903084,2025-09-30,4343.47,1896.73
903103,2025-09-30,4691.97,4643.49
903104,2025-09-30,203.93,632.31
903122,2025-09-30,650.31,1036.17
903154,2025-09-30,3476.97,3294.38
903169,2025-09-30,3911.39,3626.76
903184,2025-09-30,2701.08,6500.94
903230,2025-09-30,719.26,1691.43
903232,2025-09-30,2520.33,1375.12
903240,2025-09-30,1046.66,5262.39
903266,2025-09-30,1699.27,4699.71
903275,2025-09-30,336.47,459.64
903368,2025-09-30,2373.22,9543.07
903385,2025-09-30,2015.94,2353.97
903386,2025-09-30,1784.33,1723.36
903420,2025-09-30,2152.07,1004.66
903439,2025-09-30,3761.18,1953.42
903461,2025-09-30,383.96,1422.13
903463,2025-09-30,3060.48,2943.69
903485,2025-09-30,2042.41,3781.1
903536,2025-09-30,2379.85,2810.48
903561,2025-09-30,5067.6,1473.28
903590,2025-09-30,2262.92,4261.79
903616,2025-09-30,1944.14,4465.89
903643,2025-09-30,2616.07,4167.98
903684,2025-09-30,784.15,1752.43
903709,2025-09-30,2488.79,1628.63
903713,2025-09-30,1809.12,1253.99
903734,2025-09-30,1449.39,5959.72
903764,2025-09-30,1012.86,2151.31
903796,2025-09-30,983.28,4341.88
903810,2025-09-30,1263.83,3383.77
903815,2025-09-30,2973.85,2987.8
903843,2025-09-30,784.96,1224.99
903856,2025-09-30,777.32,2330.41
903881,2025-09-30,1861.92,5790.42
903889,2025-09-30,4603.27,3889.36
903912,2025-09-30,929.75,2515.04
903936,2025-09-30,1406.18,4275.39
903951,2025-09-30,2478.2,1636.11
903994,2025-09-30,1739.66,3508.59
904007,2025-09-30,482.98,2311.78
904015,2025-09-30,898.13,3011.57
904039,2025-09-30,2025.85,9147.09
904041,2025-09-30,361.38,1570.11
904084,2025-09-30,2435.82,845.91
904108,2025-09-30,3308.27,2921.47
904158,2025-09-30,1200.85,8124.68
904176,2025-09-30,2257.55,4317.83
904189,2025-09-30,2708.09,1972.25
904193,2025-09-30,1699.54,1785.33
904226,2025-09-30,1576.25,3063.33
904237,2025-09-30,1072.36,4915.52
904254,2025-09-30,1849.7,3828.17
904297,2025-09-30,261.85,970.86
904327,2025-09-30,2290.35,2300.8
904335,2025-09-30,789.87,1264.48
904336,2025-09-30,552.31,168.02
904343,2025-09-30,1275.51,664.78
904349,2025-09-30,985.97,938.12
904366,2025-09-30,1032.72,1334.94
904386,2025-09-30,2444.96,6037.03
904397,2025-09-30,2185.46,6321.24
904436,2025-09-30,1593.1,1214.4
904445,2025-09-30,1173.78,6754.45
904446,2025-09-30,2505.3,743.68
904450,2025-09-30,2373.16,7128.65
904478,2025-09-30,1941.76,1223.86
904480,2025-09-30,524.31,1486.72
904487,2025-09-30,2703.64,4833.69
904528,2025-09-30,2777.05,4041.47
904576,2025-09-30,1329.22,710.72
904647,2025-09-30,659.5,3024.16
904652,2025-09-30,2245.32,4845.08
904655,2025-09-30,2278.81,1770.35
904680,2025-09-30,1600.94,3286.39
904685,2025-09-30,3467.35,2701.73
904716,2025-09-30,1357.81,3158.96
904726,2025-09-30,1203.64,3034.82
904739,2025-09-30,2228.65,7625.35
904740,2025-09-30,2327.58,4292.65
904786,2025-09-30,5448.25,1286.61
904841,2025-09-30,1492.14,1262.31
904873,2025-09-30,1441.95,4138.86
904934,2025-09-30,4655.64,4242.11
904968,2025-09-30,1611.83,543.82
905019,2025-09-30,935.48,2790.35
905034,2025-09-30,1511.79,1311.82
905036,2025-09-30,648.4,1023.73
905043,2025-09-30,2521.87,809.77
905054,2025-09-30,1560.09,6251.73
905058,2025-09-30,3095.3,9682.59
905115,2025-09-30,1317.98,4502.8
905170,2025-09-30,1753.09,1925.31
905188,2025-09-30,2034.47,635.02
905190,2025-09-30,5759.95,2986.73
905197,2025-09-30,5129.56,3237.77
905218,2025-09-30,1927.46,1100.07
905247,2025-09-30,319.54,1381.9
905287,2025-09-30,1732.8,6224.98
905295,2025-09-30,1407.82,4350.96
905316,2025-09-30,1427.63,5176.42
905351,2025-09-30,806.2,2820.8
905356,2025-09-30,526.17,1684.42
905358,2025-09-30,462.95,860.86
905360,2025-09-30,1312.73,8094.15
905362,2025-09-30,424.29,492.82
905374,2025-09-30,5610.61,2699.66
905377,2025-09-30,198.44,860.87
905382,2025-09-30,1037.21,1976.18
905383,2025-09-30,1187.28,3688.12
905386,2025-09-30,1719.18,1120.16
905397,2025-09-30,3592.85,2595.71
905410,2025-09-30,692.03,5521.63
905435,2025-09-30,2046.42,5381.15
905459,2025-09-30,314.82,1720.84
905471,2025-09-30,2372.63,3724.42
905488,2025-09-30,2510.81,9507.78
905527,2025-09-30,1038.22,5185.37
905544,2025-09-30,2795.89,4453.77
905556,2025-09-30,1740.75,4703.57
905572,2025-09-30,5021.73,1518.09
905592,2025-09-30,486.64,1542.54
905628,2025-09-30,1674.69,5793.34
905660,2025-09-30,1518.28,558.98
905662,2025-09-30,1643.83,5124.25
905663,2025-09-30,425.49,1633.9
905680,2025-09-30,2963.31,2052.56
905683,2025-09-30,2901.88,4243.97
905689,2025-09-30,2561.21,1263.03
905719,2025-09-30,4062.32,1439.41
905721,2025-09-30,1842.8,6446.82
905770,2025-09-30,2589.91,1917.04
905788,2025-09-30,2349.26,3160.45
905793,2025-09-30,2537.68,2172.94
905796,2025-09-30,739.68,407.77
905817,2025-09-30,994.15,1069.18
905838,2025-09-30,2670.18,8518.11
905853,2025-09-30,1952.07,805.82
905857,2025-09-30,893.7,3086.08
905881,2025-09-30,2500.7,1186.23
905885,2025-09-30,4082.45,2546.87
905919,2025-09-30,840.94,2523.54
905977,2025-09-30,2164.98,5617.42
906005,2025-09-30,264.85,1035.62
906027,2025-09-30,2783.21,5843.19
906048,2025-09-30,371.2,613.03
906075,2025-09-30,1921.09,7616.02
906107,2025-09-30,608.53,1775.52
906115,2025-09-30,2119.62,1975.04
906123,2025-09-30,2589.24,3165.11
906132,2025-09-30,4254.69,2335.12
906156,2025-09-30,3776.63,1778.06
906183,2025-09-30,346.4,380.51
906184,2025-09-30,1983.88,6813.46
906186,2025-09-30,855.2,1795.72
906187,2025-09-30,569.26,1569.18
906228,2025-09-30,855.16,3514.69
906231,2025-09-30,1469.2,4103.19
906258,2025-09-30,1213.39,7676.87
906283,2025-09-30,1021.26,6798.63
906285,2025-09-30,434.32,1760.34
906289,2025-09-30,861.57,4331.62
906292,2025-09-30,263.86,696.24
906312,2025-09-30,1326.26,4251.6
906330,2025-09-30,1261.32,8594.08
906340,2025-09-30,4585.2,1790.77
906435,2025-09-30,2497.75,5469.49
906460,2025-09-30,167.1,897.78
906465,2025-09-30,311.99,157.31
906468,2025-09-30,1618.9,561.24
906478,2025-09-30,2499.08,5121.62
906485,2025-09-30,3619.83,2169.72
906500,2025-09-30,274.03,771.78
906506,2025-09-30,2625.51,4943.39
906535,2025-09-30,272.16,386.0
906542,2025-09-30,1627.49,3527.37
906560,2025-09-30,3240.98,1469.74
906611,2025-09-30,2207.76,4834.33
906632,2025-09-30,3170.08,3043.87
906663,2025-09-30,3494.6,4482.0
906704,2025-09-30,1312.01,3565.61
906711,2025-09-30,2688.16,1181.54
906712,2025-09-30,2182.19,5655.17
906716,2025-09-30,679.12,4550.95
906718,2025-09-30,2289.0,5916.66
906727,2025-09-30,361.62,348.05
906739,2025-09-30,1007.09,482.57
906772,2025-09-30,1484.05,5778.49
906819,2025-09-30,1301.16,6100.55
906822,2025-09-30,172.55,821.6
906834,2025-09-30,2063.95,1941.78
906866,2025-09-30,801.74,1463.94
906947,2025-09-30,790.92,222.57
906960,2025-09-30,3161.88,4361.78
906973,2025-09-30,1179.02,3149.23
906990,2025-09-30,4786.02,2770.07
906991,2025-09-30,255.48,638.31
907001,2025-09-30,1071.47,3766.73
907024,2025-09-30,503.44,286.59
907054,2025-09-30,3301.6,1141.81
907072,2025-09-30,2295.0,3149.22
907082,2025-09-30,3258.48,2980.39
907085,2025-09-30,2533.36,1297.02
907116,2025-09-30,487.96,2546.32
907119,2025-09-30,4876.8,1650.37
907122,2025-09-30,715.0,3009.92
907146,2025-09-30,1879.66,862.25
907155,2025-09-30,995.16,2499.34
907166,2025-09-30,1414.58,657.54
907167,2025-09-30,2280.81,900.54
907182,2025-09-30,1880.06,884.67
907187,2025-09-30,1452.72,4254.17
907237,2025-09-30,1309.99,5015.62
907251,2025-09-30,3101.28,5247.91
907254,2025-09-30,547.78,1918.68
907256,2025-09-30,2947.91,6855.47
907264,2025-09-30,2639.78,1273.43
907272,2025-09-30,1439.23,4792.98
907300,2025-09-30,5056.86,2281.24
907317,2025-09-30,3146.63,8727.19
907320,2025-09-30,2295.14,1273.51
907328,2025-09-30,2853.49,4668.05
907331,2025-09-30,1096.58,3825.35
907341,2025-09-30,2424.79,2748.37
907371,2025-09-30,767.75,1398.82
907372,2025-09-30,1791.52,1485.67
907388,2025-09-30,2778.46,7480.91
907391,2025-09-30,1046.31,3397.49
907394,2025-09-30,2627.98,3561.69
907406,2025-09-30,2208.24,1865.89
907422,2025-09-30,2786.29,2656.4
907429,2025-09-30,1046.13,907.13
907477,2025-09-30,1007.87,2816.11
907485,2025-09-30,496.18,1823.11
907486,2025-09-30,2085.28,9738.79
907531,2025-09-30,1198.76,5402.44
907542,2025-09-30,1539.11,809.71
907566,2025-09-30,3537.64,2499.04
907571,2025-09-30,483.74,306.94
907591,2025-09-30,445.76,1543.06
907595,2025-09-30,568.91,1561.71
907621,2025-09-30,631.29,2172.17
907630,2025-09-30,1916.52,3179.94
907641,2025-09-30,3556.82,2945.81
907643,2025-09-30,2406.07,5996.78
907671,2025-09-30,2439.79,694.46
907678,2025-09-30,5503.88,2768.75
907684,2025-09-30,3572.16,2116.23
907688,2025-09-30,1520.01,8347.47
907720,2025-09-30,482.86,2486.24
907727,2025-09-30,893.18,4723.25
907733,2025-09-30,2761.49,4651.43
907735,2025-09-30,554.43,2314.63
907754,2025-09-30,2175.31,1395.85
907755,2025-09-30,1801.43,4925.17
907758,2025-09-30,1941.21,1153.33
907774,2025-09-30,1774.73,3026.28
907783,2025-09-30,1393.56,2321.77
907800,2025-09-30,972.79,1755.63
907818,2025-09-30,1889.81,745.56
907877,2025-09-30,841.02,2937.75
907885,2025-09-30,857.3,1558.66
907915,2025-09-30,2619.4,3384.49
907937,2025-09-30,1294.39,5902.04
907964,2025-09-30,914.01,3558.65
907991,2025-09-30,2212.78,4923.29
908004,2025-09-30,320.0,136.53
908006,2025-09-30,2205.25,6510.21
908038,2025-09-30,694.19,851.92
908061,2025-09-30,787.73,4717.7
908103,2025-09-30,2179.55,2757.12
908106,2025-09-30,1093.09,2515.64
908133,2025-09-30,2676.72,1356.43
908134,2025-09-30,856.45,3644.82
908152,2025-09-30,1917.37,1831.48
908154,2025-09-30,230.03,244.64
908177,2025-09-30,3176.79,7879.23
908180,2025-09-30,2567.08,3534.26
908187,2025-09-30,1061.15,5223.44
908188,2025-09-30,2011.19,4070.89
908230,2025-09-30,4770.31,1620.97
908232,2025-09-30,2130.07,6589.5
908242,2025-09-30,809.41,1623.79
908258,2025-09-30,3550.29,1414.34
908266,2025-09-30,2316.83,2647.16
908291,2025-09-30,316.78,520.5
908294,2025-09-30,4824.55,5094.42
908353,2025-09-30,423.85,1593.12
908360,2025-09-30,1276.94,827.44
908392,2025-09-30,2333.07,1163.11
908417,2025-09-30,4422.56,1701.56
908428,2025-09-30,1457.67,6219.78
908430,2025-09-30,3149.31,3108.15
908461,2025-09-30,1331.38,3126.37
908466,2025-09-30,4320.48,1984.61
908499,2025-09-30,1708.87,7634.84
908501,2025-09-30,3928.61,1999.78
908512,2025-09-30,622.14,3829.82
908532,2025-09-30,2849.02,1450.45
908539,2025-09-30,125.06,504.82
908557,2025-09-30,949.18,4613.08
908580,2025-09-30,1507.21,1557.51
908583,2025-09-30,785.77,1487.36
908609,2025-09-30,254.06,1017.53
908623,2025-09-30,1516.84,505.45
908643,2025-09-30,2020.03,1672.01
908653,2025-09-30,1943.22,743.97
908665,2025-09-30,922.11,5727.68
908677,2025-09-30,1231.31,6920.1
908700,2025-09-30,544.61,2668.16
908727,2025-09-30,3894.32,2629.28
908732,2025-09-30,1800.83,1900.27
908746,2025-09-30,4280.59,1208.5
908749,2025-09-30,1137.96,898.39
908772,2025-09-30,1417.14,3078.58
908811,2025-09-30,2499.28,2764.28
908826,2025-09-30,3532.09,3588.0
908834,2025-09-30,922.02,3301.85
908862,2025-09-30,1675.73,4904.99
908892,2025-09-30,2598.75,9206.88
908922,2025-09-30,2171.41,773.9
908934,2025-09-30,946.14,245.68
908939,2025-09-30,292.76,403.58
900024,2025-10-31,1042.1,983.27
900042,2025-10-31,2904.23,3602.56
900052,2025-10-31,2025.36,6480.72
900076,2025-10-31,977.61,3771.9
900085,2025-10-31,822.33,2080.28
900131,2025-10-31,1109.49,4246.11
900145,2025-10-31,1078.99,3149.08
900156,2025-10-31,796.29,1233.03
900159,2025-10-31,771.25,305.43
900214,2025-10-31,4133.55,4276.56
900232,2025-10-31,836.69,582.16
900260,2025-10-31,4091.59,1071.07
900263,2025-10-31,4185.39,2648.21
900280,2025-10-31,766.13,4111.7
900302,2025-10-31,1755.55,7113.31
900322,2025-10-31,1850.18,4020.47
900329,2025-10-31,773.66,3697.11
900348,2025-10-31,5717.77,3003.94
900401,2025-10-31,1269.5,369.1
900411,2025-10-31,517.97,1790.7
900416,2025-10-31,2161.26,8840.08
900417,2025-10-31,1276.58,6077.17
900433,2025-10-31,4151.27,2790.01
900444,2025-10-31,2905.81,8287.77
900448,2025-10-31,1031.08,1372.47
900477,2025-10-31,3415.94,1091.35
900518,2025-10-31,1787.39,2601.29
900522,2025-10-31,4846.53,1310.39
900531,2025-10-31,943.63,2877.14
900551,2025-10-31,1862.87,4439.44
900582,2025-10-31,1165.11,6637.94
900599,2025-10-31,2165.44,4659.35
900616,2025-10-31,2271.66,1641.03
900640,2025-10-31,1700.3,4755.99
900661,2025-10-31,1074.64,965.81
900668,2025-10-31,4976.9,1936.47
900710,2025-10-31,484.48,1703.27
900715,2025-10-31,3619.96,1185.06
900739,2025-10-31,2797.32,790.21
900742,2025-10-31,2813.13,2536.19
900743,2025-10-31,239.1,819.83
900750,2025-10-31,3204.11,3490.12
900767,2025-10-31,1008.09,3845.56
900774,2025-10-31,500.1,1195.51
900777,2025-10-31,2235.43,5296.88
900814,2025-10-31,2612.57,1561.19
900827,2025-10-31,4048.17,2962.17
900828,2025-10-31,1355.57,4237.89
900840,2025-10-31,2432.66,2348.09
900898,2025-10-31,419.73,1070.9
900901,2025-10-31,5446.45,1758.7
900932,2025-10-31,585.27,2766.56
900953,2025-10-31,782.72,648.65
900961,2025-10-31,1934.46,1477.22
900985,2025-10-31,1386.06,3139.41
900991,2025-10-31,1333.94,4092.52
900993,2025-10-31,1605.99,5814.54
901002,2025-10-31,1074.76,4748.53
901022,2025-10-31,1519.09,1480.97
901023,2025-10-31,619.49,1609.03
901031,2025-10-31,2128.05,2048.18
901044,2025-10-31,105.53,660.86
901070,2025-10-31,1916.43,7339.39
901084,2025-10-31,1703.47,5090.3
901092,2025-10-31,702.59,907.14
901099,2025-10-31,734.6,1799.24
901117,2025-10-31,1464.27,3847.82
901156,2025-10-31,5656.17,1848.08
901244,2025-10-31,537.36,1816.44
901245,2025-10-31,1784.4,2099.8
901251,2025-10-31,1833.28,1773.21
901293,2025-10-31,559.32,2379.06
901312,2025-10-31,1916.49,889.46
901342,2025-10-31,2723.34,6560.57
901344,2025-10-31,1182.57,537.01
901353,2025-10-31,1242.94,642.59
901354,2025-10-31,1006.36,3565.56
901361,2025-10-31,1888.84,4459.87
901363,2025-10-31,901.13,4059.33
901372,2025-10-31,498.01,849.91
901383,2025-10-31,2405.0,991.16
901429,2025-10-31,6416.99,2611.43
901471,2025-10-31,3009.57,3545.4
901474,2025-10-31,832.72,3716.0
901482,2025-10-31,611.03,3515.27
901504,2025-10-31,264.39,331.92
901509,2025-10-31,367.72,1673.21
901537,2025-10-31,870.91,2630.52
901558,2025-10-31,109.58,617.71
901567,2025-10-31,263.13,1388.37
901589,2025-10-31,2626.32,3675.36
901614,2025-10-31,872.25,848.79
901645,2025-10-31,1042.43,3921.71
901647,2025-10-31,2976.24,2773.98
901663,2025-10-31,1559.87,3143.91
901681,2025-10-31,514.66,4038.22
901691,2025-10-31,1098.19,2463.67
901695,2025-10-31,1164.51,3434.54
901732,2025-10-31,1987.3,6243.9
901744,2025-10-31,3501.7,2661.53
901759,2025-10-31,2986.84,6728.8
901785,2025-10-31,1878.93,1810.03
901807,2025-10-31,1156.63,1385.92
901837,2025-10-31,1815.07,784.56
901860,2025-10-31,1329.45,6415.03
901869,2025-10-31,5055.93,2019.83
901903,2025-10-31,3405.6,2050.01
901913,2025-10-31,1502.11,2924.39
901952,2025-10-31,3487.5,1854.72
901959,2025-10-31,410.66,1575.22
901960,2025-10-31,113.25,369.39
901966,2025-10-31,678.85,1374.99
902000,2025-10-31,1417.05,1142.24
902042,2025-10-31,607.38,3802.65
902091,2025-10-31,1851.3,771.2
902106,2025-10-31,1530.04,681.46
902113,2025-10-31,936.93,906.05
902114,2025-10-31,2821.06,2693.62
902127,2025-10-31,2592.27,3477.45
902141,2025-10-31,1911.05,2689.26
902180,2025-10-31,2230.12,7260.36
902193,2025-10-31,6379.91,1575.44
902213,2025-10-31,3038.92,6804.51
902218,2025-10-31,1574.84,8989.17
902246,2025-10-31,1830.14,7403.68
902251,2025-10-31,207.3,1118.68
902281,2025-10-31,1826.84,6443.68
902284,2025-10-31,2090.96,2495.77
902301,2025-10-31,5181.61,2507.93
902316,2025-10-31,4451.78,3060.06
902362,2025-10-31,102.47,285.13
902425,2025-10-31,2835.11,6835.49
902428,2025-10-31,4639.77,2388.81
902431,2025-10-31,722.49,542.4
902437,2025-10-31,955.54,4754.43
902488,2025-10-31,2455.46,2084.07
902493,2025-10-31,453.5,1881.69
902511,2025-10-31,1088.67,4977.73
902520,2025-10-31,3002.71,1000.18
902555,2025-10-31,1935.9,2477.39
902643,2025-10-31,1169.29,3830.51
902644,2025-10-31,2019.87,1552.52
902649,2025-10-31,435.22,1180.13
902654,2025-10-31,3596.73,1522.02
902664,2025-10-31,378.04,1673.8
902673,2025-10-31,2573.57,2657.22
902697,2025-10-31,861.99,1610.13
902704,2025-10-31,108.71,478.73
902712,2025-10-31,782.22,5397.31
902727,2025-10-31,1103.65,895.47
902729,2025-10-31,6057.14,2882.64
902774,2025-10-31,280.8,626.76
902775,2025-10-31,3297.05,4375.41
902791,2025-10-31,2584.37,2680.69
902807,2025-10-31,2552.84,5083.34
902808,2025-10-31,1472.6,1137.3
902825,2025-10-31,524.32,3576.15
902832,2025-10-31,1221.01,5536.07
902886,2025-10-31,4542.95,2693.49
902910,2025-10-31,778.3,2316.34
902922,2025-10-31,304.71,975.3
902956,2025-10-31,2615.17,5813.89
902958,2025-10-31,2547.02,7380.43
902966,2025-10-31,3003.74,2825.21
902975,2025-10-31,6722.82,2482.44
903018,2025-10-31,1328.33,5914.36
903075,2025-10-31,1184.74,8175.25
903103,2025-10-31,3199.01,3307.5
903104,2025-10-31,1111.4,1701.13
903122,2025-10-31,1570.18,3915.04
903154,2025-10-31,1729.06,1189.59
903184,2025-10-31,234.97,970.01
903230,2025-10-31,1677.19,4739.65
903232,2025-10-31,4376.85,2990.67
903240,2025-10-31,1726.26,7822.72
903256,2025-10-31,2298.2,3176.8
903275,2025-10-31,168.4,248.22
903368,2025-10-31,1394.79,7313.86
903385,2025-10-31,1434.6,1988.6
903386,2025-10-31,768.47,579.86
903403,2025-10-31,1987.93,3958.81
903439,2025-10-31,590.49,296.32
903461,2025-10-31,1718.09,4827.47
903463,2025-10-31,3137.69,2079.78
903485,2025-10-31,1585.92,4601.68
903521,2025-10-31,887.21,707.38
903536,2025-10-31,432.78,378.6
903566,2025-10-31,419.38,1487.94
903579,2025-10-31,1970.69,8595.11
903580,2025-10-31,887.74,1866.15
903590,2025-10-31,3313.77,8017.26
903616,2025-10-31,221.34,1485.2
903627,2025-10-31,668.66,2365.92
903653,2025-10-31,2529.45,5904.04
903684,2025-10-31,2906.25,7688.79
903709,2025-10-31,2264.78,1794.72
903713,2025-10-31,317.45,238.92
903723,2025-10-31,3360.14,2869.82
903734,2025-10-31,2099.87,5682.73
903771,2025-10-31,2444.89,2393.57
903794,2025-10-31,998.95,5298.11
903811,2025-10-31,1100.98,6899.46
903816,2025-10-31,671.41,2630.13
903856,2025-10-31,663.94,1935.45
903872,2025-10-31,1941.12,3591.61
903881,2025-10-31,2501.13,9259.31
903951,2025-10-31,3986.28,1655.28
904007,2025-10-31,2022.21,5310.49
904008,2025-10-31,1686.12,789.32
904022,2025-10-31,1873.38,879.3
904041,2025-10-31,312.95,1134.0
904108,2025-10-31,1829.61,2572.54
904149,2025-10-31,654.34,1750.55
904151,2025-10-31,630.03,1672.32
904189,2025-10-31,851.73,950.36
904193,2025-10-31,430.71,415.65
904226,2025-10-31,1657.23,7441.89
904236,2025-10-31,965.15,350.71
904254,2025-10-31,483.94,3011.24
904291,2025-10-31,224.4,154.15
904297,2025-10-31,158.31,341.13
904303,2025-10-31,805.05,1168.18
904306,2025-10-31,2533.13,2741.04
904336,2025-10-31,4525.02,1866.36
904339,2025-10-31,1683.21,1313.95
904343,2025-10-31,2614.79,1072.15
904349,2025-10-31,1605.28,1600.09
904357,2025-10-31,431.57,1635.86
904364,2025-10-31,1171.7,559.46
904366,2025-10-31,763.95,866.66
904394,2025-10-31,1746.36,3642.05
904397,2025-10-31,884.58,1870.5
904440,2025-10-31,1009.76,3591.43
904446,2025-10-31,296.82,142.0
904450,2025-10-31,1831.67,7079.46
904452,2025-10-31,870.65,1763.6
904453,2025-10-31,2217.99,3174.4
904478,2025-10-31,2149.18,2511.15
904487,2025-10-31,732.93,768.82
904491,2025-10-31,1694.58,5935.9
904575,2025-10-31,1193.47,2671.46
904576,2025-10-31,372.32,233.2
904611,2025-10-31,3466.23,3929.36
904652,2025-10-31,743.68,2797.73
904655,2025-10-31,2217.99,1143.8
904710,2025-10-31,2399.43,7700.19
904718,2025-10-31,1913.3,7556.87
904726,2025-10-31,1098.35,2409.11
904740,2025-10-31,231.27,538.06
904757,2025-10-31,1820.5,4140.58
904786,2025-10-31,5156.04,3085.79
904791,2025-10-31,548.06,302.78
904811,2025-10-31,1859.37,660.86
904841,2025-10-31,472.58,287.84
904852,2025-10-31,941.48,3506.96
904876,2025-10-31,1415.07,1373.88
904934,2025-10-31,660.06,376.67
904940,2025-10-31,251.42,506.29
904954,2025-10-31,1466.11,3483.81
904968,2025-10-31,756.44,249.42
904976,2025-10-31,240.49,1086.48
905034,2025-10-31,1106.22,1243.92
905036,2025-10-31,517.29,2883.08
905043,2025-10-31,4688.74,2157.63
905046,2025-10-31,2149.99,2600.06
905058,2025-10-31,1103.06,2011.02
905093,2025-10-31,671.57,2477.69
905118,2025-10-31,1771.39,825.85
905124,2025-10-31,1782.19,554.61
905133,2025-10-31,3585.01,1395.23
905140,2025-10-31,583.07,2382.5
905190,2025-10-31,762.83,417.95
905218,2025-10-31,2789.14,2070.23
905267,2025-10-31,1505.2,584.06
905287,2025-10-31,2740.6,8690.6
905295,2025-10-31,1215.57,3484.74
905300,2025-10-31,633.91,611.13
905351,2025-10-31,678.62,1572.64
905356,2025-10-31,407.96,1793.68
905374,2025-10-31,1083.28,746.02
905397,2025-10-31,1368.7,1522.55
905435,2025-10-31,476.33,1599.98
905455,2025-10-31,616.12,4170.65
905459,2025-10-31,1663.37,7331.86
905464,2025-10-31,1716.33,7523.19
905544,2025-10-31,240.15,290.82
905556,2025-10-31,2191.57,6056.9
905572,2025-10-31,821.39,243.0
905592,2025-10-31,501.15,1168.61
905598,2025-10-31,1698.22,1856.13
905614,2025-10-31,290.04,703.6
905616,2025-10-31,769.0,3733.75
905630,2025-10-31,1910.11,1676.18
905643,2025-10-31,3029.67,3046.58
905660,2025-10-31,1177.87,564.24
905662,2025-10-31,2292.78,5000.43
905663,2025-10-31,1761.34,3053.62
905680,2025-10-31,4066.58,1630.59
905683,2025-10-31,2598.16,1746.35
905700,2025-10-31,6400.53,2461.62
905712,2025-10-31,2063.85,648.1
905719,2025-10-31,829.84,344.51
905721,2025-10-31,73.05,477.9
905737,2025-10-31,1010.07,1703.97
905770,2025-10-31,1243.61,1923.01
905780,2025-10-31,1572.5,3769.75
905788,2025-10-31,189.01,160.51
905817,2025-10-31,1354.83,857.9
905840,2025-10-31,603.09,2385.29
905841,2025-10-31,4336.58,2539.58
905853,2025-10-31,2223.01,919.06
905856,2025-10-31,5752.32,1734.02
905872,2025-10-31,4614.35,3631.52
905881,2025-10-31,2307.39,1183.48
905896,2025-10-31,1208.78,8550.25
905919,2025-10-31,1266.02,8109.1
905955,2025-10-31,1285.48,6227.18
905957,2025-10-31,663.85,1242.45
905977,2025-10-31,159.65,1039.59
906005,2025-10-31,2530.97,6566.71
906027,2025-10-31,1015.69,3519.0
906030,2025-10-31,1124.93,345.77
906044,2025-10-31,764.13,1356.28
906048,2025-10-31,1288.52,1711.93
906114,2025-10-31,420.35,355.3
906115,2025-10-31,820.61,1384.94
906123,2025-10-31,3707.03,3060.85
906127,2025-10-31,503.42,2162.22
906139,2025-10-31,1059.59,4456.07
906183,2025-10-31,3349.08,2646.9
906184,2025-10-31,911.81,2898.9
906186,2025-10-31,2507.42,7254.68
906187,2025-10-31,1859.85,8999.48
906281,2025-10-31,1612.15,956.96
906283,2025-10-31,1642.59,5128.96
906285,2025-10-31,1495.46,4880.96
906289,2025-10-31,1854.46,4147.43
906292,2025-10-31,698.86,2040.6
906312,2025-10-31,687.35,4339.18
906340,2025-10-31,5575.94,1525.04
906350,2025-10-31,2453.4,1905.37
906368,2025-10-31,1408.47,3900.94
906379,2025-10-31,1361.98,5609.78
906435,2025-10-31,124.6,377.66
906438,2025-10-31,4195.6,1799.27
906465,2025-10-31,5170.6,1337.06
906483,2025-10-31,2474.24,7222.52
906485,2025-10-31,4367.1,2266.35
906500,2025-10-31,1510.91,2844.79
906506,2025-10-31,390.82,2429.48
906507,2025-10-31,2463.81,956.35
906560,2025-10-31,6440.32,2882.26
906582,2025-10-31,1312.9,3677.5
906583,2025-10-31,624.49,2535.88
906611,2025-10-31,1086.71,2984.03
906663,2025-10-31,4355.46,2724.37
906711,2025-10-31,2141.53,799.85
906712,2025-10-31,784.39,3116.86
906718,2025-10-31,2430.68,6421.05
906727,2025-10-31,2181.9,2698.0
906759,2025-10-31,2430.58,2872.51
906760,2025-10-31,1474.3,7405.81
906821,2025-10-31,6665.39,2316.95
906822,2025-10-31,1501.09,3886.5
906834,2025-10-31,1665.91,1869.27
906839,2025-10-31,594.81,4111.61
906937,2025-10-31,2261.33,2999.48
906960,2025-10-31,2750.39,2347.67
906973,2025-10-31,1834.86,4434.16
906990,2025-10-31,3567.67,3300.29
906991,2025-10-31,736.94,2294.5
907054,2025-10-31,3457.84,1519.11
907072,2025-10-31,2671.24,3373.4
907079,2025-10-31,1415.27,3738.72
907092,2025-10-31,2196.03,6855.24
907111,2025-10-31,666.19,2246.79
907122,2025-10-31,552.13,2005.44
907124,2025-10-31,1536.39,586.95
907146,2025-10-31,3851.92,2601.88
907155,2025-10-31,1517.85,3227.99
907169,2025-10-31,2707.38,1548.88
907182,2025-10-31,4704.43,1689.73
907200,2025-10-31,4546.3,1188.38
907212,2025-10-31,1037.97,5586.58
907232,2025-10-31,1082.71,8346.17
907251,2025-10-31,552.07,2306.26
907254,2025-10-31,1542.02,5717.42
907256,2025-10-31,219.33,477.39
907261,2025-10-31,1159.5,3483.31
907262,2025-10-31,930.79,968.75
907264,2025-10-31,4427.05,2579.07
907272,2025-10-31,316.0,689.1
907295,2025-10-31,1008.9,4138.55
907319,2025-10-31,1667.76,420.72
907320,2025-10-31,1993.94,883.51
907331,2025-10-31,851.0,2411.57
907341,2025-10-31,3052.51,3313.12
907372,2025-10-31,1967.15,2072.59
907376,2025-10-31,574.17,1932.74
907391,2025-10-31,542.22,1421.54
907394,2025-10-31,2751.93,3057.77
907406,2025-10-31,229.31,262.13
907416,2025-10-31,765.3,5015.98
907426,2025-10-31,442.09,636.94
907429,2025-10-31,2747.7,2997.67
907443,2025-10-31,1066.32,1665.52
907451,2025-10-31,2262.78,5445.45
907460,2025-10-31,1597.73,5587.31
907477,2025-10-31,1532.52,5280.48
907485,2025-10-31,631.4,3567.26
907508,2025-10-31,741.02,1182.87
907531,2025-10-31,365.04,802.43
907537,2025-10-31,847.91,1229.43
907542,2025-10-31,2375.67,1364.72
907556,2025-10-31,288.48,671.77
907566,2025-10-31,5020.93,2055.34
907571,2025-10-31,208.07,249.44
907591,2025-10-31,2798.0,5541.93
907606,2025-10-31,530.69,1164.74
907636,2025-10-31,1765.73,4547.5
907641,2025-10-31,865.56,1388.77
907642,2025-10-31,650.94,1954.63
907643,2025-10-31,168.19,352.26
907654,2025-10-31,1239.84,3996.3
907671,2025-10-31,1336.8,650.62
907677,2025-10-31,5540.91,2394.34
907678,2025-10-31,6854.48,1851.37
907684,2025-10-31,1103.63,405.86
907696,2025-10-31,3364.89,2555.59
907720,2025-10-31,1657.0,2616.7
907727,2025-10-31,413.93,2831.11
907733,2025-10-31,908.02,2513.27
907735,2025-10-31,2539.91,7718.41
907736,2025-10-31,2324.49,1055.82
907752,2025-10-31,291.59,180.92
907755,2025-10-31,2006.04,4176.61
907761,2025-10-31,909.33,1400.29
907783,2025-10-31,1616.16,1513.99
907800,2025-10-31,2282.3,5047.71
907844,2025-10-31,462.25,389.1
907877,2025-10-31,3203.38,7879.1
907879,2025-10-31,1221.68,6052.99
907885,2025-10-31,3163.32,8312.47
907915,2025-10-31,2095.47,3279.02
907951,2025-10-31,3335.7,1791.85
907971,2025-10-31,1130.05,5374.37
907983,2025-10-31,1293.11,3567.42
908002,2025-10-31,1108.03,2333.05
908017,2025-10-31,328.44,331.7
908038,2025-10-31,1765.9,1894.09
908061,2025-10-31,839.45,2948.15
908084,2025-10-31,576.99,2276.31
908092,2025-10-31,1293.69,2418.19
908103,2025-10-31,601.48,642.73
908133,2025-10-31,4826.53,2816.51
908134,2025-10-31,3476.66,5301.6
908152,2025-10-31,2087.48,3059.03
908154,2025-10-31,948.25,1441.37
908180,2025-10-31,663.57,537.23
908187,2025-10-31,1261.48,6298.65
908188,2025-10-31,1325.1,6011.39
908219,2025-10-31,1525.43,2523.76
908228,2025-10-31,622.39,1659.0
908230,2025-10-31,2153.38,1454.76
908242,2025-10-31,2370.34,5998.4
908246,2025-10-31,1761.94,4340.9
908266,2025-10-31,2269.79,2788.12
908291,2025-10-31,636.43,585.38
908294,2025-10-31,1686.34,2137.67
908352,2025-10-31,3450.45,2302.3
908353,2025-10-31,864.17,3517.32
908360,2025-10-31,335.2,561.43
908401,2025-10-31,645.86,523.48
908417,2025-10-31,2967.36,1235.87
908427,2025-10-31,466.55,1588.38
908482,2025-10-31,1925.68,6428.08
908580,2025-10-31,1836.57,1413.63
908582,2025-10-31,2222.25,6458.88
908589,2025-10-31,1010.15,4615.31
908620,2025-10-31,2759.82,1619.24
908623,2025-10-31,2327.89,647.82
908628,2025-10-31,1460.32,5207.5
908643,2025-10-31,987.27,1290.09
908645,2025-10-31,1265.72,540.84
908653,2025-10-31,3974.22,1773.73
908665,2025-10-31,2032.63,5957.74
908677,2025-10-31,1499.95,5200.12
908681,2025-10-31,1018.61,6189.87
908691,2025-10-31,2428.21,5821.44
908693,2025-10-31,755.61,239.5
908718,2025-10-31,685.64,1678.91
908727,2025-10-31,1033.16,422.48
908745,2025-10-31,1164.01,863.01
908746,2025-10-31,2476.0,733.3
908772,2025-10-31,283.72,671.05
908789,2025-10-31,1268.54,3331.57
908834,2025-10-31,235.1,882.73
908860,2025-10-31,852.88,3608.12
908862,2025-10-31,872.43,4641.06
908879,2025-10-31,5585.2,2336.29
908882,2025-10-31,776.24,3485.82
908886,2025-10-31,3876.06,2686.15
908922,2025-10-31,2596.9,1404.32
908934,2025-10-31,760.93,372.23
908983,2025-10-31,2645.85,2922.62
900020,2025-11-30,635.45,1660.73
900030,2025-11-30,669.44,1082.96
900076,2025-11-30,680.37,2625.33
900137,2025-11-30,3218.9,7286.94
900145,2025-11-30,790.74,6445.52
900156,2025-11-30,3264.67,3179.05
900159,2025-11-30,2926.12,1696.53
900232,2025-11-30,1165.21,1173.12
900270,2025-11-30,213.01,757.35
900280,2025-11-30,1533.67,3526.58
900302,2025-11-30,392.74,2325.41
900306,2025-11-30,311.52,1483.39
900331,2025-11-30,4403.26,1510.02
900348,2025-11-30,960.8,537.03
900355,2025-11-30,462.2,363.48
900411,2025-11-30,2286.79,8135.0
900414,2025-11-30,1011.1,4687.81
900417,2025-11-30,1649.72,4384.09
900433,2025-11-30,3506.79,3518.24
900446,2025-11-30,2194.4,3596.84
900448,2025-11-30,1225.1,1441.32
900455,2025-11-30,767.59,915.61
900477,2025-11-30,4842.54,1665.1
900522,2025-11-30,4986.05,2388.94
900551,2025-11-30,416.59,1578.04
900582,2025-11-30,1288.62,6391.96
900589,2025-11-30,3565.24,2947.61
900599,2025-11-30,1976.57,6110.63
900625,2025-11-30,1939.44,6920.66
900634,2025-11-30,2761.35,1237.82
900652,2025-11-30,1576.07,5721.37
900669,2025-11-30,677.44,2410.95
900694,2025-11-30,585.79,1223.62
900701,2025-11-30,5728.42,3025.99
900710,2025-11-30,1258.68,4099.5
900715,2025-11-30,3700.0,1286.5
900742,2025-11-30,1484.97,1696.05
900757,2025-11-30,5307.46,2117.54
900767,2025-11-30,1322.8,6049.16
900774,2025-11-30,1266.28,3684.98
900777,2025-11-30,892.28,4057.61
900778,2025-11-30,2267.72,1561.24
900786,2025-11-30,1495.93,5055.05
900804,2025-11-30,758.17,4958.61
900808,2025-11-30,3767.88,1370.44
900827,2025-11-30,1915.48,834.09
900840,2025-11-30,4234.35,4227.53
900898,2025-11-30,1449.48,4813.83
900919,2025-11-30,864.59,1086.9
900932,2025-11-30,915.2,2332.2
900953,2025-11-30,3958.06,2438.63
900958,2025-11-30,548.17,2145.77
900965,2025-11-30,3448.53,2277.8
900966,2025-11-30,110.39,606.58
900993,2025-11-30,223.54,895.48
901000,2025-11-30,1890.59,1526.73
901002,2025-11-30,2118.67,5219.31
901006,2025-11-30,1891.12,5183.69
901023,2025-11-30,1180.01,4095.64
901030,2025-11-30,1196.86,3244.44
901031,2025-11-30,940.67,1295.19
901037,2025-11-30,1451.64,9269.89
901042,2025-11-30,2331.02,6249.78
901070,2025-11-30,1392.98,5956.18
901084,2025-11-30,1307.65,6070.26
901107,2025-11-30,3167.18,1949.48
901119,2025-11-30,2462.0,2180.36
901141,2025-11-30,490.91,2921.23
901169,2025-11-30,2531.58,885.36
901193,2025-11-30,4108.42,1271.2
901245,2025-11-30,3834.02,3591.47
901251,2025-11-30,1122.8,2003.38
901269,2025-11-30,1431.05,473.33
901312,2025-11-30,1876.82,548.91
901342,2025-11-30,3009.9,5313.43
901354,2025-11-30,969.52,4483.85
901363,2025-11-30,529.84,2776.26
901383,2025-11-30,2723.02,1501.52
901431,2025-11-30,825.35,3509.76
901490,2025-11-30,836.45,5450.26
901504,2025-11-30,475.21,628.86
901537,2025-11-30,1097.44,7878.79
901607,2025-11-30,2304.16,3355.13
901614,2025-11-30,1236.6,1513.64
901645,2025-11-30,110.81,562.27
901647,2025-11-30,2072.69,2210.89
901663,2025-11-30,2667.15,6404.19
901681,2025-11-30,1860.52,4667.42
901695,2025-11-30,576.85,1546.06
901728,2025-11-30,2119.22,6901.42
901732,2025-11-30,846.42,2174.94
901744,2025-11-30,1601.42,2374.03
901759,2025-11-30,2549.6,8081.39
901785,2025-11-30,1586.18,1662.93
901786,2025-11-30,912.21,2118.87
901794,2025-11-30,4482.04,1785.68
901816,2025-11-30,2013.78,2189.89
901877,2025-11-30,1400.78,990.03
901881,2025-11-30,1038.21,4421.84
901913,2025-11-30,1775.51,3529.08
901952,2025-11-30,574.03,213.23
901966,2025-11-30,2450.02,5449.04
901977,2025-11-30,265.88,410.78
901984,2025-11-30,2929.51,2808.98
902000,2025-11-30,2544.45,3735.51
902011,2025-11-30,780.2,524.03
902029,2025-11-30,520.45,1798.33
902100,2025-11-30,473.56,3185.92
902114,2025-11-30,2580.27,4069.13
902157,2025-11-30,2744.86,1538.65
902180,2025-11-30,1053.68,4229.53
902193,2025-11-30,4210.59,2403.05
902213,2025-11-30,2250.07,5955.03
902218,2025-11-30,1900.98,9111.06
902240,2025-11-30,225.92,1268.69
902284,2025-11-30,4293.53,4501.84
902290,2025-11-30,472.04,2448.0
902301,2025-11-30,3363.3,2020.19
902362,2025-11-30,1226.42,6418.52
902402,2025-11-30,3699.23,1755.75
902425,2025-11-30,1050.14,7438.34
902428,2025-11-30,1651.38,412.57
902437,2025-11-30,537.51,1653.91
902446,2025-11-30,1351.59,539.92
902461,2025-11-30,493.47,1939.43
902471,2025-11-30,436.32,357.87
902482,2025-11-30,5783.36,2574.94
902511,2025-11-30,1272.31,3812.32
902526,2025-11-30,1503.53,1763.66
902532,2025-11-30,99.41,517.98
902548,2025-11-30,1159.37,5146.95
902560,2025-11-30,1095.7,1916.51
902643,2025-11-30,3194.57,9133.39
902649,2025-11-30,1151.29,5730.63
902664,2025-11-30,2593.95,8739.09
902704,2025-11-30,697.28,1802.26
902712,2025-11-30,115.86,381.43
902727,2025-11-30,2161.39,1765.67
902731,2025-11-30,1004.34,1748.97
902774,2025-11-30,1414.97,4638.78
902791,2025-11-30,2437.86,1789.72
902805,2025-11-30,1134.58,6257.39
902807,2025-11-30,1679.66,3442.02
902808,2025-11-30,1418.27,2332.28
902858,2025-11-30,1735.02,1005.86
902913,2025-11-30,1253.97,2514.35
902922,2025-11-30,1478.92,3223.92
902956,2025-11-30,374.66,1928.43
902969,2025-11-30,119.23,492.02
902986,2025-11-30,1596.17,5402.24
903020,2025-11-30,2780.19,3368.57
903053,2025-11-30,2281.81,783.17
903075,2025-11-30,773.48,3149.2
903084,2025-11-30,2842.64,1212.58
903103,2025-11-30,3307.89,3060.0
903104,2025-11-30,2855.33,9268.82
903115,2025-11-30,2952.64,1228.89
903122,2025-11-30,195.38,513.57
903154,2025-11-30,3343.91,3209.65
903169,2025-11-30,295.55,331.21
903184,2025-11-30,1470.78,4403.93
903230,2025-11-30,96.21,567.0
903232,2025-11-30,970.47,284.85
903240,2025-11-30,751.31,2449.37
903275,2025-11-30,1225.85,1428.46
903368,2025-11-30,530.52,2302.87
903385,2025-11-30,3974.26,3802.91
903403,2025-11-30,1520.51,4253.61
903461,2025-11-30,692.34,3815.44
903463,2025-11-30,802.56,695.81
903485,2025-11-30,1434.84,7939.35
903512,2025-11-30,121.07,479.98
903579,2025-11-30,3060.43,5499.75
903580,2025-11-30,3050.82,8641.56
903590,2025-11-30,838.7,3460.46
903608,2025-11-30,1854.45,846.55
903616,2025-11-30,803.39,2192.23
903648,2025-11-30,1952.71,5313.03
903684,2025-11-30,614.21,1651.05
903709,2025-11-30,2698.98,1288.26
903713,2025-11-30,408.24,441.46
903720,2025-11-30,383.97,455.38
903723,2025-11-30,2229.78,1442.47
903734,2025-11-30,1477.2,5002.36
903764,2025-11-30,788.28,5136.37
903771,2025-11-30,3024.45,2216.32
903794,2025-11-30,1830.3,5111.52
903796,2025-11-30,1293.65,4731.62
903811,2025-11-30,273.06,1961.91
903816,2025-11-30,3051.27,8576.88
903847,2025-11-30,2252.4,2646.18
903872,2025-11-30,296.98,695.44
903889,2025-11-30,3737.75,4174.28
903906,2025-11-30,381.26,1570.58
903912,2025-11-30,320.65,680.43
903951,2025-11-30,567.53,198.59
903953,2025-11-30,158.71,174.2
903994,2025-11-30,865.34,1901.69
904006,2025-11-30,614.27,2630.04
904007,2025-11-30,1391.03,4966.73
904015,2025-11-30,378.47,1132.32
904022,2025-11-30,6202.36,1858.81
904041,2025-11-30,962.42,4221.83
904081,2025-11-30,2970.95,4935.92
904084,2025-11-30,1842.59,817.94
904140,2025-11-30,1076.55,969.64
904151,2025-11-30,1441.12,8033.71
904176,2025-11-30,3354.06,8928.26
904189,2025-11-30,1125.02,1377.48
904217,2025-11-30,3186.03,1202.15
904226,2025-11-30,502.4,1494.64
904236,2025-11-30,1878.19,997.82
904291,2025-11-30,3882.59,1510.96
904303,2025-11-30,3147.65,1988.98
904327,2025-11-30,3017.47,3866.58
904336,2025-11-30,1154.04,690.31
904343,2025-11-30,2906.75,1077.11
904357,2025-11-30,2052.45,4959.38
904366,2025-11-30,2679.9,4918.3
904394,2025-11-30,1245.88,7599.26
904397,2025-11-30,1790.66,6308.74
904445,2025-11-30,1016.84,2705.36
904450,2025-11-30,2145.43,4525.54
904453,2025-11-30,1248.07,1833.17
904457,2025-11-30,173.44,618.73
904478,2025-11-30,2578.57,3900.26
904480,2025-11-30,1186.87,4717.13
904576,2025-11-30,3601.49,1295.31
904645,2025-11-30,4063.63,3900.93
904652,2025-11-30,583.66,4477.04
904680,2025-11-30,2990.98,6488.26
904682,2025-11-30,1513.19,4109.23
904710,2025-11-30,1269.12,3474.95
904716,2025-11-30,1390.45,6250.14
904718,2025-11-30,156.26,592.23
904726,2025-11-30,2885.47,4531.94
904740,2025-11-30,535.73,3832.04
904748,2025-11-30,3736.89,1893.77
904791,2025-11-30,2525.22,1411.87
904794,2025-11-30,2553.78,1353.37
904797,2025-11-30,359.14,843.91
904811,2025-11-30,838.68,374.14
904829,2025-11-30,109.02,504.22
904839,2025-11-30,465.95,2303.27
904851,2025-11-30,1805.84,2427.15
904852,2025-11-30,2113.1,6037.35
904876,2025-11-30,2739.26,4379.97
904917,2025-11-30,282.91,1161.91
904944,2025-11-30,655.6,464.38
904968,2025-11-30,2630.22,1347.79
905012,2025-11-30,2417.04,6735.2
905046,2025-11-30,2822.93,3368.67
905058,2025-11-30,167.55,1341.57
905060,2025-11-30,594.39,2962.12
905104,2025-11-30,4115.48,3854.35
905115,2025-11-30,389.0,1389.64
905118,2025-11-30,5653.12,2215.75
905140,2025-11-30,2312.25,6233.72
905152,2025-11-30,1450.76,1487.78
905170,2025-11-30,3631.42,3594.25
905180,2025-11-30,5272.24,1892.34
905188,2025-11-30,1531.06,740.57
905218,2025-11-30,3064.62,1203.42
905233,2025-11-30,2116.99,6338.4
905267,2025-11-30,1191.04,421.97
905287,2025-11-30,394.94,1282.73
905295,2025-11-30,1111.75,3057.27
905300,2025-11-30,1411.55,1248.42
905329,2025-11-30,2778.43,8367.5
905334,2025-11-30,3697.12,2659.04
905358,2025-11-30,92.51,333.51
905377,2025-11-30,1062.96,4465.27
905383,2025-11-30,1573.63,4937.22
905386,2025-11-30,2900.01,2089.38
905410,2025-11-30,487.53,1372.0
905445,2025-11-30,5362.97,1814.71
905459,2025-11-30,1369.8,3260.17
905464,2025-11-30,1219.41,4338.13
905493,2025-11-30,1692.0,3105.24
905527,2025-11-30,209.35,585.62
905533,2025-11-30,374.18,355.84
905545,2025-11-30,2352.63,1268.14
905556,2025-11-30,1136.98,4529.02
905570,2025-11-30,110.85,315.64
905572,2025-11-30,1755.68,1199.18
905598,2025-11-30,4326.43,3965.02
905610,2025-11-30,2902.88,5404.01
905614,2025-11-30,965.38,4341.19
905616,2025-11-30,148.18,940.64
905630,2025-11-30,2121.17,3048.92
905643,2025-11-30,2207.66,1792.4
905659,2025-11-30,1158.25,2178.6
905663,2025-11-30,439.96,2357.73
905680,2025-11-30,2160.91,789.52
905683,2025-11-30,2186.69,2107.05
905689,2025-11-30,715.49,309.02
905700,2025-11-30,4002.09,2449.94
905719,2025-11-30,2439.78,945.58
905721,2025-11-30,1572.72,4153.42
905737,2025-11-30,2530.84,2582.68
905770,2025-11-30,3075.87,3455.31
905780,2025-11-30,2762.0,7187.38
905788,2025-11-30,652.94,432.9
905796,2025-11-30,5027.77,1668.88
905817,2025-11-30,3134.54,2440.98
905838,2025-11-30,1474.56,5389.63
905850,2025-11-30,1115.47,7729.06
905853,2025-11-30,5711.36,2553.11
905856,2025-11-30,6298.36,3036.9
905857,2025-11-30,2135.14,6204.59
905919,2025-11-30,858.04,5050.39
905955,2025-11-30,2428.46,6132.75
905977,2025-11-30,1477.2,5407.09
906048,2025-11-30,1219.39,1734.38
906058,2025-11-30,3532.3,3173.39
906107,2025-11-30,1524.87,5556.27
906127,2025-11-30,405.94,1370.22
906156,2025-11-30,342.49,175.04
906166,2025-11-30,1822.57,2550.92
906184,2025-11-30,2146.07,5838.49
906213,2025-11-30,975.45,1116.57
906258,2025-11-30,1616.89,5276.2
906285,2025-11-30,578.53,2560.3
906289,2025-11-30,1280.03,5071.54
906314,2025-11-30,2535.5,8918.1
906350,2025-11-30,3223.58,1582.94
906368,2025-11-30,1147.41,2730.03
906379,2025-11-30,659.28,3388.56
906468,2025-11-30,3305.88,1325.42
906478,2025-11-30,2759.63,4714.63
906483,2025-11-30,1022.08,2763.7
906485,2025-11-30,547.29,206.33
906506,2025-11-30,1246.77,4100.46
906535,2025-11-30,1501.04,1792.79
906560,2025-11-30,2789.31,1117.63
906561,2025-11-30,425.79,597.0
906573,2025-11-30,161.21,990.7
906583,2025-11-30,793.79,2277.14
906620,2025-11-30,1599.48,7251.61
906632,2025-11-30,1879.57,1253.96
906712,2025-11-30,1173.97,7501.03
906716,2025-11-30,1197.61,4146.23
906718,2025-11-30,417.98,1362.06
906727,2025-11-30,412.71,355.74
906739,2025-11-30,2922.68,1413.17
906740,2025-11-30,2870.21,2766.01
906759,2025-11-30,463.18,627.55
906821,2025-11-30,5571.35,2229.7
906834,2025-11-30,1924.15,2988.55
906837,2025-11-30,1015.02,3599.74
906839,2025-11-30,3063.29,8011.25
906862,2025-11-30,123.11,392.54
906880,2025-11-30,908.0,2455.5
906928,2025-11-30,293.68,213.18
906947,2025-11-30,3051.93,1247.12
906960,2025-11-30,1018.61,1389.58
906973,2025-11-30,1481.2,8680.74
906979,2025-11-30,1549.8,1541.42
907057,2025-11-30,3176.12,3219.9
907064,2025-11-30,3416.18,2203.04
907082,2025-11-30,2461.92,2205.08
907092,2025-11-30,1320.28,8111.51
907111,2025-11-30,1435.83,8147.62
907119,2025-11-30,1068.61,397.15
907122,2025-11-30,691.34,2482.89
907146,2025-11-30,3252.94,2197.44
907166,2025-11-30,4553.52,1489.52
907182,2025-11-30,509.25,219.54
907187,2025-11-30,716.28,3162.81
907200,2025-11-30,1578.92,445.7
907254,2025-11-30,1993.8,3602.99
907295,2025-11-30,1076.23,2807.11
907300,2025-11-30,4608.22,2629.25
907317,2025-11-30,2372.3,6460.81
907331,2025-11-30,1270.3,3535.03
907339,2025-11-30,564.93,796.71
907341,2025-11-30,2255.19,1917.43
907371,2025-11-30,549.99,2158.32
907372,2025-11-30,3479.74,2599.23
907388,2025-11-30,1585.29,6176.69
907406,2025-11-30,1159.76,1324.25
907412,2025-11-30,1376.26,410.22
907426,2025-11-30,1054.38,597.66
907429,2025-11-30,3343.21,4377.96
907477,2025-11-30,1121.93,3425.24
907542,2025-11-30,3337.78,2776.97
907556,2025-11-30,901.0,1728.64
907566,2025-11-30,1355.69,770.96
907571,2025-11-30,2120.26,2018.57
907575,2025-11-30,503.87,1670.66
907591,2025-11-30,801.98,1532.49
907593,2025-11-30,3203.87,1440.81
907595,2025-11-30,2731.92,5955.6
907608,2025-11-30,2453.64,8409.92
907630,2025-11-30,2900.09,6467.81
907642,2025-11-30,1728.38,3881.54
907643,2025-11-30,391.25,1476.45
907654,2025-11-30,474.66,2005.94
907671,2025-11-30,325.55,103.03
907674,2025-11-30,1249.0,2177.61
907677,2025-11-30,927.49,372.24
907678,2025-11-30,2175.58,1440.04
907684,2025-11-30,1769.19,633.36
907688,2025-11-30,1948.73,3952.75
907696,2025-11-30,819.54,902.29
907720,2025-11-30,2397.05,5073.19
907727,2025-11-30,990.43,2386.23
907733,2025-11-30,2555.26,5548.92
907735,2025-11-30,749.36,1386.21
907754,2025-11-30,2021.72,1042.53
907755,2025-11-30,3561.56,7877.99
907783,2025-11-30,1694.44,2310.44
907800,2025-11-30,806.43,2675.74
907844,2025-11-30,1497.5,1341.97
907878,2025-11-30,1541.41,4459.12
907879,2025-11-30,224.89,877.63
907893,2025-11-30,511.53,2489.21
907915,2025-11-30,1413.49,1030.12
907919,2025-11-30,1532.67,4777.94
907937,2025-11-30,427.51,1489.42
907951,2025-11-30,4327.75,3093.08
907964,2025-11-30,729.21,4640.88
907971,2025-11-30,1549.88,3963.44
907991,2025-11-30,671.17,1322.62
908002,2025-11-30,2323.1,7384.16
908004,2025-11-30,1969.57,891.91
908017,2025-11-30,1975.33,2363.35
908038,2025-11-30,3566.85,3236.79
908061,2025-11-30,658.26,2833.22
908084,2025-11-30,271.15,815.72
908105,2025-11-30,1779.1,582.79
908152,2025-11-30,1140.13,953.52
908177,2025-11-30,1528.24,8121.44
908187,2025-11-30,446.64,1957.03
908219,2025-11-30,516.59,621.54
908232,2025-11-30,1578.16,7880.65
908242,2025-11-30,1540.13,3501.81
908246,2025-11-30,1160.46,2957.53
908266,2025-11-30,3656.93,4294.08
908275,2025-11-30,222.53,384.88
908289,2025-11-30,352.08,127.94
908294,2025-11-30,4372.84,5075.94
908401,2025-11-30,894.07,670.33
908427,2025-11-30,1489.39,6659.65
908449,2025-11-30,1382.5,4314.77
908466,2025-11-30,5463.98,1710.59
908482,2025-11-30,1746.52,5487.57
908501,2025-11-30,2202.39,1500.38
908512,2025-11-30,579.44,1906.52
908557,2025-11-30,825.02,4131.87
908567,2025-11-30,1892.97,5154.93
908643,2025-11-30,1322.16,1553.69
908645,2025-11-30,3818.58,1760.53
908661,2025-11-30,3487.48,1795.42
908665,2025-11-30,1268.3,5341.37
908677,2025-11-30,2109.36,5045.85
908681,2025-11-30,1512.99,5316.57
908691,2025-11-30,163.05,832.9
908700,2025-11-30,190.67,878.23
908718,2025-11-30,295.27,1426.29
908727,2025-11-30,4378.19,1978.63
908732,2025-11-30,3754.07,2509.31
908745,2025-11-30,4426.86,3292.31
908746,2025-11-30,4299.26,2381.23
908785,2025-11-30,2246.1,3429.97
908826,2025-11-30,2758.26,3081.72
908862,2025-11-30,1696.58,5526.19
908879,2025-11-30,3486.59,1586.92
908882,2025-11-30,1255.65,3086.38
908886,2025-11-30,4365.81,2001.71
908892,2025-11-30,1073.25,3725.33
908922,2025-11-30,3916.17,1957.2
908926,2025-11-30,1507.3,4093.28
908929,2025-11-30,646.76,972.38
908934,2025-11-30,3847.4,3214.33
908983,2025-11-30,3341.49,3097.26
900024,2025-12-31,518.05,432.86
900030,2025-12-31,1949.49,3318.63
900042,2025-12-31,1516.06,2071.66
900056,2025-12-31,2847.61,1779.67
900085,2025-12-31,1202.59,5897.03
900091,2025-12-31,1287.96,6453.09
900098,2025-12-31,2257.42,5289.68
900136,2025-12-31,1844.66,3471.13
900137,2025-12-31,1076.54,5264.94
900145,2025-12-31,191.26,612.55
900156,2025-12-31,796.3,1065.61
900159,2025-12-31,3321.27,1650.51
900232,2025-12-31,777.43,970.59
900280,2025-12-31,1000.03,2167.35
900331,2025-12-31,476.96,156.47
900355,2025-12-31,2871.05,1418.85
900433,2025-12-31,3190.64,3181.59
900444,2025-12-31,2195.41,6255.32
900446,2025-12-31,1033.09,6507.81
900477,2025-12-31,1135.8,619.13
900531,2025-12-31,1000.92,2215.27
900542,2025-12-31,1358.17,1680.91
900551,2025-12-31,991.76,2551.51
900589,2025-12-31,4182.77,2943.11
900625,2025-12-31,2099.01,5112.04
900634,2025-12-31,5725.52,1860.28
900640,2025-12-31,1210.84,4279.73
900694,2025-12-31,245.09,684.91
900710,2025-12-31,1423.06,6961.94
900715,2025-12-31,690.29,272.97
900742,2025-12-31,2154.51,2139.72
900743,2025-12-31,1678.39,2889.29
900750,2025-12-31,3461.99,2659.42
900754,2025-12-31,1468.03,6677.47
900774,2025-12-31,3234.04,7334.32
900778,2025-12-31,2194.13,998.4
900786,2025-12-31,569.68,1344.67
900808,2025-12-31,4793.65,2645.2
900814,2025-12-31,557.59,193.61
900827,2025-12-31,835.76,371.57
900828,2025-12-31,1048.55,2718.03
900840,2025-12-31,3117.72,3406.8
900898,2025-12-31,589.02,3001.9
900901,2025-12-31,1455.59,472.16
900942,2025-12-31,1766.24,926.93
900953,2025-12-31,6147.54,2299.79
900958,2025-12-31,648.81,2659.27
900985,2025-12-31,374.72,940.34
900991,2025-12-31,1393.29,4351.91
901002,2025-12-31,317.33,815.79
901006,2025-12-31,1988.72,4600.33
901023,2025-12-31,775.19,2295.28
901031,2025-12-31,276.29,452.69
901059,2025-12-31,385.74,1169.54
901092,2025-12-31,1164.43,1219.71
901099,2025-12-31,307.43,893.22
901117,2025-12-31,1916.37,4337.51
901119,2025-12-31,2087.93,1296.26
901141,2025-12-31,1899.04,8131.35
901156,2025-12-31,3275.38,1135.43
901169,2025-12-31,1704.41,679.58
901179,2025-12-31,4618.61,2434.81
901193,2025-12-31,6574.61,2257.5
901194,2025-12-31,2389.91,4113.13
901228,2025-12-31,2677.84,6235.6
901244,2025-12-31,1490.93,4937.87
901280,2025-12-31,3693.53,936.01
901294,2025-12-31,2908.77,4060.47
901297,2025-12-31,431.27,1207.07
901342,2025-12-31,848.04,1852.15
901361,2025-12-31,916.92,1514.63
901378,2025-12-31,1210.95,8284.38
901431,2025-12-31,121.77,705.77
901445,2025-12-31,295.44,1192.19
901464,2025-12-31,4425.91,1971.86
901482,2025-12-31,1566.28,5127.38
901490,2025-12-31,3183.43,7930.44
901504,2025-12-31,1095.03,968.61
901537,2025-12-31,2364.77,7388.08
901558,2025-12-31,1917.32,8369.04
901567,2025-12-31,952.04,1726.76
901614,2025-12-31,1609.05,1487.26
901621,2025-12-31,2806.75,702.68
901623,2025-12-31,3086.88,3574.45
901645,2025-12-31,1370.22,5869.98
901663,2025-12-31,1712.07,8453.96
901681,2025-12-31,1305.02,4814.99
901691,2025-12-31,306.28,2205.4
901695,2025-12-31,1325.07,3325.96
901732,2025-12-31,614.86,2084.35
901759,2025-12-31,346.95,1814.06
901786,2025-12-31,1754.45,7083.49
901808,2025-12-31,1993.22,1004.84
901837,2025-12-31,2872.52,1499.99
901840,2025-12-31,2896.23,2327.52
901877,2025-12-31,2375.73,1120.15
901952,2025-12-31,3179.9,1490.45
901959,2025-12-31,700.67,1732.59
901967,2025-12-31,226.86,785.09
902029,2025-12-31,1936.86,4529.02
902042,2025-12-31,1024.07,7919.8
902045,2025-12-31,718.78,2244.52
902072,2025-12-31,1385.9,440.27
902106,2025-12-31,1165.66,683.01
902114,2025-12-31,2551.22,1873.03
902127,2025-12-31,3287.78,3509.17
902141,2025-12-31,2676.98,2509.0
902193,2025-12-31,1087.63,279.98
902218,2025-12-31,106.69,414.87
902246,2025-12-31,577.84,2632.34
902281,2025-12-31,1133.02,4809.61
902284,2025-12-31,1749.65,1607.56
902289,2025-12-31,1641.81,943.04
902313,2025-12-31,808.06,641.47
902341,2025-12-31,1339.17,2001.85
902362,2025-12-31,1787.18,6576.61
902395,2025-12-31,559.86,2523.74
902425,2025-12-31,1759.14,6582.64
902431,2025-12-31,2447.69,1813.99
902437,2025-12-31,514.56,1335.96
902446,2025-12-31,385.12,309.78
902465,2025-12-31,175.08,582.91
902482,2025-12-31,3081.53,1089.44
902488,2025-12-31,3629.0,4475.71
902493,2025-12-31,122.47,546.66
902511,2025-12-31,784.65,3970.43
902532,2025-12-31,1984.18,5474.58
902548,2025-12-31,469.2,895.54
902555,2025-12-31,715.58,974.86
902560,2025-12-31,415.85,3188.5
902569,2025-12-31,2135.97,8657.97
902644,2025-12-31,1258.85,1372.0
902649,2025-12-31,822.31,3834.15
902654,2025-12-31,1844.43,725.8
902673,2025-12-31,4160.03,2846.84
902697,2025-12-31,2500.61,7407.95
902704,2025-12-31,225.26,925.52
902712,2025-12-31,640.56,2704.94
902727,2025-12-31,2609.77,3839.76
902731,2025-12-31,2656.08,4508.51
902751,2025-12-31,3814.82,4617.85
902774,2025-12-31,551.45,1935.62
902788,2025-12-31,1692.62,529.69
902807,2025-12-31,913.74,4737.49
902808,2025-12-31,4114.75,3562.38
902825,2025-12-31,603.33,2483.14
902858,2025-12-31,4987.73,1884.14
902910,2025-12-31,1678.71,5473.52
902913,2025-12-31,2843.73,6926.31
902958,2025-12-31,745.46,2466.49
902969,2025-12-31,967.31,2912.07
903007,2025-12-31,4338.55,2729.48
903020,2025-12-31,2964.14,4372.27
903053,2025-12-31,5600.07,2459.6
903084,2025-12-31,1134.7,734.73
903103,2025-12-31,1640.12,1894.96
903115,2025-12-31,736.53,308.16
903169,2025-12-31,3447.94,2503.26
903184,2025-12-31,1919.05,6187.99
903229,2025-12-31,1334.54,524.43
903230,2025-12-31,2149.76,5220.85
903240,2025-12-31,1590.71,5601.05
903256,2025-12-31,1177.13,950.41
903261,2025-12-31,5190.64,2518.31
903374,2025-12-31,4835.47,1403.94
903385,2025-12-31,3411.94,3285.38
903403,2025-12-31,319.48,1481.4
903420,2025-12-31,891.01,260.63
903439,2025-12-31,942.57,344.49
903463,2025-12-31,576.12,678.12
903485,2025-12-31,643.65,1873.6
903514,2025-12-31,2285.3,1013.2
903521,2025-12-31,461.56,259.38
903536,2025-12-31,3195.39,4782.56
903579,2025-12-31,1065.77,2845.72
903580,2025-12-31,435.84,2271.66
903586,2025-12-31,1093.26,1172.4
903590,2025-12-31,1253.55,3991.92
903598,2025-12-31,672.89,3299.98
903616,2025-12-31,1181.45,4181.82
903643,2025-12-31,365.59,2224.79
903653,2025-12-31,2614.49,4015.42
903720,2025-12-31,3306.03,2790.37
903734,2025-12-31,387.87,1588.52
903771,2025-12-31,3613.14,4053.1
903794,2025-12-31,510.72,2020.35
903796,2025-12-31,200.75,572.64
903815,2025-12-31,1673.66,1903.85
903856,2025-12-31,1097.6,6959.57
903868,2025-12-31,3476.55,3652.3
903889,2025-12-31,2466.47,2234.29
903906,2025-12-31,311.5,711.68
903912,2025-12-31,1415.51,2903.3
903936,2025-12-31,1210.69,2930.43
904006,2025-12-31,236.58,1275.76
904007,2025-12-31,447.54,1940.01
904013,2025-12-31,1484.04,3922.69
904015,2025-12-31,1173.56,5442.44
904039,2025-12-31,731.86,2181.36
904041,2025-12-31,1350.92,3381.57
904084,2025-12-31,3349.88,1230.56
904108,2025-12-31,2583.37,2739.96
904140,2025-12-31,651.7,452.41
904176,2025-12-31,1279.12,4624.02
904189,2025-12-31,603.76,948.01
904217,2025-12-31,365.07,238.71
904237,2025-12-31,514.57,1879.87
904291,2025-12-31,4722.81,2770.56
904297,2025-12-31,1700.3,5630.97
904303,2025-12-31,2171.37,1825.03
904306,2025-12-31,2867.75,4224.89
904327,2025-12-31,2797.61,3086.86
904335,2025-12-31,2183.61,8247.5
904349,2025-12-31,2942.47,3219.48
904357,2025-12-31,1056.75,3976.31
904386,2025-12-31,1420.66,4381.73
904392,2025-12-31,1110.22,4902.63
904394,2025-12-31,1085.22,2371.71
904397,2025-12-31,2076.85,4235.18
904436,2025-12-31,1757.32,450.48
904445,2025-12-31,1910.85,3221.39
904446,2025-12-31,5364.89,3367.42
904452,2025-12-31,766.52,3291.34
904453,2025-12-31,3925.58,4166.76
904480,2025-12-31,281.12,1282.34
904575,2025-12-31,1235.91,3527.22
904576,2025-12-31,4025.46,1756.67
904652,2025-12-31,525.52,2457.15
904680,2025-12-31,1118.97,1918.93
904682,2025-12-31,769.15,2395.14
904710,2025-12-31,1711.53,3208.24
904718,2025-12-31,1740.48,5588.32
904726,2025-12-31,1824.39,5159.32
904739,2025-12-31,2510.56,7033.55
904748,2025-12-31,6239.97,1551.2
904757,2025-12-31,1608.3,4303.39
904786,2025-12-31,1385.69,579.72
904811,2025-12-31,4802.6,2153.08
904839,2025-12-31,967.3,2366.13
904841,2025-12-31,690.31,941.27
904851,2025-12-31,1720.98,2256.41
904862,2025-12-31,368.18,488.67
904917,2025-12-31,2017.52,7104.48
904944,2025-12-31,1153.59,432.66
904976,2025-12-31,2767.2,6767.07
905012,2025-12-31,513.77,2180.59
905034,2025-12-31,491.81,465.88
905043,2025-12-31,2075.82,678.9
905046,2025-12-31,2336.11,1783.41
905058,2025-12-31,1615.23,5525.91
905104,2025-12-31,2671.53,3567.78
905133,2025-12-31,2483.44,1103.19
905140,2025-12-31,154.18,720.93
905170,2025-12-31,1418.74,1507.15
905180,2025-12-31,2983.52,904.73
905218,2025-12-31,909.83,391.82
905233,2025-12-31,567.13,2467.85
905241,2025-12-31,1917.23,8323.95
905267,2025-12-31,903.96,366.75
905287,2025-12-31,867.68,1467.14
905295,2025-12-31,384.62,1598.91
905316,2025-12-31,160.41,847.82
905351,2025-12-31,1111.31,4084.24
905356,2025-12-31,1703.61,7946.79
905358,2025-12-31,2216.89,5850.15
905360,2025-12-31,2964.9,8601.47
905374,2025-12-31,4999.36,2256.54
905377,2025-12-31,1389.64,3808.26
905382,2025-12-31,1845.68,4194.39
905397,2025-12-31,1789.93,1434.69
905410,2025-12-31,2037.78,6992.24
905435,2025-12-31,1937.79,6562.12
905455,2025-12-31,574.56,1444.27
905464,2025-12-31,1642.6,3255.18
905471,2025-12-31,2410.1,3318.43
905488,2025-12-31,895.18,3134.84
905504,2025-12-31,1677.64,1551.86
905527,2025-12-31,536.85,2539.51
905544,2025-12-31,2487.83,2947.33
905545,2025-12-31,3755.28,2425.66
905556,2025-12-31,1189.38,2162.77
905572,2025-12-31,4609.55,2339.33
905573,2025-12-31,1010.54,2748.77
905592,2025-12-31,868.87,3343.4
905614,2025-12-31,209.81,826.48
905643,2025-12-31,3836.38,2797.11
905662,2025-12-31,825.04,2812.34
905669,2025-12-31,4895.05,1676.24
905680,2025-12-31,6290.12,2405.96
905712,2025-12-31,3583.36,876.8
905737,2025-12-31,227.19,391.53
905770,2025-12-31,2117.8,2091.89
905796,2025-12-31,258.85,128.06
905817,2025-12-31,2132.96,3599.45
905840,2025-12-31,2118.51,6766.2
905841,2025-12-31,2369.49,1590.15
905850,2025-12-31,1613.98,4949.95
905853,2025-12-31,3080.4,1818.72
905856,2025-12-31,2897.23,889.88
905896,2025-12-31,453.6,1452.07
905919,2025-12-31,1070.61,5431.58
905942,2025-12-31,622.86,1849.71
905955,2025-12-31,976.13,1870.97
905957,2025-12-31,2495.01,4966.66
905977,2025-12-31,543.02,2266.67
906005,2025-12-31,178.72,823.84
906030,2025-12-31,2719.98,932.14
906075,2025-12-31,1546.94,4883.91
906107,2025-12-31,1454.67,4573.32
906132,2025-12-31,316.4,163.2
906139,2025-12-31,2164.35,4328.89
906156,2025-12-31,4961.97,1950.64
906166,2025-12-31,954.39,1347.85
906183,2025-12-31,3245.81,2882.74
906186,2025-12-31,889.34,4856.84
906258,2025-12-31,1107.0,4396.5
906281,2025-12-31,347.72,161.29
906292,2025-12-31,1335.15,2345.9
906314,2025-12-31,374.54,1749.8
906368,2025-12-31,1960.57,6009.52
906460,2025-12-31,2333.78,8369.02
906465,2025-12-31,2011.12,1132.06
906478,2025-12-31,705.76,3488.96
906483,2025-12-31,301.87,636.34
906485,2025-12-31,2622.64,1009.59
906500,2025-12-31,871.93,2604.73
906501,2025-12-31,1485.32,4958.99
906506,2025-12-31,451.24,2255.0
906535,2025-12-31,1815.76,1504.47
906561,2025-12-31,3248.76,4655.49
906582,2025-12-31,90.83,533.8
906583,2025-12-31,1608.28,4578.33
906590,2025-12-31,1280.47,3043.31
906620,2025-12-31,1314.31,4806.75
906632,2025-12-31,2100.27,2434.35
906651,2025-12-31,2920.79,7837.8
906663,2025-12-31,2951.17,3210.65
906673,2025-12-31,266.97,1298.52
906704,2025-12-31,1416.06,2924.41
906716,2025-12-31,138.53,349.94
906718,2025-12-31,2546.12,5206.47
906727,2025-12-31,2145.91,2404.13
906740,2025-12-31,1842.47,2158.69
906760,2025-12-31,636.39,4158.9
906765,2025-12-31,99.92,681.11
906774,2025-12-31,2055.9,1447.37
906821,2025-12-31,1287.32,832.92
906822,2025-12-31,2432.7,6173.7
906834,2025-12-31,554.53,328.89
906837,2025-12-31,2205.56,4717.77
906862,2025-12-31,652.04,1608.01
906866,2025-12-31,2922.98,7147.14
906880,2025-12-31,606.51,1700.87
906928,2025-12-31,1750.73,487.03
906937,2025-12-31,850.73,1234.44
906960,2025-12-31,2142.66,3419.52
906973,2025-12-31,1966.41,5428.52
906990,2025-12-31,2491.56,2320.43
906991,2025-12-31,2709.08,6324.04
907001,2025-12-31,133.84,360.0
907024,2025-12-31,428.44,178.77
907057,2025-12-31,2348.18,2998.99
907064,2025-12-31,3166.69,1470.86
907072,2025-12-31,355.12,402.3
907079,2025-12-31,460.77,1383.4
907092,2025-12-31,350.52,1627.07
907111,2025-12-31,93.16,584.97
907124,2025-12-31,5363.36,2884.52
907155,2025-12-31,1243.81,7706.38
907166,2025-12-31,3006.91,689.49
907167,2025-12-31,3178.17,1680.05
907169,2025-12-31,1681.45,796.84
907199,2025-12-31,1584.37,1944.92
907200,2025-12-31,2779.26,1564.95
907237,2025-12-31,1748.53,7484.72
907251,2025-12-31,1487.05,4433.45
907254,2025-12-31,300.74,852.05
907261,2025-12-31,1874.07,4981.01
907262,2025-12-31,3944.51,4191.46
907295,2025-12-31,722.86,2443.76
907300,2025-12-31,1604.57,620.06
907317,2025-12-31,2325.49,8805.02
907319,2025-12-31,2367.53,836.02
907339,2025-12-31,2704.95,2010.2
907371,2025-12-31,1526.43,6964.65
907372,2025-12-31,3264.8,3147.63
907388,2025-12-31,186.82,690.46
907412,2025-12-31,3018.83,1562.62
907426,2025-12-31,4082.78,2616.1
907429,2025-12-31,1754.59,1595.16
907443,2025-12-31,3917.32,2439.86
907444,2025-12-31,2147.03,3539.77
907486,2025-12-31,851.54,2885.46
907505,2025-12-31,3766.85,1217.36
907508,2025-12-31,2365.09,5815.54
907531,2025-12-31,531.0,1381.61
907556,2025-12-31,405.87,1771.93
907566,2025-12-31,2338.32,1975.39
907571,2025-12-31,1172.88,992.12
907595,2025-12-31,288.18,1066.37
907606,2025-12-31,701.95,1569.2
907608,2025-12-31,1204.49,2574.95
907621,2025-12-31,783.67,2273.19
907630,2025-12-31,945.59,4931.22
907642,2025-12-31,2086.98,5610.33
907643,2025-12-31,525.67,1426.08
907654,2025-12-31,326.86,1502.12
907671,2025-12-31,3615.9,1795.34
907673,2025-12-31,4116.44,1740.07
907678,2025-12-31,1937.05,873.17
907688,2025-12-31,1242.33,2586.21
907733,2025-12-31,1682.44,4062.88
907735,2025-12-31,1785.91,6169.51
907752,2025-12-31,2124.95,614.45
907754,2025-12-31,1159.82,482.52
907759,2025-12-31,1205.8,5890.85
907770,2025-12-31,1709.62,688.41
907774,2025-12-31,1535.77,5622.92
907800,2025-12-31,1601.54,5322.27
907844,2025-12-31,798.81,737.68
907849,2025-12-31,1303.13,2094.09
907877,2025-12-31,3230.38,8800.01
907878,2025-12-31,435.98,1444.12
907879,2025-12-31,242.16,1068.67
907885,2025-12-31,1906.99,7505.81
907893,2025-12-31,198.44,299.8
907915,2025-12-31,934.13,1267.89
907919,2025-12-31,1393.4,4920.46
907950,2025-12-31,2566.96,5992.27
907951,2025-12-31,3349.55,992.38
907983,2025-12-31,2104.83,5278.51
907991,2025-12-31,533.74,2666.91
908004,2025-12-31,5306.16,3404.75
908017,2025-12-31,4349.51,3620.1
908038,2025-12-31,3170.22,2469.64
908039,2025-12-31,106.61,403.84
908092,2025-12-31,1871.26,5781.86
908106,2025-12-31,443.2,1421.74
908133,2025-12-31,5552.64,2978.83
908134,2025-12-31,811.7,3257.37
908152,2025-12-31,2863.95,3191.06
908154,2025-12-31,3229.42,3425.18
908187,2025-12-31,2042.49,5634.48
908188,2025-12-31,1942.4,3265.18
908219,2025-12-31,3735.86,4128.76
908230,2025-12-31,4156.51,1618.2
908232,2025-12-31,680.72,4290.7
908246,2025-12-31,1812.49,5531.11
908258,2025-12-31,2237.86,899.64
908266,2025-12-31,1842.46,1942.77
908289,2025-12-31,3471.38,2499.57
908291,2025-12-31,2016.99,2975.26
908294,2025-12-31,551.41,751.04
908339,2025-12-31,249.29,1071.24
908353,2025-12-31,430.6,1962.89
908360,2025-12-31,4807.7,3901.01
908383,2025-12-31,2965.01,1117.08
908427,2025-12-31,1069.69,3482.71
908430,2025-12-31,396.87,570.3
908466,2025-12-31,2153.03,939.46
908482,2025-12-31,1741.73,4312.09
908501,2025-12-31,2395.08,1465.15
908512,2025-12-31,1412.03,5487.78
908521,2025-12-31,371.65,1493.61
908532,2025-12-31,3065.9,1931.54
908539,2025-12-31,817.19,2086.57
908567,2025-12-31,1338.57,8049.14
908576,2025-12-31,439.98,1280.94
908583,2025-12-31,1891.51,4659.42
908607,2025-12-31,4521.57,2835.16
908623,2025-12-31,1408.26,477.9
908643,2025-12-31,3998.95,2732.47
908661,2025-12-31,2940.55,1437.14
908665,2025-12-31,2146.44,5245.75
908681,2025-12-31,1083.17,6719.86
908691,2025-12-31,422.14,1776.71
908693,2025-12-31,2346.98,798.88
908700,2025-12-31,2459.79,6365.33
908718,2025-12-31,1070.63,2335.27
908749,2025-12-31,3810.58,4086.51
908772,2025-12-31,1065.43,5813.94
908785,2025-12-31,1378.31,5801.08
908811,2025-12-31,4036.94,3063.29
908826,2025-12-31,1555.91,1506.39
908834,2025-12-31,917.21,4075.64
908860,2025-12-31,1875.24,5662.6
908862,2025-12-31,441.84,1368.09
908886,2025-12-31,2394.77,830.09
908892,2025-12-31,1624.98,3538.87
908922,2025-12-31,5535.35,1496.7
908939,2025-12-31,1093.35,1141.65
908983,2025-12-31,4119.45,3680.39
900052,2026-01-31,382.1,2394.59
900085,2026-01-31,832.75,2105.3
900091,2026-01-31,1292.24,2647.6
900098,2026-01-31,275.62,937.88
900103,2026-01-31,3460.09,1172.87
900131,2026-01-31,2792.95,4960.44
900156,2026-01-31,2277.96,1636.05
900214,2026-01-31,979.32,918.69
900232,2026-01-31,1609.93,1325.18
900260,2026-01-31,5240.37,2206.97
900263,2026-01-31,1148.46,413.78
900302,2026-01-31,452.46,1658.92
900306,2026-01-31,1589.8,2808.42
900329,2026-01-31,813.13,2365.24
900331,2026-01-31,3431.6,3009.72
900401,2026-01-31,5535.05,2276.64
900414,2026-01-31,737.35,1344.73
900417,2026-01-31,1962.89,3963.24
900419,2026-01-31,374.19,168.99
900433,2026-01-31,3357.89,4486.1
900444,2026-01-31,1328.26,4714.94
900446,2026-01-31,120.73,700.83
900448,2026-01-31,754.55,1069.08
900522,2026-01-31,621.46,255.1
900531,2026-01-31,1168.35,5047.49
900551,2026-01-31,311.28,2135.35
900589,2026-01-31,1599.01,1967.76
900616,2026-01-31,2333.69,2314.42
900640,2026-01-31,1186.88,2721.48
900652,2026-01-31,1685.15,4532.9
900661,2026-01-31,642.33,523.48
900668,2026-01-31,353.82,96.39
900669,2026-01-31,701.57,2649.03
900680,2026-01-31,1989.63,2259.01
900701,2026-01-31,5121.63,2732.29
900710,2026-01-31,1299.35,4493.37
900715,2026-01-31,2977.07,1580.49
900739,2026-01-31,5660.86,2530.74
900742,2026-01-31,1128.41,786.73
900754,2026-01-31,1102.94,2278.43
900757,2026-01-31,4504.73,2461.7
900767,2026-01-31,301.52,763.64
900777,2026-01-31,2388.58,6246.01
900786,2026-01-31,1298.13,4812.78
900804,2026-01-31,1573.11,5101.52
900808,2026-01-31,2498.0,696.26
900825,2026-01-31,3170.88,1490.96
900827,2026-01-31,887.86,508.78
900898,2026-01-31,3371.4,8348.09
900901,2026-01-31,4883.04,2524.63
900958,2026-01-31,2228.44,4844.12
900965,2026-01-31,1352.44,1415.81
900966,2026-01-31,1259.2,2640.45
900985,2026-01-31,1837.22,7089.63
901000,2026-01-31,2964.77,4153.76
901023,2026-01-31,845.62,2921.96
901030,2026-01-31,1591.75,5610.52
901031,2026-01-31,3046.13,4241.92
901091,2026-01-31,1277.81,5632.86
901099,2026-01-31,2713.32,7538.36
901117,2026-01-31,1932.48,4793.02
901119,2026-01-31,622.1,836.83
901141,2026-01-31,1118.06,3326.4
901156,2026-01-31,2567.03,1433.11
901169,2026-01-31,2656.87,952.09
901179,2026-01-31,2842.03,1986.75
901193,2026-01-31,2822.17,1453.03
901293,2026-01-31,2668.38,5611.65
901294,2026-01-31,3622.81,2266.59
901297,2026-01-31,1862.0,6315.94
901304,2026-01-31,2396.11,656.62
901312,2026-01-31,4689.62,1946.63
901344,2026-01-31,5341.86,2031.39
901353,2026-01-31,4080.2,2423.91
901363,2026-01-31,891.85,4518.35
901372,2026-01-31,2122.81,1661.99
901383,2026-01-31,1967.4,1397.02
901429,2026-01-31,3483.74,1360.06
901434,2026-01-31,4910.01,2919.47
901445,2026-01-31,1655.61,5147.7
901464,2026-01-31,6029.29,2598.3
901471,2026-01-31,765.89,927.9
901490,2026-01-31,442.09,3010.05
901504,2026-01-31,3332.64,2428.73
901509,2026-01-31,2881.52,5933.42
901558,2026-01-31,83.06,444.22
901589,2026-01-31,3230.39,4866.13
901614,2026-01-31,544.47,676.85
901618,2026-01-31,431.75,933.88
901623,2026-01-31,3093.23,3026.88
901630,2026-01-31,2982.74,3567.2
901645,2026-01-31,1885.97,7140.74
901647,2026-01-31,2045.43,2175.74
901663,2026-01-31,170.89,444.43
901691,2026-01-31,1127.35,4174.35
901744,2026-01-31,4071.57,3449.9
901759,2026-01-31,2550.73,8207.14
901783,2026-01-31,447.2,1341.32
901786,2026-01-31,1138.66,3717.33
901794,2026-01-31,1993.5,1002.13
901837,2026-01-31,4281.0,1237.8
901840,2026-01-31,2021.55,1246.34
901877,2026-01-31,716.78,347.73
901913,2026-01-31,3100.85,7453.92
901960,2026-01-31,2064.53,5444.46
901967,2026-01-31,300.19,988.32
901977,2026-01-31,844.32,5161.63
901984,2026-01-31,1413.45,1198.97
902000,2026-01-31,929.19,834.04
902011,2026-01-31,4515.93,2953.52
902072,2026-01-31,4047.19,1253.58
902091,2026-01-31,1741.63,830.1
902113,2026-01-31,1998.92,1959.84
902127,2026-01-31,2258.26,2012.14
902141,2026-01-31,1603.77,1915.85
902180,2026-01-31,672.77,3186.92
902193,2026-01-31,3970.63,2640.28
902213,2026-01-31,1868.29,5000.01
902240,2026-01-31,1028.89,5139.01
902246,2026-01-31,832.53,2248.65
902251,2026-01-31,2385.25,6887.72
902289,2026-01-31,2155.55,2797.7
902316,2026-01-31,458.88,609.01
902341,2026-01-31,973.96,885.42
902362,2026-01-31,417.82,1318.01
902389,2026-01-31,1088.92,5201.41
902402,2026-01-31,4817.45,1789.32
902428,2026-01-31,2266.09,1217.96
902431,2026-01-31,4893.33,1710.06
902446,2026-01-31,1809.21,671.68
902465,2026-01-31,1666.17,4391.81
902471,2026-01-31,661.89,268.29
902482,2026-01-31,3698.68,2569.98
902488,2026-01-31,1711.78,2399.21
902493,2026-01-31,2455.33,6904.13
902511,2026-01-31,963.38,4284.86
902520,2026-01-31,1906.05,937.83
902526,2026-01-31,1131.88,1481.03
902532,2026-01-31,1765.71,3653.2
902548,2026-01-31,367.24,2551.8
902555,2026-01-31,3455.92,2890.4
902569,2026-01-31,1833.29,7631.71
902629,2026-01-31,1016.7,2597.78
902643,2026-01-31,1086.35,5241.28
902644,2026-01-31,2094.03,3271.61
902649,2026-01-31,2045.01,9036.73
902650,2026-01-31,305.03,1645.49
902654,2026-01-31,6055.3,1761.05
902673,2026-01-31,1345.95,1300.62
902697,2026-01-31,1884.16,5226.29
902704,2026-01-31,2027.01,5537.35
902727,2026-01-31,2673.43,2167.97
902731,2026-01-31,2417.52,2878.65
902774,2026-01-31,2605.44,6054.3
902776,2026-01-31,612.42,479.87
902788,2026-01-31,1016.18,664.38
902807,2026-01-31,314.17,875.54
902808,2026-01-31,649.54,578.87
902832,2026-01-31,434.68,1611.5
902858,2026-01-31,3346.35,1321.98
902913,2026-01-31,1582.6,7320.83
902956,2026-01-31,1212.22,3411.11
902958,2026-01-31,787.18,2018.7
902975,2026-01-31,589.51,212.24
902981,2026-01-31,662.24,4359.18
902986,2026-01-31,482.41,2095.06
903053,2026-01-31,525.17,332.09
903103,2026-01-31,3202.93,3442.31
903115,2026-01-31,812.84,249.51
903132,2026-01-31,116.76,321.82
903169,2026-01-31,2564.06,2456.29
903184,2026-01-31,779.2,3098.78
903229,2026-01-31,1116.0,591.56
903230,2026-01-31,1027.55,2119.38
903232,2026-01-31,810.51,476.98
903266,2026-01-31,1596.84,4988.99
903275,2026-01-31,3466.57,3602.72
903374,2026-01-31,2157.41,771.61
903385,2026-01-31,1661.48,2109.88
903386,2026-01-31,615.23,507.05
903403,2026-01-31,950.29,4694.37
903420,2026-01-31,3523.84,1625.09
903430,2026-01-31,590.77,1794.7
903439,2026-01-31,787.42,331.77
903521,2026-01-31,1270.51,1267.82
903561,2026-01-31,517.05,196.77
903566,2026-01-31,1069.88,3937.32
903580,2026-01-31,1061.44,3054.0
903598,2026-01-31,886.64,3319.09
903627,2026-01-31,2062.72,4090.71
903643,2026-01-31,361.54,1674.36
903653,2026-01-31,3109.66,5891.14
903684,2026-01-31,1694.84,4511.39
903709,2026-01-31,5128.1,2287.06
903723,2026-01-31,2476.54,2217.29
903764,2026-01-31,2776.07,4755.74
903785,2026-01-31,454.03,607.5
903811,2026-01-31,2171.75,6137.73
903815,2026-01-31,2391.26,2252.42
903816,2026-01-31,1871.8,6862.86
903843,2026-01-31,3963.02,3963.12
903847,2026-01-31,1788.29,1124.02
903868,2026-01-31,3034.83,4344.21
903936,2026-01-31,714.68,1214.34
903953,2026-01-31,627.53,838.75
903994,2026-01-31,999.65,3780.1
904006,2026-01-31,287.84,1226.33
904041,2026-01-31,2714.28,8097.74
904081,2026-01-31,4926.43,4692.73
904108,2026-01-31,1938.49,1789.77
904158,2026-01-31,1974.67,3719.29
904176,2026-01-31,1028.85,3466.05
904193,2026-01-31,4282.78,2835.13
904217,2026-01-31,3218.34,1531.38
904226,2026-01-31,1375.11,3783.0
904237,2026-01-31,1905.65,6651.12
904291,2026-01-31,2725.08,1077.98
904303,2026-01-31,4735.79,4295.42
904335,2026-01-31,1793.64,4239.35
904336,2026-01-31,4908.7,1536.44
904357,2026-01-31,2549.05,7440.84
904386,2026-01-31,530.89,3540.17
904392,2026-01-31,1870.58,5819.71
904394,2026-01-31,1466.14,3328.34
904397,2026-01-31,1084.6,5653.99
904440,2026-01-31,1177.33,2758.08
904445,2026-01-31,1948.68,7787.74
904446,2026-01-31,3084.69,1647.07
904452,2026-01-31,1009.56,3174.56
904457,2026-01-31,190.6,1258.55
904460,2026-01-31,4556.13,2137.1
904478,2026-01-31,3306.6,3862.62
904575,2026-01-31,186.43,925.46
904576,2026-01-31,5615.17,2042.65
904647,2026-01-31,645.94,974.26
904680,2026-01-31,3255.82,9683.14
904682,2026-01-31,2503.02,7092.48
904716,2026-01-31,2921.53,6288.97
904740,2026-01-31,1899.45,3903.82
904791,2026-01-31,902.89,460.65
904797,2026-01-31,299.29,582.47
904839,2026-01-31,1677.85,6695.15
904841,2026-01-31,2172.43,2427.4
904851,2026-01-31,2886.9,3382.3
904852,2026-01-31,1364.13,5326.0
904873,2026-01-31,1323.71,4450.7
904876,2026-01-31,379.15,395.78
904944,2026-01-31,2465.64,1039.69
904954,2026-01-31,432.61,788.17
904976,2026-01-31,652.83,1990.41
905012,2026-01-31,224.18,554.63
905019,2026-01-31,1837.61,7247.57
905036,2026-01-31,2199.72,5661.18
905043,2026-01-31,3372.65,969.02
905046,2026-01-31,1668.88,1808.85
905058,2026-01-31,456.82,1672.99
905060,2026-01-31,3371.52,8730.65
905118,2026-01-31,2329.56,1834.65
905133,2026-01-31,1977.75,790.85
905140,2026-01-31,983.09,5488.09
905152,2026-01-31,701.16,866.12
905170,2026-01-31,295.2,339.47
905180,2026-01-31,3794.14,2597.16
905188,2026-01-31,2173.63,1088.01
905190,2026-01-31,2133.5,775.54
905218,2026-01-31,2316.97,1476.94
905300,2026-01-31,345.72,317.67
905316,2026-01-31,1455.68,6939.61
905329,2026-01-31,106.35,647.67
905351,2026-01-31,1601.19,4843.51
905356,2026-01-31,1024.72,2414.65
905358,2026-01-31,332.6,1478.4
905377,2026-01-31,255.0,745.41
905397,2026-01-31,259.98,344.75
905410,2026-01-31,1103.87,5599.21
905445,2026-01-31,4668.24,1979.16
905455,2026-01-31,116.08,654.94
905459,2026-01-31,2081.38,5015.48
905488,2026-01-31,1803.73,5729.53
905493,2026-01-31,1600.6,4254.49
905509,2026-01-31,1848.91,2067.36
905544,2026-01-31,425.96,366.36
905545,2026-01-31,283.94,101.77
905556,2026-01-31,1288.24,5746.41
905570,2026-01-31,1733.66,6692.94
905572,2026-01-31,3624.97,2452.98
905573,2026-01-31,301.71,1890.83
905592,2026-01-31,1674.96,3138.65
905598,2026-01-31,1377.87,1225.35
905610,2026-01-31,1181.73,3240.71
905614,2026-01-31,1184.59,4669.19
905616,2026-01-31,1126.79,3505.04
905628,2026-01-31,1275.39,2590.34
905643,2026-01-31,3512.46,3513.16
905662,2026-01-31,1438.3,5523.1
905663,2026-01-31,1135.75,3185.61
905669,2026-01-31,1566.58,959.4
905683,2026-01-31,2863.51,3747.29
905719,2026-01-31,6323.02,2517.66
905721,2026-01-31,1179.51,4072.91
905737,2026-01-31,1368.19,812.93
905788,2026-01-31,3981.13,3502.47
905793,2026-01-31,1049.95,1205.32
905796,2026-01-31,3167.26,2246.63
905817,2026-01-31,3493.7,3513.86
905840,2026-01-31,846.33,3036.74
905841,2026-01-31,869.76,241.02
905856,2026-01-31,4659.8,1360.78
905885,2026-01-31,1873.48,1418.96
905896,2026-01-31,320.4,2266.56
905909,2026-01-31,3193.1,835.04
905919,2026-01-31,246.1,673.4
905987,2026-01-31,1729.31,1903.52
906044,2026-01-31,803.73,2323.15
906048,2026-01-31,4370.94,3712.33
906058,2026-01-31,2453.67,2095.66
906107,2026-01-31,87.86,452.42
906114,2026-01-31,2062.54,2705.4
906115,2026-01-31,1530.39,1392.52
906127,2026-01-31,1020.15,3554.03
906132,2026-01-31,874.12,433.35
906156,2026-01-31,2724.97,1711.54
906186,2026-01-31,205.94,1257.57
906213,2026-01-31,1220.66,756.79
906228,2026-01-31,2279.84,7622.46
906231,2026-01-31,1031.47,2571.01
906281,2026-01-31,952.14,527.36
906283,2026-01-31,705.52,2593.93
906285,2026-01-31,1463.28,5700.18
906289,2026-01-31,803.21,1406.0
906312,2026-01-31,1180.35,4905.0
906314,2026-01-31,1830.4,5025.81
906330,2026-01-31,1127.18,4401.54
906340,2026-01-31,2950.22,1256.51
906438,2026-01-31,2339.25,1308.57
906465,2026-01-31,4783.15,1809.86
906468,2026-01-31,3329.81,1907.1
906501,2026-01-31,1214.69,7949.11
906535,2026-01-31,4506.82,3645.84
906559,2026-01-31,386.59,2525.98
906560,2026-01-31,4033.8,1288.98
906561,2026-01-31,1055.4,1480.96
906573,2026-01-31,1852.69,3896.11
906590,2026-01-31,1346.73,2550.06
906611,2026-01-31,1130.57,3981.65
906620,2026-01-31,1568.17,5470.33
906673,2026-01-31,1556.69,4322.78
906711,2026-01-31,1897.13,1113.14
906718,2026-01-31,293.14,1306.19
906727,2026-01-31,3016.36,2952.94
906759,2026-01-31,3142.73,3318.88
906774,2026-01-31,3929.36,2961.73
906816,2026-01-31,290.28,765.3
906821,2026-01-31,3118.58,1296.64
906834,2026-01-31,4456.43,3829.97
906837,2026-01-31,996.93,5975.37
906839,2026-01-31,932.76,5553.03
906862,2026-01-31,157.84,897.68
906866,2026-01-31,1761.31,4893.56
906880,2026-01-31,396.93,996.97
906928,2026-01-31,3746.57,1570.58
906947,2026-01-31,914.43,346.99
906973,2026-01-31,1441.37,6955.65
906979,2026-01-31,3622.03,2466.89
907057,2026-01-31,2925.27,3177.87
907072,2026-01-31,261.84,243.94
907079,2026-01-31,286.03,1786.92
907085,2026-01-31,3877.29,2556.83
907092,2026-01-31,2611.74,8965.33
907111,2026-01-31,3139.56,8893.98
907116,2026-01-31,2513.31,5489.08
907124,2026-01-31,2088.85,1147.15
907146,2026-01-31,6695.03,2441.64
907155,2026-01-31,1561.05,3370.64
907167,2026-01-31,5428.71,2526.22
907187,2026-01-31,502.25,2279.43
907199,2026-01-31,301.11,209.92
907254,2026-01-31,790.56,3964.15
907256,2026-01-31,1439.2,6308.51
907262,2026-01-31,269.84,398.7
907264,2026-01-31,2304.84,1225.44
907295,2026-01-31,693.99,3013.64
907317,2026-01-31,1203.53,4698.36
907331,2026-01-31,1826.11,4816.51
907339,2026-01-31,440.29,620.29
907341,2026-01-31,2395.83,2736.83
907371,2026-01-31,136.5,423.34
907372,2026-01-31,514.49,580.61
907376,2026-01-31,2313.91,5715.89
907388,2026-01-31,1723.42,5862.86
907394,2026-01-31,459.29,465.68
907406,2026-01-31,1333.9,1253.34
907412,2026-01-31,711.67,203.63
907416,2026-01-31,1767.81,4436.43
907422,2026-01-31,457.86,325.12
907426,2026-01-31,3648.04,3510.35
907443,2026-01-31,386.89,391.72
907444,2026-01-31,128.72,499.55
907451,2026-01-31,1297.5,3311.11
907460,2026-01-31,336.2,655.0
907485,2026-01-31,1060.32,3119.22
907486,2026-01-31,2933.45,8074.94
907508,2026-01-31,404.86,2337.85
907531,2026-01-31,939.84,5435.18
907537,2026-01-31,1257.93,1203.3
907542,2026-01-31,3377.95,1291.27
907566,2026-01-31,5484.55,2534.76
907571,2026-01-31,1544.82,2390.06
907575,2026-01-31,2991.89,9416.33
907596,2026-01-31,1278.59,3918.55
907606,2026-01-31,415.96,1949.07
907630,2026-01-31,772.84,3528.05
907641,2026-01-31,2384.92,1780.36
907642,2026-01-31,1231.53,6998.89
907671,2026-01-31,2549.85,1416.32
907673,2026-01-31,2229.4,1015.67
907684,2026-01-31,3032.7,1162.83
907688,2026-01-31,2449.12,7389.42
907727,2026-01-31,1661.57,5787.51
907735,2026-01-31,1781.8,7644.94
907752,2026-01-31,3682.16,2649.37
907755,2026-01-31,2287.52,8511.31
907758,2026-01-31,529.15,422.35
907759,2026-01-31,1444.29,3822.26
907770,2026-01-31,357.39,140.73
907783,2026-01-31,2281.13,1932.84
907800,2026-01-31,396.62,886.91
907818,2026-01-31,2806.96,1358.55
907849,2026-01-31,2055.38,6787.27
907877,2026-01-31,1521.73,3530.87
907878,2026-01-31,2268.16,5460.97
907879,2026-01-31,1897.81,6097.56
907893,2026-01-31,1175.09,4727.3
907937,2026-01-31,277.85,1409.02
907964,2026-01-31,314.06,1662.84
907971,2026-01-31,1974.94,5102.73
907991,2026-01-31,1071.93,3721.78
908002,2026-01-31,385.32,1227.08
908006,2026-01-31,476.93,2791.29
908039,2026-01-31,261.24,971.08
908061,2026-01-31,1672.94,3505.21
908084,2026-01-31,213.14,757.55
908103,2026-01-31,1854.99,1524.15
908105,2026-01-31,3185.13,1912.76
908106,2026-01-31,1780.97,5635.57
908133,2026-01-31,776.5,286.78
908134,2026-01-31,842.91,3230.42
908152,2026-01-31,2538.91,1889.08
908180,2026-01-31,2241.76,3387.24
908187,2026-01-31,636.19,2560.59
908188,2026-01-31,951.83,2853.21
908230,2026-01-31,3025.38,878.52
908275,2026-01-31,186.98,1073.79
908289,2026-01-31,2480.9,1441.99
908339,2026-01-31,682.58,1347.61
908360,2026-01-31,1958.44,1557.76
908392,2026-01-31,559.54,142.21
908401,2026-01-31,3370.85,2947.8
908417,2026-01-31,1439.92,853.86
908428,2026-01-31,1563.06,2954.46
908430,2026-01-31,2102.37,1852.42
908466,2026-01-31,1439.4,631.53
908499,2026-01-31,1565.34,4360.13
908501,2026-01-31,3795.91,1503.38
908512,2026-01-31,2322.71,4304.5
908532,2026-01-31,3934.64,2303.54
908539,2026-01-31,1412.42,7856.79
908557,2026-01-31,1325.72,3594.52
908572,2026-01-31,3041.66,8327.04
908580,2026-01-31,258.54,401.36
908582,2026-01-31,1550.38,4825.63
908589,2026-01-31,1628.14,3517.59
908623,2026-01-31,4291.42,2483.25
908628,2026-01-31,604.6,1671.19
908653,2026-01-31,2680.66,1021.39
908661,2026-01-31,3041.39,1290.13
908665,2026-01-31,1836.2,6490.0
908677,2026-01-31,1780.86,6744.21
908693,2026-01-31,5809.25,2702.95
908718,2026-01-31,1143.56,2969.61
908746,2026-01-31,3632.65,1636.39
908772,2026-01-31,527.61,1816.88
908785,2026-01-31,1384.89,6596.85
908789,2026-01-31,596.98,2799.82
908826,2026-01-31,1827.21,2253.98
908860,2026-01-31,944.64,2815.15
908862,2026-01-31,2975.91,5728.96
908882,2026-01-31,1215.7,6547.41
908892,2026-01-31,405.57,1268.15
908929,2026-01-31,3963.31,3115.22
908939,2026-01-31,1671.04,1638.88
900020,2026-02-28,940.14,1839.39
900042,2026-02-28,654.14,667.39
900056,2026-02-28,4074.55,2384.04
900076,2026-02-28,593.81,2107.08
900085,2026-02-28,1272.3,2723.56
900091,2026-02-28,2013.99,7216.53
900103,2026-02-28,1641.18,1043.94
900131,2026-02-28,650.61,3645.79
900136,2026-02-28,288.38,878.76
900157,2026-02-28,187.91,1010.68
900159,2026-02-28,4195.34,2086.85
900260,2026-02-28,454.6,271.57
900270,2026-02-28,2634.62,7509.07
900280,2026-02-28,465.22,2183.03
900302,2026-02-28,253.12,1174.2
900306,2026-02-28,372.27,1851.76
900322,2026-02-28,983.3,3841.6
900331,2026-02-28,5239.79,1594.73
900411,2026-02-28,2201.16,7137.01
900414,2026-02-28,1104.28,3146.72
900416,2026-02-28,1263.83,4693.04
900417,2026-02-28,890.08,2117.35
900419,2026-02-28,3629.79,1402.58
900433,2026-02-28,3324.95,3251.63
900448,2026-02-28,1346.16,1633.64
900518,2026-02-28,4369.18,4366.02
900542,2026-02-28,2020.23,2081.64
900582,2026-02-28,275.73,723.05
900589,2026-02-28,2058.98,1821.05
900599,2026-02-28,1151.62,5719.82
900616,2026-02-28,1619.49,1531.75
900634,2026-02-28,719.4,536.13
900652,2026-02-28,351.21,1576.33
900661,2026-02-28,1060.64,875.01
900669,2026-02-28,1395.12,3679.06
900683,2026-02-28,1350.25,3568.14
900686,2026-02-28,3269.9,1375.66
900694,2026-02-28,569.51,1635.98
900710,2026-02-28,810.56,1852.93
900715,2026-02-28,4318.94,1648.13
900742,2026-02-28,3306.48,2973.29
900743,2026-02-28,2072.59,7842.54
900750,2026-02-28,2823.75,2023.69
900757,2026-02-28,1034.03,353.31
900767,2026-02-28,439.9,1895.71
900774,2026-02-28,720.48,2808.06
900777,2026-02-28,2075.83,4713.3
900778,2026-02-28,437.81,138.6
900804,2026-02-28,427.33,2592.06
900808,2026-02-28,3446.38,1652.41
900825,2026-02-28,1552.82,795.36
900827,2026-02-28,1671.74,478.73
900853,2026-02-28,4613.26,2703.18
900901,2026-02-28,4510.51,2224.79
900958,2026-02-28,2382.0,7368.87
900961,2026-02-28,3814.73,2412.51
900966,2026-02-28,281.85,1520.8
900991,2026-02-28,1943.86,5919.96
900993,2026-02-28,1690.65,7113.77
901031,2026-02-28,4568.4,3468.84
901037,2026-02-28,2581.98,8457.71
901042,2026-02-28,978.14,5109.87
901070,2026-02-28,575.1,2229.66
901099,2026-02-28,2310.41,6383.42
901141,2026-02-28,1736.11,7208.63
901169,2026-02-28,4308.39,2058.82
901179,2026-02-28,4573.67,1656.08
901194,2026-02-28,1385.66,931.7
901228,2026-02-28,2329.23,5358.19
901245,2026-02-28,3759.47,2741.56
901251,2026-02-28,2394.42,2144.35
901269,2026-02-28,2251.75,1143.33
901280,2026-02-28,5201.88,1724.0
901304,2026-02-28,2704.18,939.13
901312,2026-02-28,426.5,213.17
901353,2026-02-28,817.43,510.06
901361,2026-02-28,1116.36,6854.93
901378,2026-02-28,2104.48,5312.1
901429,2026-02-28,2510.21,1833.59
901431,2026-02-28,1874.32,5561.3
901463,2026-02-28,1209.94,2085.3
901464,2026-02-28,1717.83,722.11
901478,2026-02-28,1548.84,863.05
901490,2026-02-28,391.39,1512.75
901504,2026-02-28,2493.66,2057.12
901509,2026-02-28,1056.19,3609.62
901537,2026-02-28,1378.02,5006.35
901558,2026-02-28,1100.48,1898.49
901607,2026-02-28,1245.4,1183.57
901614,2026-02-28,3902.55,4082.97
901618,2026-02-28,1235.52,4796.17
901630,2026-02-28,3302.03,3548.73
901645,2026-02-28,261.84,762.96
901663,2026-02-28,1469.66,3741.62
901681,2026-02-28,1899.61,5404.56
901691,2026-02-28,770.43,5700.48
901695,2026-02-28,1240.42,3390.36
901728,2026-02-28,1547.3,7183.47
901785,2026-02-28,3701.1,2860.45
901794,2026-02-28,2306.35,1468.98
901808,2026-02-28,4802.32,1445.79
901816,2026-02-28,2292.73,2742.67
901840,2026-02-28,4533.4,2044.55
901860,2026-02-28,2020.15,4600.95
901903,2026-02-28,1238.18,430.76
901913,2026-02-28,1271.49,3553.65
901952,2026-02-28,2404.34,1422.81
901959,2026-02-28,852.41,5894.59
901967,2026-02-28,197.79,986.85
901984,2026-02-28,1277.25,1190.07
902000,2026-02-28,3396.42,3533.85
902011,2026-02-28,2252.42,1422.14
902029,2026-02-28,1742.97,3748.01
902042,2026-02-28,642.63,2912.43
902091,2026-02-28,3968.2,3189.12
902100,2026-02-28,1948.25,3641.24
902106,2026-02-28,595.15,203.73
902113,2026-02-28,2949.03,3569.49
902157,2026-02-28,3089.81,1978.77
902193,2026-02-28,4453.18,2146.29
902218,2026-02-28,1051.48,2731.15
902240,2026-02-28,874.69,6184.5
902251,2026-02-28,1907.45,5863.12
902263,2026-02-28,910.05,3056.38
902301,2026-02-28,5503.82,1554.09
902314,2026-02-28,2025.17,7685.75
902341,2026-02-28,232.53,245.66
902362,2026-02-28,831.92,1651.28
902389,2026-02-28,1817.39,6836.94
902395,2026-02-28,372.24,1592.93
902402,2026-02-28,3281.36,1190.29
902425,2026-02-28,207.66,1217.29
902431,2026-02-28,5833.44,1889.68
902446,2026-02-28,5566.05,2496.4
902465,2026-02-28,2745.68,6303.86
902471,2026-02-28,2606.52,2146.56
902482,2026-02-28,4344.06,1945.52
902488,2026-02-28,2811.54,3044.69
902555,2026-02-28,1912.32,2519.97
902560,2026-02-28,2613.08,5062.56
902569,2026-02-28,557.42,3148.34
902629,2026-02-28,709.67,3212.51
902644,2026-02-28,1753.52,2190.61
902704,2026-02-28,1330.62,3336.24
902729,2026-02-28,4017.0,2357.6
902731,2026-02-28,632.77,1039.69
902751,2026-02-28,1046.43,1275.82
902775,2026-02-28,1815.74,2079.74
902776,2026-02-28,1775.42,2443.8
902788,2026-02-28,868.57,408.27
902791,2026-02-28,661.18,867.33
902807,2026-02-28,2099.84,4548.56
902825,2026-02-28,474.5,2001.29
902832,2026-02-28,552.74,1084.09
902858,2026-02-28,2244.09,694.64
902886,2026-02-28,5468.11,2085.75
902922,2026-02-28,313.14,861.77
902956,2026-02-28,273.79,1189.16
902969,2026-02-28,2446.57,6313.45
902975,2026-02-28,4004.76,1706.49
902981,2026-02-28,483.51,1570.46
902986,2026-02-28,1095.01,6592.05
903007,2026-02-28,1446.5,2102.42
903075,2026-02-28,333.88,2276.45
903084,2026-02-28,3583.67,1862.54
903103,2026-02-28,927.46,1093.83
903122,2026-02-28,1446.13,5956.77
903230,2026-02-28,1555.78,4696.4
903240,2026-02-28,2328.92,4126.86
903266,2026-02-28,833.49,3381.85
903275,2026-02-28,771.5,450.08
903368,2026-02-28,1607.53,6215.94
903374,2026-02-28,1451.13,591.66
903386,2026-02-28,615.02,703.34
903403,2026-02-28,666.41,2254.34
903420,2026-02-28,517.82,265.53
903430,2026-02-28,322.81,1730.75
903463,2026-02-28,1717.38,1021.5
903561,2026-02-28,5072.76,1953.82
903566,2026-02-28,799.13,2193.81
903580,2026-02-28,1168.34,3397.82
903590,2026-02-28,1755.5,7517.72
903608,2026-02-28,1022.71,308.16
903616,2026-02-28,1605.19,5632.65
903627,2026-02-28,1012.42,2983.09
903648,2026-02-28,913.26,5998.58
903653,2026-02-28,2100.17,4550.09
903709,2026-02-28,851.68,524.43
903720,2026-02-28,2467.74,3469.16
903723,2026-02-28,2299.73,3583.47
903764,2026-02-28,504.75,1053.41
903771,2026-02-28,3804.02,4520.32
903785,2026-02-28,1765.88,2021.93
903796,2026-02-28,808.54,4241.6
903815,2026-02-28,1942.02,1372.43
903847,2026-02-28,344.59,341.09
903856,2026-02-28,2309.9,4903.36
903868,2026-02-28,2909.53,2912.71
903906,2026-02-28,878.04,2162.7
903912,2026-02-28,2616.84,5026.8
903936,2026-02-28,2039.43,7594.01
903951,2026-02-28,532.91,133.76
903953,2026-02-28,2846.41,3690.42
903994,2026-02-28,1320.19,2824.02
904006,2026-02-28,311.18,625.81
904008,2026-02-28,4028.41,2543.03
904022,2026-02-28,1440.11,706.23
904039,2026-02-28,264.81,1238.33
904081,2026-02-28,2000.4,1885.08
904108,2026-02-28,217.37,211.95
904140,2026-02-28,1548.9,1702.67
904149,2026-02-28,651.15,1358.56
904158,2026-02-28,1105.74,3581.48
904176,2026-02-28,237.18,510.14
904193,2026-02-28,800.35,742.04
904217,2026-02-28,2495.05,1199.93
904226,2026-02-28,657.77,1836.88
904236,2026-02-28,2558.21,1701.54
904237,2026-02-28,1267.4,2594.93
904297,2026-02-28,199.78,713.24
904306,2026-02-28,2488.63,2022.68
904335,2026-02-28,570.88,2085.39
904336,2026-02-28,312.3,123.54
904343,2026-02-28,3345.27,936.21
904349,2026-02-28,3779.62,3830.14
904357,2026-02-28,794.95,3089.38
904366,2026-02-28,2017.52,2434.04
904386,2026-02-28,969.97,4194.58
904392,2026-02-28,2748.75,7393.85
904397,2026-02-28,2125.66,6258.72
904436,2026-02-28,878.16,234.89
904445,2026-02-28,1579.73,4184.28
904450,2026-02-28,733.7,2495.71
904457,2026-02-28,1274.68,4160.98
904460,2026-02-28,697.05,216.07
904487,2026-02-28,259.0,241.15
904528,2026-02-28,2837.12,2191.19
904611,2026-02-28,596.11,662.35
904645,2026-02-28,327.38,277.6
904652,2026-02-28,1913.31,3869.08
904680,2026-02-28,280.49,781.33
904682,2026-02-28,437.01,1260.44
904710,2026-02-28,1173.67,2130.35
904716,2026-02-28,900.11,1976.73
904718,2026-02-28,957.6,4174.64
904726,2026-02-28,2067.55,5470.43
904739,2026-02-28,2300.37,8205.19
904740,2026-02-28,1137.66,2699.26
904748,2026-02-28,990.13,459.84
904794,2026-02-28,2416.17,1294.22
904797,2026-02-28,1615.14,4956.93
904811,2026-02-28,1310.5,325.46
904841,2026-02-28,1290.65,803.83
904851,2026-02-28,892.88,897.04
904852,2026-02-28,331.33,603.97
904873,2026-02-28,856.19,5008.43
904876,2026-02-28,225.95,311.4
904917,2026-02-28,532.9,2774.41
904934,2026-02-28,767.29,725.94
904976,2026-02-28,458.56,1298.89
905012,2026-02-28,427.28,1077.98
905019,2026-02-28,1180.64,3040.11
905034,2026-02-28,2163.88,2312.34
905036,2026-02-28,1125.68,6103.88
905043,2026-02-28,3414.44,1734.22
905060,2026-02-28,704.33,2433.25
905093,2026-02-28,1388.81,3978.62
905104,2026-02-28,3850.15,4241.7
905124,2026-02-28,5126.83,1987.12
905133,2026-02-28,1939.27,686.49
905152,2026-02-28,2998.6,2336.46
905180,2026-02-28,1333.43,623.95
905190,2026-02-28,4484.78,1696.24
905233,2026-02-28,2008.59,4384.96
905247,2026-02-28,590.12,2102.2
905267,2026-02-28,1438.62,605.86
905300,2026-02-28,648.75,912.27
905316,2026-02-28,1789.18,7256.17
905318,2026-02-28,2496.8,3177.5
905334,2026-02-28,2500.94,783.2
905356,2026-02-28,2632.79,7283.58
905362,2026-02-28,2075.64,1419.07
905374,2026-02-28,1200.83,536.78
905377,2026-02-28,3405.28,8400.07
905382,2026-02-28,397.47,1275.71
905386,2026-02-28,3842.73,1293.33
905412,2026-02-28,1675.94,6465.96
905459,2026-02-28,970.9,5293.05
905464,2026-02-28,538.05,1118.48
905471,2026-02-28,2456.21,1841.17
905488,2026-02-28,875.75,2153.75
905504,2026-02-28,766.06,616.17
905509,2026-02-28,2139.24,2197.92
905556,2026-02-28,471.99,1643.16
905573,2026-02-28,1475.84,3591.35
905610,2026-02-28,2969.31,8156.04
905614,2026-02-28,73.42,349.06
905616,2026-02-28,1132.93,2245.38
905628,2026-02-28,1129.75,6062.7
905630,2026-02-28,4212.03,2741.25
905659,2026-02-28,1168.75,2473.66
905663,2026-02-28,471.26,1327.02
905669,2026-02-28,3090.85,2516.83
905683,2026-02-28,3016.02,3239.39
905700,2026-02-28,4694.34,2108.56
905719,2026-02-28,2308.66,897.89
905737,2026-02-28,1015.7,1547.22
905780,2026-02-28,2763.74,7577.65
905788,2026-02-28,1857.1,1639.22
905793,2026-02-28,2917.38,2358.61
905817,2026-02-28,3164.12,1843.06
905840,2026-02-28,863.23,4120.25
905841,2026-02-28,2532.1,1194.23
905850,2026-02-28,1348.72,4533.94
905856,2026-02-28,6535.9,3068.95
905857,2026-02-28,2125.48,7943.14
905864,2026-02-28,1047.66,451.56
905872,2026-02-28,295.55,371.44
905881,2026-02-28,3478.02,1252.55
905896,2026-02-28,1074.84,4194.55
905942,2026-02-28,1232.42,4830.27
905957,2026-02-28,557.37,1674.28
905977,2026-02-28,2809.0,5177.29
906005,2026-02-28,968.91,4271.99
906058,2026-02-28,4305.98,3056.98
906075,2026-02-28,619.41,2247.19
906114,2026-02-28,3771.52,3448.16
906115,2026-02-28,1131.93,755.96
906123,2026-02-28,1328.34,1639.11
906132,2026-02-28,2239.84,1541.63
906139,2026-02-28,1524.09,3943.23
906156,2026-02-28,2305.57,1009.34
906166,2026-02-28,1839.04,1519.88
906183,2026-02-28,2565.32,3485.31
906186,2026-02-28,1592.53,4272.14
906213,2026-02-28,793.39,798.59
906231,2026-02-28,1168.28,4375.97
906281,2026-02-28,1247.79,779.38
906283,2026-02-28,635.54,2275.67
906285,2026-02-28,316.06,2452.11
906289,2026-02-28,713.55,1967.38
906292,2026-02-28,229.02,1074.42
906312,2026-02-28,1765.23,5132.45
906368,2026-02-28,962.7,4261.34
906379,2026-02-28,2605.61,5136.68
906435,2026-02-28,1714.68,3348.53
906438,2026-02-28,2254.63,716.69
906460,2026-02-28,604.39,1901.64
906478,2026-02-28,1860.62,5884.15
906483,2026-02-28,1188.64,5703.85
906500,2026-02-28,914.07,3482.9
906506,2026-02-28,1135.91,2657.72
906535,2026-02-28,3844.91,2615.11
906542,2026-02-28,1744.58,7734.22
906560,2026-02-28,3779.01,1562.93
906583,2026-02-28,1702.8,5282.42
906590,2026-02-28,147.57,741.41
906620,2026-02-28,1256.46,7098.05
906632,2026-02-28,2941.27,2520.31
906651,2026-02-28,1674.49,9446.99
906663,2026-02-28,3174.11,2944.37
906673,2026-02-28,2111.88,5848.72
906711,2026-02-28,5411.89,3319.05
906716,2026-02-28,964.7,2742.82
906718,2026-02-28,2006.16,6017.95
906740,2026-02-28,1173.32,852.61
906765,2026-02-28,2022.77,5132.37
906822,2026-02-28,2163.35,4186.11
906866,2026-02-28,2345.2,5947.47
906880,2026-02-28,1889.21,3065.75
906928,2026-02-28,5953.18,2861.25
906947,2026-02-28,1029.43,754.51
906960,2026-02-28,1854.56,1623.54
906973,2026-02-28,743.52,1793.88
906991,2026-02-28,995.24,5208.33
907001,2026-02-28,106.89,730.26
907024,2026-02-28,547.34,361.83
907054,2026-02-28,3999.26,2112.61
907057,2026-02-28,2950.14,2518.11
907064,2026-02-28,4294.52,1672.6
907072,2026-02-28,2345.79,1531.37
907082,2026-02-28,3248.32,2133.61
907092,2026-02-28,1345.7,3216.95
907116,2026-02-28,1062.61,4056.89
907119,2026-02-28,2933.87,783.98
907124,2026-02-28,4064.59,2015.31
907146,2026-02-28,2587.73,1442.8
907166,2026-02-28,3169.73,2045.63
907182,2026-02-28,6410.4,2480.49
907187,2026-02-28,467.82,1535.54
907199,2026-02-28,958.1,720.88
907212,2026-02-28,1526.29,4031.27
907237,2026-02-28,1772.04,4419.95
907251,2026-02-28,2145.1,3839.42
907261,2026-02-28,1312.7,4940.65
907272,2026-02-28,3175.31,6044.98
907295,2026-02-28,2534.19,5476.48
907317,2026-02-28,2860.59,8619.54
907319,2026-02-28,3602.12,951.59
907328,2026-02-28,2561.08,2226.49
907339,2026-02-28,1574.88,2172.51
907341,2026-02-28,2626.33,4033.19
907352,2026-02-28,1364.01,3070.69
907371,2026-02-28,951.87,2583.03
907376,2026-02-28,97.14,505.02
907388,2026-02-28,1639.18,5835.07
907406,2026-02-28,313.15,320.61
907412,2026-02-28,2562.12,1225.03
907416,2026-02-28,482.81,3167.03
907422,2026-02-28,2704.14,3254.92
907443,2026-02-28,1712.46,1525.84
907460,2026-02-28,1969.04,4840.98
907477,2026-02-28,275.82,860.88
907508,2026-02-28,1103.19,5237.56
907542,2026-02-28,1917.25,672.14
907566,2026-02-28,5495.06,1564.03
907571,2026-02-28,2430.8,2783.4
907591,2026-02-28,943.16,4954.03
907595,2026-02-28,1189.72,6093.84
907608,2026-02-28,181.85,531.72
907621,2026-02-28,848.8,3427.92
907630,2026-02-28,1820.08,8572.69
907642,2026-02-28,159.79,449.48
907643,2026-02-28,660.39,2547.07
907654,2026-02-28,300.41,700.16
907671,2026-02-28,5020.98,1778.41
907673,2026-02-28,6292.85,2370.85
907684,2026-02-28,4869.13,2001.97
907696,2026-02-28,4582.59,3239.48
907720,2026-02-28,369.86,1282.38
907733,2026-02-28,1359.5,2454.05
907736,2026-02-28,1563.9,1053.73
907752,2026-02-28,1260.22,715.82
907761,2026-02-28,2840.99,1636.07
907783,2026-02-28,1406.04,1732.45
907844,2026-02-28,327.88,360.72
907877,2026-02-28,1247.0,4864.74
907878,2026-02-28,1590.58,4979.92
907879,2026-02-28,1609.68,4686.34
907885,2026-02-28,287.36,792.63
907893,2026-02-28,313.99,884.96
907915,2026-02-28,1020.43,961.1
907937,2026-02-28,2509.71,4350.83
907964,2026-02-28,3047.07,5536.3
908002,2026-02-28,2502.89,8711.64
908004,2026-02-28,1343.97,655.92
908006,2026-02-28,765.45,1563.13
908038,2026-02-28,233.86,145.06
908039,2026-02-28,2088.34,7839.89
908061,2026-02-28,367.3,721.45
908103,2026-02-28,2307.85,1858.98
908105,2026-02-28,2404.66,1127.24
908106,2026-02-28,455.23,1871.43
908133,2026-02-28,4128.64,1400.11
908228,2026-02-28,1002.04,7122.23
908230,2026-02-28,4575.26,2385.79
908232,2026-02-28,380.08,847.96
908266,2026-02-28,4258.94,3044.44
908275,2026-02-28,1143.45,4232.09
908289,2026-02-28,4303.27,2648.99
908294,2026-02-28,1792.08,1560.81
908352,2026-02-28,922.54,299.27
908353,2026-02-28,1682.06,8485.99
908360,2026-02-28,3294.53,4188.69
908383,2026-02-28,2601.75,1353.42
908392,2026-02-28,1544.37,771.04
908425,2026-02-28,644.2,1646.83
908427,2026-02-28,506.78,1014.38
908428,2026-02-28,1379.92,2989.24
908430,2026-02-28,2251.67,1851.01
908449,2026-02-28,1537.63,4972.11
908501,2026-02-28,1864.66,896.67
908521,2026-02-28,783.43,4194.08
908532,2026-02-28,2916.8,1123.69
908557,2026-02-28,1026.37,3722.1
908567,2026-02-28,1291.7,3238.77
908572,2026-02-28,287.26,1024.18
908582,2026-02-28,1180.37,5253.11
908583,2026-02-28,2884.28,4782.35
908589,2026-02-28,463.44,1325.93
908590,2026-02-28,1665.07,8289.79
908623,2026-02-28,1584.54,809.49
908643,2026-02-28,1658.69,2251.96
908653,2026-02-28,2555.15,1222.89
908677,2026-02-28,1964.51,7886.04
908681,2026-02-28,586.0,3060.39
908691,2026-02-28,1499.5,4489.26
908718,2026-02-28,1318.19,4517.42
908732,2026-02-28,2423.63,2572.76
908785,2026-02-28,1467.1,3975.68
908789,2026-02-28,1624.24,4256.36
908834,2026-02-28,537.01,2037.79
908860,2026-02-28,116.28,777.13
908862,2026-02-28,1561.19,5741.1
908929,2026-02-28,434.59,568.12
908934,2026-02-28,3476.46,1405.27
908983,2026-02-28,2212.47,2561.64
900020,2026-03-31,313.47,1900.34
900042,2026-03-31,825.24,716.2
900056,2026-03-31,5966.87,3226.61
900085,2026-03-31,2071.49,5023.03
900091,2026-03-31,1276.78,2870.89
900137,2026-03-31,2086.97,7487.1
900157,2026-03-31,623.7,1573.21
900214,2026-03-31,2307.62,2530.93
900232,2026-03-31,3270.05,3070.21
900263,2026-03-31,1529.92,580.16
900270,2026-03-31,759.63,1761.64
900302,2026-03-31,3210.5,8197.52
900322,2026-03-31,2194.51,4681.74
900331,2026-03-31,1678.0,759.62
900358,2026-03-31,2532.96,7481.85
900401,2026-03-31,5492.51,2440.46
900411,2026-03-31,2334.49,7204.41
900414,2026-03-31,654.32,2746.64
900419,2026-03-31,2332.88,1319.31
900433,2026-03-31,913.29,1236.61
900444,2026-03-31,276.67,710.99
900446,2026-03-31,1587.12,3184.39
900448,2026-03-31,2526.08,2114.96
900455,2026-03-31,2387.56,2143.01
900531,2026-03-31,1376.87,7023.08
900542,2026-03-31,1438.31,1901.54
900551,2026-03-31,2855.22,5009.08
900599,2026-03-31,958.83,3730.03
900616,2026-03-31,4747.62,4315.96
900625,2026-03-31,1804.95,8887.12
900634,2026-03-31,2939.61,2002.4
900652,2026-03-31,1699.24,4771.55
900661,2026-03-31,1699.29,2728.8
900680,2026-03-31,448.28,734.25
900683,2026-03-31,707.31,2209.42
900694,2026-03-31,928.66,3867.3
900701,2026-03-31,3349.07,2250.42
900710,2026-03-31,526.59,1255.72
900742,2026-03-31,1388.34,1439.06
900750,2026-03-31,598.82,558.39
900757,2026-03-31,1753.51,533.06
900786,2026-03-31,2041.36,4391.45
900808,2026-03-31,2929.77,986.45
900814,2026-03-31,2624.53,945.28
900825,2026-03-31,502.34,209.19
900840,2026-03-31,4401.98,4077.01
900853,2026-03-31,6600.24,1709.2
900901,2026-03-31,2210.03,1276.07
900932,2026-03-31,1538.07,3151.78
900958,2026-03-31,590.5,4556.57
900961,2026-03-31,851.25,810.3
900991,2026-03-31,343.18,542.46
901000,2026-03-31,3283.7,4345.34
901002,2026-03-31,405.53,740.44
901006,2026-03-31,1366.24,5142.54
901022,2026-03-31,3688.37,4479.61
901023,2026-03-31,1453.22,4489.91
901030,2026-03-31,1455.98,3500.48
901031,2026-03-31,3646.62,3892.03
901037,2026-03-31,2757.98,4720.31
901042,2026-03-31,1135.32,7889.27
901059,2026-03-31,1395.82,5413.91
901091,2026-03-31,1143.52,6791.18
901099,2026-03-31,2472.91,6033.73
901119,2026-03-31,2113.3,1493.4
901169,2026-03-31,2435.8,867.17
901228,2026-03-31,1295.82,3884.86
901244,2026-03-31,728.06,1694.73
901280,2026-03-31,5394.21,2355.2
901293,2026-03-31,2968.36,4990.23
901294,2026-03-31,2600.5,2689.33
901304,2026-03-31,2829.74,1150.87
901342,2026-03-31,836.6,6001.12
901344,2026-03-31,4014.91,1164.76
901372,2026-03-31,4883.13,3029.9
901429,2026-03-31,4679.5,1560.56
901434,2026-03-31,1869.15,1015.15
901463,2026-03-31,1907.43,6531.53
901464,2026-03-31,5998.16,1843.81
901471,2026-03-31,2653.61,3532.19
901478,2026-03-31,2599.2,4214.81
901509,2026-03-31,799.64,2145.29
901537,2026-03-31,2263.69,8335.51
901538,2026-03-31,856.61,5564.3
901558,2026-03-31,482.61,2152.82
901567,2026-03-31,1170.77,4471.47
901607,2026-03-31,2696.57,2208.79
901614,2026-03-31,4146.33,3546.82
901621,2026-03-31,2524.99,1004.8
901623,2026-03-31,792.65,729.97
901645,2026-03-31,233.81,792.75
901663,2026-03-31,368.9,1594.48
901681,2026-03-31,1955.56,8825.58
901688,2026-03-31,1916.91,3121.46
901691,2026-03-31,1110.01,3148.87
901695,2026-03-31,1051.16,5002.99
901732,2026-03-31,1083.42,3265.4
901783,2026-03-31,654.45,1424.71
901785,2026-03-31,2682.92,2981.46
901786,2026-03-31,1060.92,2650.49
901794,2026-03-31,4241.84,1924.76
901816,2026-03-31,2318.67,2234.22
901840,2026-03-31,4063.05,1661.75
901860,2026-03-31,1987.83,6504.52
901881,2026-03-31,620.49,1111.94
901903,2026-03-31,639.69,454.18
901913,2026-03-31,1558.34,5500.07
901960,2026-03-31,2666.77,5393.19
901966,2026-03-31,845.16,3463.67
901967,2026-03-31,1465.69,4172.17
901984,2026-03-31,4671.15,4066.72
902000,2026-03-31,2527.44,3079.39
902029,2026-03-31,2139.13,5364.84
902042,2026-03-31,576.05,3129.53
902072,2026-03-31,4613.71,2309.43
902091,2026-03-31,1448.87,870.3
902100,2026-03-31,1553.07,3266.15
902113,2026-03-31,2230.89,3374.88
902240,2026-03-31,1691.67,3727.19
902281,2026-03-31,432.03,1492.4
902284,2026-03-31,2149.65,1505.95
902289,2026-03-31,903.67,1038.11
902290,2026-03-31,1659.53,4696.2
902301,2026-03-31,1216.07,688.97
902313,2026-03-31,2282.45,1717.08
902314,2026-03-31,1376.92,5262.37
902316,2026-03-31,2274.29,3124.2
902341,2026-03-31,430.89,605.57
902362,2026-03-31,1203.24,7078.91
902389,2026-03-31,806.15,1940.9
902425,2026-03-31,871.23,4876.69
902437,2026-03-31,2173.53,4456.01
902461,2026-03-31,1080.68,3449.25
902465,2026-03-31,1544.94,5612.14
902471,2026-03-31,3101.0,1554.19
902482,2026-03-31,3106.56,2520.57
902532,2026-03-31,878.83,2368.39
902548,2026-03-31,226.36,1372.58
902555,2026-03-31,4122.76,2961.21
902560,2026-03-31,1471.63,2609.05
902569,2026-03-31,465.73,1921.35
902629,2026-03-31,1388.52,2544.72
902643,2026-03-31,1063.67,2536.18
902644,2026-03-31,3379.09,3878.36
902650,2026-03-31,1477.91,6107.43
902654,2026-03-31,4905.48,2791.66
902664,2026-03-31,1398.44,4390.11
902673,2026-03-31,918.21,1157.22
902704,2026-03-31,342.44,1441.34
902727,2026-03-31,472.98,468.65
902729,2026-03-31,4123.05,1648.07
902751,2026-03-31,1947.56,2612.49
902774,2026-03-31,536.84,1163.97
902776,2026-03-31,2022.11,1566.74
902805,2026-03-31,1313.41,2658.71
902832,2026-03-31,1177.19,2323.51
902858,2026-03-31,882.86,619.84
902913,2026-03-31,1325.08,3396.87
902966,2026-03-31,1031.94,1669.52
902975,2026-03-31,2597.96,1165.96
903007,2026-03-31,3508.4,3037.32
903018,2026-03-31,636.68,1880.23
903020,2026-03-31,2942.71,3157.21
903053,2026-03-31,4902.03,2006.92
903075,2026-03-31,1903.54,5548.86
903084,2026-03-31,3334.54,1983.38
903132,2026-03-31,1167.9,4435.76
903154,2026-03-31,2230.42,2469.26
903169,2026-03-31,2671.82,1589.18
903229,2026-03-31,5712.16,2344.05
903232,2026-03-31,4255.13,2636.71
903256,2026-03-31,970.35,928.04
903266,2026-03-31,1604.01,3430.05
903275,2026-03-31,4677.42,4182.09
903368,2026-03-31,1273.8,3360.41
903374,2026-03-31,5212.86,2286.04
903461,2026-03-31,804.89,3886.64
903463,2026-03-31,2061.72,2262.81
903514,2026-03-31,3482.48,2400.79
903536,2026-03-31,1828.67,2641.62
903561,2026-03-31,398.27,213.78
903579,2026-03-31,278.27,1443.2
903586,2026-03-31,1188.3,1289.9
903590,2026-03-31,1833.3,5421.19
903598,2026-03-31,1074.68,4509.82
903616,2026-03-31,2356.84,4768.93
903643,2026-03-31,128.44,637.13
903648,2026-03-31,950.51,2120.81
903684,2026-03-31,859.26,2620.76
903709,2026-03-31,4935.52,1639.9
903723,2026-03-31,1300.7,1536.02
903764,2026-03-31,1928.69,5480.72
903796,2026-03-31,593.2,4440.02
903811,2026-03-31,1083.38,6499.52
903815,2026-03-31,541.61,428.75
903843,2026-03-31,2265.54,2428.44
903847,2026-03-31,2226.33,3307.96
903856,2026-03-31,267.71,727.53
903868,2026-03-31,1272.34,2197.95
903881,2026-03-31,318.54,982.36
903951,2026-03-31,1256.27,484.94
903953,2026-03-31,461.34,336.73
904006,2026-03-31,479.6,3739.91
904013,2026-03-31,432.26,1781.09
904015,2026-03-31,1568.03,4035.71
904022,2026-03-31,4522.33,1523.42
904039,2026-03-31,2238.24,8152.23
904084,2026-03-31,2865.01,1118.42
904149,2026-03-31,1128.32,3817.6
904151,2026-03-31,475.5,1398.4
904158,2026-03-31,1572.98,4831.18
904176,2026-03-31,555.49,2657.18
904189,2026-03-31,1415.91,1641.37
904226,2026-03-31,1958.75,3107.71
904237,2026-03-31,1173.11,2204.88
904254,2026-03-31,596.07,3221.78
904291,2026-03-31,1265.22,578.63
904303,2026-03-31,694.01,711.31
904306,2026-03-31,2249.66,3170.84
904327,2026-03-31,336.9,240.35
904335,2026-03-31,68.93,464.6
904336,2026-03-31,1654.84,649.24
904343,2026-03-31,3721.48,2751.74
904349,2026-03-31,288.77,274.46
904394,2026-03-31,1376.57,6284.31
904397,2026-03-31,858.63,5347.29
904436,2026-03-31,1882.59,874.75
904445,2026-03-31,215.53,1654.36
904450,2026-03-31,1136.4,3685.05
904453,2026-03-31,1161.83,1259.03
904457,2026-03-31,3215.36,5589.43
904460,2026-03-31,2615.56,916.09
904491,2026-03-31,1299.18,4254.67
904528,2026-03-31,3771.68,3743.98
904575,2026-03-31,2136.37,9048.48
904576,2026-03-31,3939.6,2227.58
904645,2026-03-31,3313.98,3491.92
904647,2026-03-31,517.7,2584.12
904655,2026-03-31,2474.08,1017.16
904682,2026-03-31,126.21,663.04
904710,2026-03-31,259.7,893.85
904716,2026-03-31,740.36,3889.85
904718,2026-03-31,1917.53,5380.56
904748,2026-03-31,2324.56,1483.17
904757,2026-03-31,533.62,2574.56
904791,2026-03-31,4027.98,3136.32
904829,2026-03-31,2294.8,3437.9
904873,2026-03-31,918.09,4378.54
904876,2026-03-31,688.87,439.46
904934,2026-03-31,3513.78,3405.94
904940,2026-03-31,2601.83,4587.4
904954,2026-03-31,787.26,2975.72
904976,2026-03-31,1053.47,3033.11
905019,2026-03-31,368.08,1420.69
905036,2026-03-31,2521.38,6029.34
905043,2026-03-31,6255.68,3021.13
905054,2026-03-31,248.85,1536.8
905093,2026-03-31,2376.96,8930.71
905104,2026-03-31,1154.35,1028.24
905115,2026-03-31,1689.37,4516.1
905118,2026-03-31,3777.67,1249.32
905140,2026-03-31,1020.56,3126.38
905152,2026-03-31,423.19,404.92
905170,2026-03-31,1989.76,2560.62
905180,2026-03-31,4437.97,2772.05
905190,2026-03-31,1713.4,634.76
905233,2026-03-31,1670.37,6028.48
905247,2026-03-31,2873.35,7869.89
905287,2026-03-31,1715.94,5009.84
905300,2026-03-31,2077.48,2370.65
905316,2026-03-31,428.5,2420.03
905329,2026-03-31,417.39,1717.26
905334,2026-03-31,4653.14,1239.38
905345,2026-03-31,1010.82,2360.1
905351,2026-03-31,2235.76,8141.68
905356,2026-03-31,1123.28,1782.11
905360,2026-03-31,2506.68,6684.07
905362,2026-03-31,3677.53,3321.75
905377,2026-03-31,1733.16,7363.56
905382,2026-03-31,1309.3,4417.63
905397,2026-03-31,2259.28,2098.49
905410,2026-03-31,1205.65,5689.45
905412,2026-03-31,1590.04,6234.76
905435,2026-03-31,1530.25,4560.26
905445,2026-03-31,3275.85,1170.24
905488,2026-03-31,1695.32,4380.0
905493,2026-03-31,945.62,6831.71
905504,2026-03-31,1398.31,2312.4
905509,2026-03-31,1994.74,1864.51
905545,2026-03-31,976.84,352.63
905556,2026-03-31,257.85,528.7
905570,2026-03-31,2211.45,5918.88
905572,2026-03-31,4438.59,2246.16
905592,2026-03-31,1404.38,4517.52
905610,2026-03-31,1614.69,6227.71
905659,2026-03-31,747.63,1542.51
905662,2026-03-31,527.97,1405.83
905669,2026-03-31,4249.41,1984.59
905712,2026-03-31,390.14,125.66
905719,2026-03-31,5397.91,1951.03
905770,2026-03-31,888.08,936.84
905793,2026-03-31,4403.18,3229.74
905796,2026-03-31,4696.7,1298.95
905817,2026-03-31,2661.14,1943.9
905838,2026-03-31,249.18,1840.37
905840,2026-03-31,1986.33,5434.67
905850,2026-03-31,2257.55,4825.45
905853,2026-03-31,1346.78,641.02
905864,2026-03-31,3636.24,1145.73
905872,2026-03-31,238.98,292.36
905896,2026-03-31,1683.91,4704.89
905909,2026-03-31,4533.12,1138.58
905919,2026-03-31,633.54,1268.93
905942,2026-03-31,2446.2,5559.09
905955,2026-03-31,257.5,779.32
905977,2026-03-31,2585.53,9228.23
905987,2026-03-31,333.9,305.45
906005,2026-03-31,1825.81,5565.5
906027,2026-03-31,858.63,1956.66
906044,2026-03-31,2105.24,4203.44
906048,2026-03-31,1377.79,1759.79
906075,2026-03-31,343.43,963.91
906107,2026-03-31,1640.87,4598.99
906114,2026-03-31,3089.29,2521.61
906123,2026-03-31,4035.64,3229.19
906132,2026-03-31,1120.83,471.0
906139,2026-03-31,2129.47,6355.84
906156,2026-03-31,403.51,264.48
906166,2026-03-31,3498.03,2700.05
906186,2026-03-31,2494.84,9347.99
906213,2026-03-31,1870.7,2696.77
906228,2026-03-31,2310.3,6822.49
906231,2026-03-31,755.1,2493.52
906258,2026-03-31,1231.0,3256.94
906281,2026-03-31,2291.05,1676.8
906289,2026-03-31,394.09,1533.35
906292,2026-03-31,3108.25,6796.67
906314,2026-03-31,642.57,2117.21
906340,2026-03-31,1659.71,614.4
906350,2026-03-31,5283.45,3117.5
906368,2026-03-31,626.46,4702.74
906379,2026-03-31,1649.67,5716.63
906438,2026-03-31,1688.16,1186.1
906460,2026-03-31,1248.66,3799.78
906465,2026-03-31,1556.45,987.53
906506,2026-03-31,3236.31,9654.46
906535,2026-03-31,812.45,678.82
906542,2026-03-31,1370.53,4649.63
906559,2026-03-31,1333.87,7871.59
906561,2026-03-31,490.85,632.96
906573,2026-03-31,799.46,2247.24
906583,2026-03-31,270.61,872.26
906590,2026-03-31,993.92,1876.03
906620,2026-03-31,1474.37,8002.75
906632,2026-03-31,1702.67,1551.1
906663,2026-03-31,3278.56,3483.08
906673,2026-03-31,575.35,1814.42
906704,2026-03-31,243.91,526.18
906711,2026-03-31,1218.18,802.63
906712,2026-03-31,2163.94,4151.77
906716,2026-03-31,675.96,3237.18
906718,2026-03-31,642.49,2133.49
906727,2026-03-31,2025.93,3620.65
906739,2026-03-31,4366.98,1244.04
906740,2026-03-31,1040.6,1441.3
906759,2026-03-31,1910.59,2225.41
906765,2026-03-31,661.15,2025.21
906772,2026-03-31,366.91,1013.94
906774,2026-03-31,1921.34,597.16
906816,2026-03-31,1448.05,4704.13
906822,2026-03-31,918.3,2855.21
906834,2026-03-31,2534.05,4307.45
906837,2026-03-31,410.32,2569.49
906839,2026-03-31,2114.92,5609.52
906862,2026-03-31,1517.44,6008.41
906866,2026-03-31,1213.55,5293.83
906880,2026-03-31,1783.19,4085.9
906947,2026-03-31,1376.35,457.73
906960,2026-03-31,3718.53,2967.37
906973,2026-03-31,275.63,567.76
907001,2026-03-31,2501.82,6864.97
907072,2026-03-31,2470.66,1540.23
907079,2026-03-31,238.25,1010.82
907085,2026-03-31,2406.33,765.82
907092,2026-03-31,809.55,2378.24
907111,2026-03-31,361.3,1343.69
907119,2026-03-31,1991.86,502.19
907122,2026-03-31,1261.09,3769.25
907146,2026-03-31,4394.6,2576.09
907155,2026-03-31,684.1,4591.4
907169,2026-03-31,1249.1,329.9
907182,2026-03-31,1096.59,426.71
907187,2026-03-31,1371.53,7196.79
907199,2026-03-31,2432.92,2645.31
907237,2026-03-31,1588.18,6667.93
907251,2026-03-31,1206.64,3384.45
907254,2026-03-31,330.31,645.09
907261,2026-03-31,430.26,850.02
907262,2026-03-31,451.65,493.22
907295,2026-03-31,189.98,386.81
907300,2026-03-31,4240.7,1377.0
907331,2026-03-31,2035.42,7040.07
907339,2026-03-31,2664.76,1864.72
907341,2026-03-31,1753.75,1335.83
907372,2026-03-31,2660.91,1707.32
907376,2026-03-31,662.83,3514.89
907391,2026-03-31,552.57,2094.45
907394,2026-03-31,3177.34,3487.14
907416,2026-03-31,408.02,922.46
907443,2026-03-31,1168.63,1037.39
907444,2026-03-31,812.03,3656.03
907451,2026-03-31,908.8,2679.07
907460,2026-03-31,990.44,2043.63
907485,2026-03-31,1394.74,6125.19
907486,2026-03-31,296.3,868.97
907508,2026-03-31,357.78,1769.08
907531,2026-03-31,1294.92,5543.51
907556,2026-03-31,985.62,5056.88
907566,2026-03-31,1192.3,808.79
907591,2026-03-31,639.16,1243.5
907593,2026-03-31,1912.65,1412.71
907621,2026-03-31,1725.17,6046.13
907636,2026-03-31,1171.72,5499.34
907641,2026-03-31,1235.0,2089.79
907643,2026-03-31,638.67,1974.38
907671,2026-03-31,1624.91,744.5
907674,2026-03-31,489.76,1472.09
907678,2026-03-31,686.39,384.39
907684,2026-03-31,6317.3,2657.04
907688,2026-03-31,1697.71,3741.04
907733,2026-03-31,200.93,970.62
907752,2026-03-31,3633.68,1376.33
907754,2026-03-31,5129.33,1618.87
907761,2026-03-31,4000.37,2597.99
907770,2026-03-31,961.53,647.44
907774,2026-03-31,1256.64,4685.72
907783,2026-03-31,620.87,572.67
907800,2026-03-31,594.76,2818.49
907844,2026-03-31,2006.08,2629.8
907877,2026-03-31,2276.17,6158.33
907879,2026-03-31,1251.43,2634.16
907885,2026-03-31,709.01,2968.9
907893,2026-03-31,1252.66,8846.53
907915,2026-03-31,680.8,859.02
907919,2026-03-31,843.55,5985.19
907937,2026-03-31,216.98,1230.16
907950,2026-03-31,1796.85,8896.92
907971,2026-03-31,2171.71,6876.5
907983,2026-03-31,2015.19,7200.68
908002,2026-03-31,426.49,2155.97
908004,2026-03-31,2513.43,1182.21
908017,2026-03-31,3201.3,3246.35
908084,2026-03-31,2346.85,5135.05
908103,2026-03-31,4178.89,4643.42
908105,2026-03-31,5434.22,2943.7
908106,2026-03-31,2859.94,6764.01
908133,2026-03-31,2743.31,1002.44
908134,2026-03-31,1573.36,5947.89
908154,2026-03-31,1852.56,1828.09
908177,2026-03-31,1264.41,5774.35
908219,2026-03-31,1963.96,1925.4
908230,2026-03-31,762.47,272.21
908289,2026-03-31,1988.13,1039.09
908291,2026-03-31,3056.86,3289.11
908294,2026-03-31,659.33,583.05
908352,2026-03-31,4689.01,2376.97
908392,2026-03-31,4225.13,2196.87
908401,2026-03-31,1609.96,1732.93
908425,2026-03-31,683.37,5061.08
908427,2026-03-31,2711.4,9247.54
908449,2026-03-31,677.81,1178.1
908521,2026-03-31,188.68,761.88
908539,2026-03-31,1103.24,3151.03
908557,2026-03-31,1484.64,7190.81
908567,2026-03-31,1943.2,8660.46
908582,2026-03-31,265.42,595.86
908589,2026-03-31,176.89,648.05
908590,2026-03-31,1062.02,4938.34
908609,2026-03-31,940.98,6391.82
908620,2026-03-31,4750.36,2520.2
908623,2026-03-31,4720.48,1630.99
908643,2026-03-31,403.23,404.38
908653,2026-03-31,4813.87,1549.55
908677,2026-03-31,926.45,4429.84
908681,2026-03-31,2385.4,6341.44
908691,2026-03-31,1881.86,7123.5
908693,2026-03-31,3318.82,1647.93
908727,2026-03-31,4694.06,2864.67
908732,2026-03-31,2653.83,2148.57
908789,2026-03-31,1719.25,5795.87
908811,2026-03-31,1920.38,1329.47
908834,2026-03-31,3250.29,6596.33
908862,2026-03-31,340.88,1035.54
908879,2026-03-31,704.26,485.3
908882,2026-03-31,585.65,4211.46
908886,2026-03-31,5172.14,2724.42
908892,2026-03-31,2360.8,4452.1
908922,2026-03-31,1154.96,423.33
908926,2026-03-31,1712.42,4803.78
908929,2026-03-31,3423.41,3173.95
908934,2026-03-31,3981.56,1776.49
908939,2026-03-31,3497.14,2687.65
900020,2026-04-30,427.56,907.9
900030,2026-04-30,302.06,1612.97
900042,2026-04-30,1677.27,1783.97
900052,2026-04-30,1009.66,2428.71
900056,2026-04-30,368.71,115.79
900076,2026-04-30,2485.91,6034.82
900091,2026-04-30,1593.96,5482.71
900098,2026-04-30,1379.03,3357.53
900103,2026-04-30,4112.54,1577.78
900131,2026-04-30,184.83,516.33
900136,2026-04-30,844.55,4640.57
900157,2026-04-30,1965.29,5314.4
900159,2026-04-30,1876.6,557.11
900214,2026-04-30,1361.07,1100.58
900232,2026-04-30,1594.63,1273.67
900263,2026-04-30,4650.92,2539.56
900270,2026-04-30,1681.57,7241.08
900280,2026-04-30,1145.05,6138.92
900302,2026-04-30,657.93,4736.59
900329,2026-04-30,1290.95,4931.47
900348,2026-04-30,3692.48,1274.32
900355,2026-04-30,3404.59,1964.88
900401,2026-04-30,3078.3,998.49
900414,2026-04-30,186.32,609.16
900416,2026-04-30,1516.04,7205.88
900419,2026-04-30,3153.66,1230.08
900433,2026-04-30,1379.04,2153.67
900444,2026-04-30,225.39,716.32
900477,2026-04-30,4306.93,2376.3
900522,2026-04-30,1434.87,560.26
900551,2026-04-30,369.77,1317.14
900582,2026-04-30,2294.61,4684.35
900616,2026-04-30,3027.87,3565.24
900634,2026-04-30,4143.81,1190.11
900640,2026-04-30,157.89,491.88
900652,2026-04-30,141.64,623.23
900661,2026-04-30,690.62,679.41
900669,2026-04-30,1849.53,5580.97
900680,2026-04-30,339.46,421.15
900686,2026-04-30,3891.93,2489.11
900710,2026-04-30,1130.95,3693.63
900715,2026-04-30,4793.88,1697.97
900739,2026-04-30,5225.17,1795.03
900750,2026-04-30,1060.73,902.33
900754,2026-04-30,1635.56,2848.88
900774,2026-04-30,311.87,731.43
900777,2026-04-30,2475.48,5569.62
900778,2026-04-30,4459.28,1483.42
900786,2026-04-30,785.97,2452.56
900804,2026-04-30,827.5,1894.61
900825,2026-04-30,1587.11,929.74
900827,2026-04-30,3673.39,2291.62
900828,2026-04-30,184.8,525.74
900853,2026-04-30,2381.11,686.72
900901,2026-04-30,1545.93,746.56
900919,2026-04-30,2041.77,1599.25
900953,2026-04-30,747.98,326.6
900958,2026-04-30,1441.32,4450.72
900961,2026-04-30,886.21,1272.19
900985,2026-04-30,2258.34,6478.63
900991,2026-04-30,824.07,2012.17
901022,2026-04-30,2033.74,2646.69
901023,2026-04-30,1966.37,6303.98
901031,2026-04-30,350.89,346.15
901037,2026-04-30,91.3,442.83
901070,2026-04-30,411.27,1578.36
901084,2026-04-30,944.44,5244.26
901091,2026-04-30,1779.51,5698.52
901099,2026-04-30,1488.77,5791.9
901107,2026-04-30,3232.58,2710.8
901117,2026-04-30,751.82,4289.04
901141,2026-04-30,981.61,4934.39
901156,2026-04-30,5066.73,1828.38
901169,2026-04-30,446.34,328.54
901193,2026-04-30,5182.5,1657.72
901194,2026-04-30,3549.84,4863.55
901228,2026-04-30,1707.98,3879.81
901251,2026-04-30,397.39,282.7
901269,2026-04-30,2707.03,1042.58
901280,2026-04-30,3869.58,1520.65
901293,2026-04-30,2013.18,3989.46
901294,2026-04-30,3863.07,3256.79
901312,2026-04-30,794.43,221.49
901344,2026-04-30,4403.29,1614.99
901353,2026-04-30,2341.54,1828.59
901354,2026-04-30,1130.67,4725.57
901361,2026-04-30,1631.41,4113.59
901363,2026-04-30,658.67,3325.71
901372,2026-04-30,470.96,718.36
901383,2026-04-30,3431.07,826.89
901431,2026-04-30,1615.67,4565.42
901445,2026-04-30,541.03,2200.03
901464,2026-04-30,2246.07,928.57
901474,2026-04-30,496.3,1586.45
901478,2026-04-30,2998.67,2932.75
901504,2026-04-30,3016.5,3911.0
901509,2026-04-30,125.16,932.33
901537,2026-04-30,561.43,2266.19
901558,2026-04-30,1619.16,5625.67
901607,2026-04-30,4724.85,4743.91
901614,2026-04-30,3764.69,3326.74
901623,2026-04-30,1602.16,1412.82
901630,2026-04-30,2077.64,2594.05
901647,2026-04-30,3566.36,4230.0
901688,2026-04-30,2329.32,5085.26
901691,2026-04-30,1398.13,6100.88
901728,2026-04-30,2447.62,9365.85
901744,2026-04-30,2197.5,2546.62
901759,2026-04-30,199.33,872.68
901786,2026-04-30,1173.21,7220.61
901794,2026-04-30,5635.35,1825.22
901808,2026-04-30,2943.31,1443.73
901816,2026-04-30,892.7,813.77
901837,2026-04-30,4432.6,2880.09
901840,2026-04-30,3024.61,1588.52
901877,2026-04-30,2392.1,725.64
901903,2026-04-30,4492.77,1318.52
901913,2026-04-30,266.9,995.3
901959,2026-04-30,2395.93,5406.78
901960,2026-04-30,3243.62,7116.76
901966,2026-04-30,755.14,1911.66
901972,2026-04-30,1522.7,4244.57
901977,2026-04-30,600.84,2532.84
901984,2026-04-30,462.3,436.13
902000,2026-04-30,1329.91,1891.72
902011,2026-04-30,2129.82,1555.59
902029,2026-04-30,2615.26,9427.51
902045,2026-04-30,1132.64,2726.02
902072,2026-04-30,1333.12,310.3
902127,2026-04-30,1535.3,2249.36
902141,2026-04-30,285.8,241.6
902157,2026-04-30,2126.9,774.37
902213,2026-04-30,1279.06,2626.6
902218,2026-04-30,2290.54,5977.21
902251,2026-04-30,1294.03,7062.28
902265,2026-04-30,1147.5,2256.3
902281,2026-04-30,1540.54,3664.72
902284,2026-04-30,1432.32,939.08
902289,2026-04-30,1552.6,884.83
902290,2026-04-30,1328.78,8672.73
902301,2026-04-30,390.04,182.39
902341,2026-04-30,1867.03,1765.28
902362,2026-04-30,1310.34,3626.13
902364,2026-04-30,193.76,747.03
902380,2026-04-30,4843.78,1995.57
902389,2026-04-30,811.3,4040.45
902425,2026-04-30,1199.57,2852.98
902428,2026-04-30,2015.4,829.68
902431,2026-04-30,397.8,150.03
902446,2026-04-30,4052.19,1804.99
902465,2026-04-30,1762.83,4483.27
902482,2026-04-30,605.55,364.23
902490,2026-04-30,287.16,1537.37
902493,2026-04-30,2383.5,5974.79
902511,2026-04-30,1644.21,3532.19
902520,2026-04-30,2591.0,890.82
902532,2026-04-30,1289.18,4536.48
902629,2026-04-30,396.36,885.64
902644,2026-04-30,3149.64,2805.65
902654,2026-04-30,4127.49,1864.18
902664,2026-04-30,979.65,4755.92
902673,2026-04-30,2047.8,2397.77
902712,2026-04-30,1003.05,2794.45
902727,2026-04-30,1527.89,1756.95
902729,2026-04-30,5143.61,2470.8
902774,2026-04-30,825.87,4715.69
902788,2026-04-30,912.52,606.58
902805,2026-04-30,1291.49,6792.13
902807,2026-04-30,1239.09,3198.63
902808,2026-04-30,2885.85,2707.99
902832,2026-04-30,936.26,4306.15
902858,2026-04-30,256.71,122.22
902886,2026-04-30,4154.64,1730.36
902910,2026-04-30,2235.24,4312.15
902922,2026-04-30,968.73,3376.11
902958,2026-04-30,1810.39,7595.73
902966,2026-04-30,2800.76,2671.3
902969,2026-04-30,1881.37,6093.85
902975,2026-04-30,919.25,677.84
902981,2026-04-30,392.24,983.65
902986,2026-04-30,1010.01,3349.66
903007,2026-04-30,3541.32,3022.24
903020,2026-04-30,744.31,656.28
903084,2026-04-30,1417.2,409.16
903103,2026-04-30,2430.26,2457.11
903104,2026-04-30,2761.55,9063.3
903132,2026-04-30,3145.86,5668.01
903154,2026-04-30,789.57,700.61
903184,2026-04-30,443.74,1121.72
903229,2026-04-30,3851.38,2541.42
903256,2026-04-30,962.82,1135.05
903261,2026-04-30,4134.34,2202.33
903368,2026-04-30,625.35,1146.29
903374,2026-04-30,729.85,585.54
903385,2026-04-30,444.29,460.81
903403,2026-04-30,1763.1,4703.16
903461,2026-04-30,700.58,2631.25
903463,2026-04-30,694.63,422.08
903514,2026-04-30,790.72,522.42
903536,2026-04-30,2997.16,4124.22
903561,2026-04-30,2542.51,910.76
903579,2026-04-30,422.53,1596.47
903580,2026-04-30,807.66,1449.52
903586,2026-04-30,1716.43,1803.32
903590,2026-04-30,1276.56,7323.73
903598,2026-04-30,856.19,2430.33
903616,2026-04-30,998.57,2946.88
903627,2026-04-30,141.08,440.0
903643,2026-04-30,433.97,874.23
903648,2026-04-30,459.95,1311.31
903709,2026-04-30,4584.6,1777.97
903713,2026-04-30,3290.1,3745.06
903720,2026-04-30,3778.14,3092.38
903764,2026-04-30,286.89,1495.26
903771,2026-04-30,1099.12,772.72
903785,2026-04-30,1094.19,759.08
903794,2026-04-30,1800.89,8168.44
903796,2026-04-30,2087.7,6301.61
903811,2026-04-30,922.58,3751.12
903815,2026-04-30,2865.89,2098.41
903843,2026-04-30,2330.21,1321.42
903856,2026-04-30,401.88,2555.67
903912,2026-04-30,1405.58,3985.14
903936,2026-04-30,1259.73,9395.4
903951,2026-04-30,4399.59,2774.38
904008,2026-04-30,3818.5,3146.93
904022,2026-04-30,745.18,326.53
904041,2026-04-30,363.5,1421.06
904081,2026-04-30,954.3,867.77
904140,2026-04-30,3610.79,3035.51
904176,2026-04-30,2625.07,6744.47
904193,2026-04-30,3018.49,2296.11
904217,2026-04-30,5457.56,2146.25
904226,2026-04-30,2014.97,5553.0
904236,2026-04-30,5465.37,2849.69
904237,2026-04-30,1078.88,4731.18
904291,2026-04-30,2683.18,1553.79
904303,2026-04-30,910.67,1331.97
904336,2026-04-30,2527.35,828.74
904343,2026-04-30,2268.59,851.98
904349,2026-04-30,3765.12,2922.86
904364,2026-04-30,1627.73,959.9
904366,2026-04-30,3413.14,3491.1
904397,2026-04-30,1167.89,2456.87
904436,2026-04-30,1865.46,1231.73
904446,2026-04-30,4544.67,1706.01
904450,2026-04-30,2726.65,4507.44
904452,2026-04-30,1667.44,9063.56
904457,2026-04-30,893.86,3291.38
904460,2026-04-30,3920.39,1916.99
904478,2026-04-30,3819.39,3383.36
904480,2026-04-30,2469.04,8218.91
904491,2026-04-30,383.47,872.11
904528,2026-04-30,1861.27,1661.91
904575,2026-04-30,1386.94,5048.77
904645,2026-04-30,623.72,710.02
904652,2026-04-30,1132.74,4918.8
904655,2026-04-30,1241.6,622.79
904682,2026-04-30,642.61,2077.11
904685,2026-04-30,2768.91,3349.23
904726,2026-04-30,645.64,1666.55
904740,2026-04-30,1991.25,3643.29
904748,2026-04-30,4375.18,2462.69
904791,2026-04-30,3264.59,1330.58
904794,2026-04-30,383.77,196.62
904797,2026-04-30,268.61,631.65
904829,2026-04-30,1101.81,7797.6
904851,2026-04-30,3284.87,2517.25
904852,2026-04-30,1171.88,5325.81
904873,2026-04-30,654.89,2180.15
904917,2026-04-30,1918.65,7403.67
904954,2026-04-30,2545.28,7436.89
905036,2026-04-30,1653.68,4210.8
905058,2026-04-30,2271.9,4783.12
905060,2026-04-30,1240.31,2906.84
905093,2026-04-30,1355.62,3846.41
905115,2026-04-30,196.33,1481.13
905124,2026-04-30,1490.39,605.77
905133,2026-04-30,2585.65,733.79
905152,2026-04-30,3914.19,3054.52
905170,2026-04-30,980.93,605.57
905188,2026-04-30,2075.21,1036.72
905190,2026-04-30,355.97,215.36
905218,2026-04-30,3988.01,2747.66
905233,2026-04-30,570.62,1328.57
905295,2026-04-30,1665.4,4605.87
905300,2026-04-30,650.29,470.01
905316,2026-04-30,542.19,2218.41
905318,2026-04-30,4529.69,4827.93
905334,2026-04-30,998.66,570.84
905351,2026-04-30,1915.22,5005.77
905356,2026-04-30,1365.42,3722.25
905362,2026-04-30,445.11,536.36
905374,2026-04-30,593.58,453.81
905383,2026-04-30,1038.13,1891.49
905386,2026-04-30,4064.19,1614.25
905410,2026-04-30,1450.12,4371.55
905412,2026-04-30,3067.39,6372.34
905435,2026-04-30,502.26,2122.07
905445,2026-04-30,2869.53,1221.55
905455,2026-04-30,1348.97,4681.57
905464,2026-04-30,978.26,2563.98
905488,2026-04-30,2665.03,8265.43
905533,2026-04-30,2527.96,2367.94
905544,2026-04-30,2518.72,2696.99
905545,2026-04-30,2934.71,1497.79
905570,2026-04-30,3236.77,5413.76
905572,2026-04-30,4642.05,2547.73
905592,2026-04-30,1110.8,6994.09
905598,2026-04-30,3525.14,2665.84
905610,2026-04-30,2022.84,8470.46
905614,2026-04-30,2371.49,5991.81
905616,2026-04-30,3463.77,8674.63
905630,2026-04-30,836.1,1170.44
905662,2026-04-30,599.78,1418.27
905680,2026-04-30,6186.92,1678.68
905683,2026-04-30,1957.75,2485.9
905712,2026-04-30,836.29,443.66
905721,2026-04-30,2121.72,6345.45
905788,2026-04-30,1789.31,2231.86
905793,2026-04-30,2463.94,2591.92
905817,2026-04-30,717.93,728.5
905841,2026-04-30,4117.64,1489.49
905857,2026-04-30,812.09,4600.06
905872,2026-04-30,2392.31,1938.29
905885,2026-04-30,951.33,909.23
905909,2026-04-30,4401.47,1119.57
905955,2026-04-30,3135.51,7479.22
905957,2026-04-30,1453.38,2636.8
905987,2026-04-30,397.11,590.51
906027,2026-04-30,762.91,3392.12
906030,2026-04-30,1298.65,547.52
906048,2026-04-30,3026.33,4278.27
906114,2026-04-30,1513.57,1351.73
906123,2026-04-30,235.54,211.05
906127,2026-04-30,717.52,2201.45
906132,2026-04-30,4160.59,2377.55
906139,2026-04-30,782.13,2432.87
906184,2026-04-30,2573.94,6560.53
906186,2026-04-30,1491.28,3615.35
906281,2026-04-30,3825.59,2400.74
906283,2026-04-30,1034.01,3967.34
906285,2026-04-30,243.77,783.27
906312,2026-04-30,1899.26,3391.21
906340,2026-04-30,2997.79,1545.75
906350,2026-04-30,2031.82,967.29
906368,2026-04-30,580.93,2244.52
906460,2026-04-30,677.37,3657.24
906483,2026-04-30,520.13,2601.92
906485,2026-04-30,1065.33,615.7
906501,2026-04-30,158.51,1144.25
906560,2026-04-30,3311.75,1143.2
906573,2026-04-30,545.33,1773.73
906582,2026-04-30,2984.32,5661.25
906583,2026-04-30,464.3,1192.47
906590,2026-04-30,173.4,626.03
906620,2026-04-30,270.97,1646.21
906632,2026-04-30,2034.65,1831.65
906651,2026-04-30,1797.13,6397.8
906673,2026-04-30,1431.13,3171.29
906711,2026-04-30,1198.43,897.07
906716,2026-04-30,2598.79,5156.6
906759,2026-04-30,4126.13,4690.69
906819,2026-04-30,2732.83,7288.41
906821,2026-04-30,3022.54,1017.53
906834,2026-04-30,1961.38,2152.31
906837,2026-04-30,1213.06,5915.48
906839,2026-04-30,202.0,1008.89
906880,2026-04-30,1362.2,3809.27
906937,2026-04-30,929.24,1286.24
906947,2026-04-30,2311.52,1155.35
906960,2026-04-30,1461.01,1402.28
906973,2026-04-30,1349.96,4499.86
907072,2026-04-30,3085.82,2943.44
907079,2026-04-30,1524.79,5356.79
907116,2026-04-30,1433.34,6876.47
907119,2026-04-30,1963.87,788.46
907124,2026-04-30,4229.72,1790.33
907146,2026-04-30,2154.14,669.06
907166,2026-04-30,3908.85,1406.43
907167,2026-04-30,2021.94,934.75
907187,2026-04-30,1702.83,3433.7
907199,2026-04-30,2745.45,3027.44
907237,2026-04-30,394.71,1134.68
907251,2026-04-30,954.87,4781.21
907272,2026-04-30,533.45,1798.88
907295,2026-04-30,2475.37,6997.19
907320,2026-04-30,3490.98,1884.75
907328,2026-04-30,3152.39,2949.06
907331,2026-04-30,1975.93,5826.31
907339,2026-04-30,240.78,286.42
907341,2026-04-30,593.53,377.8
907371,2026-04-30,786.97,2577.65
907376,2026-04-30,603.86,2059.06
907394,2026-04-30,3887.65,3379.22
907416,2026-04-30,2637.95,6511.94
907426,2026-04-30,3113.92,2717.12
907443,2026-04-30,3821.34,2706.01
907451,2026-04-30,930.66,2091.94
907460,2026-04-30,493.26,2387.51
907485,2026-04-30,2230.66,3397.37
907486,2026-04-30,1267.16,5174.01
907508,2026-04-30,2683.77,4402.47
907531,2026-04-30,2139.73,5390.81
907537,2026-04-30,3244.23,2915.03
907556,2026-04-30,686.53,2362.74
907566,2026-04-30,3942.06,1928.4
907591,2026-04-30,1931.61,5948.35
907593,2026-04-30,3992.72,1871.59
907596,2026-04-30,2131.24,5147.06
907606,2026-04-30,867.36,3944.46
907630,2026-04-30,1134.53,5701.09
907642,2026-04-30,1311.19,5343.92
907654,2026-04-30,296.09,808.43
907671,2026-04-30,1487.07,930.67
907674,2026-04-30,2497.09,8783.23
907678,2026-04-30,3341.46,975.03
907720,2026-04-30,684.35,2436.71
907733,2026-04-30,265.43,1226.47
907735,2026-04-30,1272.13,2032.23
907752,2026-04-30,2592.0,1244.13
907755,2026-04-30,722.66,2949.33
907758,2026-04-30,4395.09,1322.94
907761,2026-04-30,3639.74,4005.46
907770,2026-04-30,312.52,124.33
907774,2026-04-30,347.73,619.02
907782,2026-04-30,3002.01,4896.66
907783,2026-04-30,2331.96,1843.22
907800,2026-04-30,1345.9,4648.73
907818,2026-04-30,2528.28,1165.51
907844,2026-04-30,1121.05,879.28
907849,2026-04-30,1244.68,2545.34
907877,2026-04-30,1720.46,3680.21
907915,2026-04-30,1399.1,1461.86
907937,2026-04-30,559.33,3129.15
907950,2026-04-30,2617.86,5083.95
907951,2026-04-30,4517.23,3171.13
907964,2026-04-30,600.86,3937.91
907971,2026-04-30,185.88,333.39
908004,2026-04-30,1805.98,657.32
908006,2026-04-30,269.44,1778.83
908017,2026-04-30,3463.75,4224.57
908038,2026-04-30,3704.59,3368.91
908039,2026-04-30,1510.65,6104.41
908084,2026-04-30,765.87,2360.67
908103,2026-04-30,2546.86,2864.74
908105,2026-04-30,2406.02,1083.67
908134,2026-04-30,1117.42,4205.04
908177,2026-04-30,3121.52,8573.37
908180,2026-04-30,3363.52,4076.16
908188,2026-04-30,696.45,3127.6
908228,2026-04-30,558.35,1334.4
908258,2026-04-30,443.35,152.85
908275,2026-04-30,2422.23,4543.9
908289,2026-04-30,907.22,369.26
908291,2026-04-30,1461.15,1376.2
908294,2026-04-30,1042.08,707.25
908352,2026-04-30,2003.36,675.09
908353,2026-04-30,294.76,860.76
908360,2026-04-30,2505.08,3571.89
908383,2026-04-30,5216.86,1952.52
908392,2026-04-30,2514.75,1092.71
908401,2026-04-30,4760.9,3965.84
908417,2026-04-30,2043.96,800.7
908425,2026-04-30,389.1,1408.27
908427,2026-04-30,1707.26,4389.58
908430,2026-04-30,1672.28,1348.01
908449,2026-04-30,328.01,584.06
908461,2026-04-30,1651.05,4536.77
908499,2026-04-30,547.38,2027.63
908501,2026-04-30,1155.72,753.13
908521,2026-04-30,544.89,2708.09
908532,2026-04-30,4502.3,1523.88
908557,2026-04-30,350.15,2240.26
908567,2026-04-30,1239.18,3031.07
908572,2026-04-30,1241.51,7186.03
908580,2026-04-30,1803.02,1726.02
908582,2026-04-30,1596.81,3959.8
908589,2026-04-30,574.47,1559.8
908590,2026-04-30,1544.53,3554.24
908607,2026-04-30,531.28,232.83
908609,2026-04-30,1353.87,3760.85
908620,2026-04-30,2726.67,1680.01
908623,2026-04-30,4497.45,2182.37
908645,2026-04-30,6072.9,3179.54
908653,2026-04-30,4396.21,1336.6
908661,2026-04-30,4447.04,2761.72
908665,2026-04-30,964.78,3840.46
908693,2026-04-30,3058.33,1664.0
908700,2026-04-30,1514.05,6132.39
908745,2026-04-30,540.91,711.6
908749,2026-04-30,1474.03,1911.15
908772,2026-04-30,373.83,2001.13
908834,2026-04-30,707.61,1800.45
908860,2026-04-30,1270.21,2405.42
908882,2026-04-30,995.57,3003.5
908886,2026-04-30,5169.49,1960.67
908922,2026-04-30,3863.74,1283.49
908929,2026-04-30,4011.75,3716.43
908934,2026-04-30,2267.37,952.13
908983,2026-04-30,4134.64,2356.43
900042,2026-05-31,1373.75,1238.46
900076,2026-05-31,2306.67,7891.92
900085,2026-05-31,2342.23,7453.73
900137,2026-05-31,2920.52,7534.79
900159,2026-05-31,6242.17,3482.03
900263,2026-05-31,3988.26,1994.09
900270,2026-05-31,2043.32,6737.71
900302,2026-05-31,235.75,1636.8
900306,2026-05-31,1216.17,4473.44
900322,2026-05-31,805.26,3196.55
900329,2026-05-31,349.33,1156.93
900331,2026-05-31,1327.42,578.43
900348,2026-05-31,2942.64,993.47
900355,2026-05-31,4887.52,1592.32
900358,2026-05-31,815.4,1730.05
900414,2026-05-31,1226.17,4895.86
900416,2026-05-31,810.43,2410.33
900417,2026-05-31,1612.51,4073.15
900419,2026-05-31,2593.5,797.52
900446,2026-05-31,918.96,4774.43
900518,2026-05-31,2211.46,2179.08
900522,2026-05-31,4901.7,2614.83
900542,2026-05-31,3196.42,3099.61
900551,2026-05-31,833.05,1544.02
900599,2026-05-31,1187.44,2653.36
900625,2026-05-31,1821.22,5484.85
900640,2026-05-31,1018.52,5749.08
900652,2026-05-31,2082.72,6100.96
900661,2026-05-31,647.77,835.55
900668,2026-05-31,1661.19,1294.53
900669,2026-05-31,1210.4,3355.28
900680,2026-05-31,2721.74,3490.69
900694,2026-05-31,623.89,2675.78
900710,2026-05-31,453.31,2847.24
900715,2026-05-31,2259.65,1643.11
900739,2026-05-31,917.5,568.38
900750,2026-05-31,2416.35,2082.76
900767,2026-05-31,261.44,1147.61
900774,2026-05-31,1029.03,5668.83
900777,2026-05-31,851.05,2259.39
900778,2026-05-31,3052.09,1611.79
900786,2026-05-31,465.26,2154.05
900808,2026-05-31,3565.74,1053.03
900827,2026-05-31,969.56,773.99
900828,2026-05-31,1055.03,2154.95
900898,2026-05-31,476.42,2250.89
900953,2026-05-31,4335.41,2201.85
900961,2026-05-31,4515.08,4943.73
900965,2026-05-31,3477.36,2702.92
900966,2026-05-31,785.63,4853.85
900985,2026-05-31,991.68,2975.61
901002,2026-05-31,866.9,2683.11
901030,2026-05-31,1428.71,3622.22
901031,2026-05-31,2537.96,3514.91
901037,2026-05-31,2823.42,6868.78
901042,2026-05-31,3237.57,7088.0
901059,2026-05-31,406.4,1209.33
901070,2026-05-31,2288.98,6370.82
901092,2026-05-31,1446.1,2392.79
901099,2026-05-31,1252.59,6692.51
901119,2026-05-31,2460.34,2634.65
901141,2026-05-31,1282.93,7626.98
901156,2026-05-31,1850.11,947.2
901169,2026-05-31,5372.85,2078.15
901179,2026-05-31,419.16,107.65
901193,2026-05-31,1109.91,511.42
901194,2026-05-31,1402.36,1119.8
901228,2026-05-31,943.35,2276.29
901251,2026-05-31,2129.98,1451.99
901269,2026-05-31,4562.43,3214.91
901280,2026-05-31,790.22,249.52
901293,2026-05-31,1191.63,3296.97
901294,2026-05-31,1104.43,1064.0
901297,2026-05-31,818.41,4522.52
901304,2026-05-31,3692.64,1984.31
901342,2026-05-31,1222.71,5924.55
901353,2026-05-31,5432.8,1653.52
901361,2026-05-31,1652.46,7075.85
901383,2026-05-31,1331.47,719.71
901429,2026-05-31,4399.19,2046.81
901431,2026-05-31,1496.84,4491.07
901434,2026-05-31,974.66,579.0
901445,2026-05-31,634.75,2706.31
901463,2026-05-31,3039.1,8464.61
901464,2026-05-31,1595.65,703.14
901471,2026-05-31,2064.28,2683.73
901478,2026-05-31,4049.03,3824.0
901482,2026-05-31,1748.11,5244.74
901490,2026-05-31,378.11,988.17
901509,2026-05-31,287.33,1424.49
901538,2026-05-31,2276.67,4104.58
901558,2026-05-31,1154.74,4159.94
901589,2026-05-31,3435.46,3547.88
901630,2026-05-31,1089.51,1295.22
901647,2026-05-31,968.52,921.46
901663,2026-05-31,982.07,4258.2
901681,2026-05-31,137.84,515.41
901732,2026-05-31,71.86,508.28
901785,2026-05-31,1618.25,1671.59
901794,2026-05-31,5246.68,2889.4
901807,2026-05-31,1134.37,1964.16
901808,2026-05-31,1027.29,348.26
901860,2026-05-31,1056.42,2483.02
901869,2026-05-31,5828.95,2787.07
901881,2026-05-31,156.09,334.69
901913,2026-05-31,694.16,2216.41
901952,2026-05-31,304.04,133.6
901959,2026-05-31,1770.38,4873.65
901960,2026-05-31,679.95,2290.17
901966,2026-05-31,934.61,7433.51
901967,2026-05-31,1331.38,3469.81
901972,2026-05-31,348.91,1021.16
902029,2026-05-31,507.13,2267.6
902091,2026-05-31,611.33,280.22
902100,2026-05-31,2821.85,6483.0
902127,2026-05-31,1329.54,1690.6
902141,2026-05-31,2608.72,3814.4
902157,2026-05-31,487.66,204.15
902180,2026-05-31,2715.07,5423.79
902193,2026-05-31,1043.66,398.76
902240,2026-05-31,1358.74,6737.12
902246,2026-05-31,213.81,1187.06
902251,2026-05-31,2613.73,6617.63
902263,2026-05-31,905.07,7166.13
902265,2026-05-31,1431.4,4507.61
902281,2026-05-31,641.05,1786.97
902289,2026-05-31,3158.98,1976.82
902290,2026-05-31,1778.56,4967.49
902301,2026-05-31,1977.36,874.78
902314,2026-05-31,135.72,444.86
902316,2026-05-31,379.22,288.81
902362,2026-05-31,628.77,1623.25
902364,2026-05-31,2811.1,5720.48
902380,2026-05-31,1312.8,719.03
902402,2026-05-31,317.71,91.64
902428,2026-05-31,2221.23,1263.36
902431,2026-05-31,4514.55,2238.73
902446,2026-05-31,1694.32,626.63
902461,2026-05-31,406.03,1201.62
902465,2026-05-31,3245.01,9185.89
902488,2026-05-31,2181.22,1472.96
902493,2026-05-31,1382.45,7915.72
902520,2026-05-31,2772.3,948.92
902526,2026-05-31,236.33,276.11
902548,2026-05-31,592.88,1001.29
902555,2026-05-31,1642.09,2127.47
902629,2026-05-31,707.55,3349.65
902643,2026-05-31,1406.69,2440.35
902649,2026-05-31,609.53,2202.97
902650,2026-05-31,2187.38,5465.78
902664,2026-05-31,451.23,1331.77
902704,2026-05-31,1698.66,3732.34
902727,2026-05-31,757.16,979.99
902731,2026-05-31,3995.95,3914.08
902751,2026-05-31,4151.09,4572.18
902788,2026-05-31,5716.08,2671.4
902791,2026-05-31,394.17,402.78
902805,2026-05-31,1687.47,4772.94
902807,2026-05-31,1753.83,4044.43
902808,2026-05-31,1053.0,1234.37
902825,2026-05-31,235.22,1366.79
902832,2026-05-31,251.87,1540.25
902886,2026-05-31,1318.72,491.51
902910,2026-05-31,2448.03,5902.35
902913,2026-05-31,734.82,2952.04
902922,2026-05-31,1537.3,7956.11
902966,2026-05-31,2887.55,2832.12
902986,2026-05-31,1275.32,2577.45
903020,2026-05-31,2621.16,3784.41
903103,2026-05-31,1524.7,1991.79
903104,2026-05-31,206.83,1131.35
903115,2026-05-31,2818.31,978.32
903122,2026-05-31,2368.27,4364.85
903132,2026-05-31,1631.23,5220.39
903184,2026-05-31,192.2,294.57
903229,2026-05-31,2545.4,1009.43
903240,2026-05-31,2328.89,7676.81
903256,2026-05-31,501.05,540.15
903261,2026-05-31,1873.63,690.82
903266,2026-05-31,1109.21,2050.54
903385,2026-05-31,2302.43,2776.09
903386,2026-05-31,266.16,258.85
903403,2026-05-31,522.94,2828.68
903430,2026-05-31,1615.98,4892.36
903439,2026-05-31,1934.8,986.46
903461,2026-05-31,1338.64,3887.07
903463,2026-05-31,3310.1,2609.43
903485,2026-05-31,1232.46,6602.86
903512,2026-05-31,1178.64,4348.37
903514,2026-05-31,3803.94,1311.03
903521,2026-05-31,2333.32,2579.61
903536,2026-05-31,3122.89,2481.1
903566,2026-05-31,842.66,4813.98
903586,2026-05-31,1476.22,1488.63
903590,2026-05-31,1541.14,4303.82
903598,2026-05-31,433.59,1038.31
903608,2026-05-31,1047.13,485.34
903627,2026-05-31,1634.05,6176.18
903643,2026-05-31,2000.72,5540.61
903648,2026-05-31,2158.63,6733.56
903653,2026-05-31,559.86,2739.83
903684,2026-05-31,1437.83,5406.53
903709,2026-05-31,5004.91,1425.36
903713,2026-05-31,1093.73,1740.58
903720,2026-05-31,4686.11,2752.51
903723,2026-05-31,475.3,516.35
903734,2026-05-31,2240.66,6160.66
903764,2026-05-31,1505.5,6139.51
903771,2026-05-31,2223.45,1858.51
903794,2026-05-31,1137.26,3596.84
903796,2026-05-31,1203.39,2466.49
903811,2026-05-31,711.07,3178.22
903815,2026-05-31,784.86,798.94
903843,2026-05-31,1992.5,1493.26
903856,2026-05-31,2453.87,6377.48
903868,2026-05-31,297.65,302.14
903881,2026-05-31,1282.36,4611.79
903889,2026-05-31,692.34,485.92
903912,2026-05-31,234.81,674.4
903936,2026-05-31,1576.56,6024.37
903951,2026-05-31,4742.96,3405.03
904006,2026-05-31,1657.36,7305.4
904007,2026-05-31,585.66,4013.49
904008,2026-05-31,5966.44,2055.17
904022,2026-05-31,4026.12,2364.02
904039,2026-05-31,1526.69,3764.5
904041,2026-05-31,2741.19,5277.0
904140,2026-05-31,1744.78,1767.47
904149,2026-05-31,2028.98,6615.35
904151,2026-05-31,2572.26,4077.21
904158,2026-05-31,1856.69,4599.7
904193,2026-05-31,615.8,873.94
904226,2026-05-31,1745.27,3271.18
904236,2026-05-31,1368.73,709.78
904254,2026-05-31,1864.07,5395.24
904297,2026-05-31,2357.39,8417.71
904303,2026-05-31,1591.64,1282.75
904306,2026-05-31,1998.02,1643.88
904335,2026-05-31,429.16,1330.21
904343,2026-05-31,2210.04,1059.37
904349,2026-05-31,4150.3,4150.19
904357,2026-05-31,2545.58,5926.17
904366,2026-05-31,1063.03,1081.28
904392,2026-05-31,782.58,2700.85
904397,2026-05-31,2876.16,4806.45
904436,2026-05-31,1335.16,593.43
904446,2026-05-31,2963.52,1278.78
904450,2026-05-31,639.43,2004.37
904457,2026-05-31,86.44,446.83
904460,2026-05-31,5090.88,2532.43
904487,2026-05-31,3015.06,4011.09
904528,2026-05-31,962.51,737.01
904576,2026-05-31,4930.62,3043.31
904645,2026-05-31,2552.33,4224.54
904647,2026-05-31,1253.3,6539.07
904685,2026-05-31,3710.41,3851.5
904710,2026-05-31,1869.82,8765.07
904716,2026-05-31,1037.46,6559.5
904718,2026-05-31,1401.54,3544.86
904726,2026-05-31,438.46,1508.34
904739,2026-05-31,432.06,1730.56
904740,2026-05-31,789.17,3199.86
904748,2026-05-31,3019.52,1098.85
904757,2026-05-31,1019.02,2101.15
904794,2026-05-31,4426.95,2484.57
904797,2026-05-31,1458.29,4315.86
904811,2026-05-31,1747.56,597.65
904829,2026-05-31,1146.32,3225.22
904852,2026-05-31,2254.74,6830.59
904873,2026-05-31,972.81,1825.1
904876,2026-05-31,3128.7,2856.77
904917,2026-05-31,2135.43,7892.63
904934,2026-05-31,264.83,315.11
904940,2026-05-31,600.87,1477.32
904954,2026-05-31,534.68,2022.07
904968,2026-05-31,1999.87,925.21
904976,2026-05-31,1952.32,8698.91
905019,2026-05-31,215.58,420.85
905034,2026-05-31,3551.97,3101.3
905036,2026-05-31,641.08,4758.55
905046,2026-05-31,1578.54,1107.25
905058,2026-05-31,864.67,3094.22
905060,2026-05-31,2256.67,4820.98
905104,2026-05-31,1113.91,1039.42
905115,2026-05-31,1420.22,2726.63
905152,2026-05-31,2049.97,2228.21
905180,2026-05-31,3703.96,1312.02
905190,2026-05-31,2795.36,753.12
905197,2026-05-31,1015.8,738.85
905233,2026-05-31,2435.24,7233.08
905241,2026-05-31,1613.67,8783.21
905247,2026-05-31,184.51,1337.17
905267,2026-05-31,376.76,292.2
905287,2026-05-31,1234.37,8066.21
905295,2026-05-31,643.32,3137.66
905334,2026-05-31,490.19,262.69
905345,2026-05-31,299.39,1321.3
905351,2026-05-31,1166.56,5694.61
905356,2026-05-31,416.05,1677.03
905360,2026-05-31,2403.8,6174.7
905362,2026-05-31,2626.39,2607.15
905377,2026-05-31,2154.08,6361.11
905382,2026-05-31,580.42,1558.06
905386,2026-05-31,310.74,174.0
905455,2026-05-31,497.66,1077.34
905464,2026-05-31,449.39,1718.21
905488,2026-05-31,1654.92,3600.83
905493,2026-05-31,1623.79,5704.95
905504,2026-05-31,2263.08,2952.23
905509,2026-05-31,3750.02,3727.37
905533,2026-05-31,1420.79,1564.93
905545,2026-05-31,4189.5,2646.26
905556,2026-05-31,1280.36,7374.97
905573,2026-05-31,963.07,2970.62
905592,2026-05-31,1555.06,5049.48
905598,2026-05-31,678.42,1002.14
905610,2026-05-31,971.71,2700.6
905614,2026-05-31,1715.09,2788.97
905628,2026-05-31,3090.09,5826.86
905630,2026-05-31,1515.33,2296.77
905643,2026-05-31,4170.11,2680.29
905659,2026-05-31,1429.24,5485.92
905660,2026-05-31,3470.99,1257.78
905662,2026-05-31,931.19,4032.88
905680,2026-05-31,5067.47,1358.7
905683,2026-05-31,652.67,765.59
905689,2026-05-31,5711.61,1504.61
905700,2026-05-31,2256.78,1393.22
905712,2026-05-31,778.01,580.71
905780,2026-05-31,1562.98,3837.08
905788,2026-05-31,422.55,383.14
905817,2026-05-31,3304.0,2755.76
905838,2026-05-31,1109.8,4278.82
905841,2026-05-31,4668.85,1938.22
905856,2026-05-31,1101.91,634.4
905857,2026-05-31,1489.47,4373.37
905864,2026-05-31,3412.22,1692.84
905872,2026-05-31,2806.95,2648.21
905885,2026-05-31,2126.0,1435.65
905919,2026-05-31,2530.09,4909.32
905942,2026-05-31,2738.35,6403.49
905977,2026-05-31,1354.2,7882.76
905987,2026-05-31,3541.02,2500.0
906005,2026-05-31,2246.5,6029.54
906027,2026-05-31,780.19,2606.15
906030,2026-05-31,3872.56,1645.4
906058,2026-05-31,317.92,564.68
906114,2026-05-31,3355.95,3032.4
906115,2026-05-31,3474.44,2433.34
906123,2026-05-31,2592.06,2211.88
906127,2026-05-31,1160.44,2646.82
906166,2026-05-31,2810.77,2838.61
906183,2026-05-31,3365.85,3588.65
906186,2026-05-31,2371.17,5285.67
906187,2026-05-31,747.77,2017.34
906258,2026-05-31,931.76,2897.61
906281,2026-05-31,1867.19,872.32
906283,2026-05-31,292.02,761.27
906285,2026-05-31,1559.27,4020.08
906289,2026-05-31,1456.7,7408.64
906292,2026-05-31,2237.61,3807.28
906312,2026-05-31,164.17,1173.06
906340,2026-05-31,5375.84,2310.34
906368,2026-05-31,602.22,1883.37
906379,2026-05-31,2293.29,3573.72
906435,2026-05-31,1703.71,6236.06
906460,2026-05-31,488.57,1001.6
906465,2026-05-31,6483.51,2966.73
906485,2026-05-31,6045.83,2205.0
906501,2026-05-31,1518.22,3849.16
906506,2026-05-31,1284.2,3320.65
906542,2026-05-31,809.72,2604.87
906559,2026-05-31,189.86,654.56
906560,2026-05-31,3063.64,1875.48
906561,2026-05-31,2499.89,2784.16
906582,2026-05-31,1500.38,4815.1
906583,2026-05-31,2842.32,4694.33
906620,2026-05-31,1314.42,2487.33
906712,2026-05-31,889.93,5876.65
906716,2026-05-31,440.87,2573.5
906727,2026-05-31,3135.19,3015.45
906739,2026-05-31,5158.8,1770.73
906760,2026-05-31,436.31,987.99
906765,2026-05-31,1983.58,6250.79
906772,2026-05-31,1084.91,2684.75
906822,2026-05-31,1327.22,5725.97
906837,2026-05-31,1667.98,4888.41
906839,2026-05-31,2338.34,4583.46
906862,2026-05-31,520.0,1656.62
906866,2026-05-31,1814.54,5030.45
906928,2026-05-31,1547.15,693.5
906937,2026-05-31,3197.09,3420.07
906960,2026-05-31,3673.7,3141.37
906990,2026-05-31,1347.22,2287.07
907024,2026-05-31,2152.64,1024.76
907054,2026-05-31,4377.35,3292.22
907057,2026-05-31,2512.93,2332.09
907079,2026-05-31,1077.78,2241.18
907111,2026-05-31,1021.11,5197.98
907146,2026-05-31,373.77,241.95
907166,2026-05-31,3607.24,2142.11
907167,2026-05-31,1136.78,682.3
907169,2026-05-31,2322.77,875.31
907199,2026-05-31,4161.21,3417.77
907200,2026-05-31,3982.35,1414.57
907232,2026-05-31,938.52,2566.17
907237,2026-05-31,743.5,3781.61
907251,2026-05-31,1038.71,2162.74
907254,2026-05-31,232.48,1031.11
907256,2026-05-31,1571.66,6416.04
907261,2026-05-31,441.71,898.08
907262,2026-05-31,1913.16,1620.95
907272,2026-05-31,2313.19,5422.95
907295,2026-05-31,2665.47,6898.5
907300,2026-05-31,5934.33,3038.04
907319,2026-05-31,5925.47,1687.1
907320,2026-05-31,1662.64,1153.88
907328,2026-05-31,2516.64,2166.48
907331,2026-05-31,2097.14,7037.68
907339,2026-05-31,2328.64,2922.96
907341,2026-05-31,2131.58,1734.82
907352,2026-05-31,200.76,565.57
907371,2026-05-31,504.82,1562.32
907376,2026-05-31,1652.66,5643.17
907388,2026-05-31,860.02,1891.78
907391,2026-05-31,1359.99,4154.11
907412,2026-05-31,1034.81,424.46
907416,2026-05-31,1072.92,5146.26
907444,2026-05-31,1106.0,5832.33
907451,2026-05-31,1903.37,3047.49
907460,2026-05-31,1626.04,8627.65
907477,2026-05-31,503.7,2106.88
907485,2026-05-31,250.02,826.29
907486,2026-05-31,874.74,2890.46
907537,2026-05-31,3321.5,3737.81
907542,2026-05-31,1054.98,490.06
907566,2026-05-31,4547.76,2127.5
907571,2026-05-31,2384.67,1608.9
907575,2026-05-31,345.02,1701.34
907591,2026-05-31,1673.48,6801.04
907593,2026-05-31,3081.63,1309.14
907595,2026-05-31,338.73,2313.76
907606,2026-05-31,994.11,4717.71
907621,2026-05-31,1282.73,2174.94
907630,2026-05-31,479.58,751.39
907641,2026-05-31,1386.78,1411.65
907643,2026-05-31,1301.44,3170.9
907654,2026-05-31,1110.09,3302.33
907673,2026-05-31,6131.32,2752.96
907677,2026-05-31,4080.04,1867.67
907696,2026-05-31,1841.32,1484.85
907720,2026-05-31,1390.19,5886.57
907727,2026-05-31,784.56,2819.0
907733,2026-05-31,342.26,1684.32
907735,2026-05-31,1063.34,6719.64
907752,2026-05-31,5929.43,3230.0
907754,2026-05-31,2462.71,1751.66
907755,2026-05-31,1001.87,2046.42
907758,2026-05-31,5061.43,3209.79
907759,2026-05-31,430.14,2020.8
907774,2026-05-31,1178.52,5748.32
907782,2026-05-31,2890.88,3088.36
907783,2026-05-31,3830.22,3075.46
907844,2026-05-31,2305.17,2866.9
907849,2026-05-31,591.83,2905.37
907877,2026-05-31,948.55,3627.27
907879,2026-05-31,1537.19,3599.14
907885,2026-05-31,396.23,1484.38
907919,2026-05-31,1281.34,5642.85
907950,2026-05-31,151.14,848.59
907983,2026-05-31,432.18,2806.77
907991,2026-05-31,2110.77,7195.72
908002,2026-05-31,1046.04,3918.83
908004,2026-05-31,2735.87,1285.49
908006,2026-05-31,1694.95,4441.94
908017,2026-05-31,680.79,661.82
908061,2026-05-31,1513.24,8103.66
908092,2026-05-31,1347.09,2231.36
908105,2026-05-31,5539.02,1568.98
908152,2026-05-31,4157.24,2765.55
908177,2026-05-31,1074.25,4225.42
908180,2026-05-31,1513.33,2023.15
908187,2026-05-31,1173.58,3484.71
908219,2026-05-31,3486.22,3260.12
908246,2026-05-31,1830.59,8554.69
908258,2026-05-31,2409.43,1527.65
908266,2026-05-31,1427.44,1418.53
908289,2026-05-31,1243.43,420.52
908291,2026-05-31,309.0,435.08
908294,2026-05-31,2620.28,3571.97
908339,2026-05-31,150.39,793.52
908360,2026-05-31,3138.15,3601.27
908383,2026-05-31,4244.48,2568.28
908417,2026-05-31,1871.07,690.22
908425,2026-05-31,1979.81,5594.52
908428,2026-05-31,101.22,365.62
908430,2026-05-31,580.69,565.21
908449,2026-05-31,247.61,900.07
908461,2026-05-31,675.77,2505.7
908466,2026-05-31,1283.53,466.29
908499,2026-05-31,3014.93,7642.39
908501,2026-05-31,3203.71,1101.85
908512,2026-05-31,1074.08,5953.89
908521,2026-05-31,1761.68,7562.4
908532,2026-05-31,1364.12,791.51
908557,2026-05-31,959.5,3864.15
908572,2026-05-31,1233.02,4480.73
908580,2026-05-31,3144.85,2954.24
908583,2026-05-31,869.79,2620.89
908589,2026-05-31,855.87,2424.38
908590,2026-05-31,214.67,650.07
908607,2026-05-31,2103.78,1146.5
908623,2026-05-31,3053.02,1415.4
908643,2026-05-31,1032.45,1351.91
908653,2026-05-31,1656.74,785.88
908665,2026-05-31,803.11,3608.92
908693,2026-05-31,413.95,198.71
908718,2026-05-31,2507.16,5016.1
908727,2026-05-31,2662.88,1467.54
908732,2026-05-31,2122.41,1815.89
908746,2026-05-31,3672.76,2793.36
908749,2026-05-31,2564.6,2765.98
908772,2026-05-31,493.16,1557.17
908811,2026-05-31,927.05,1292.05
908882,2026-05-31,826.06,2604.78
908886,2026-05-31,3779.52,2351.09
908922,2026-05-31,2363.75,1509.65
908934,2026-05-31,1166.62,727.78
908939,2026-05-31,287.53,235.57
908983,2026-05-31,3514.3,2425.31
900042,2026-06-30,1870.1,2027.76
900076,2026-06-30,665.06,1764.21
900085,2026-06-30,590.03,1296.75
900098,2026-06-30,991.83,2380.6
900137,2026-06-30,2236.42,5788.31
900145,2026-06-30,1459.17,4685.82
900159,2026-06-30,3221.02,1712.81
900214,2026-06-30,796.54,796.87
900260,2026-06-30,2597.07,2241.09
900270,2026-06-30,304.01,982.98
900280,2026-06-30,769.05,1367.83
900306,2026-06-30,776.29,4084.47
900322,2026-06-30,1571.97,5994.63
900329,2026-06-30,2361.14,6153.47
900331,2026-06-30,294.76,120.57
900355,2026-06-30,5557.68,2548.99
900411,2026-06-30,865.3,2351.14
900414,2026-06-30,696.33,1350.61
900417,2026-06-30,391.54,1283.63
900477,2026-06-30,2587.41,778.6
900518,2026-06-30,301.81,241.38
900522,2026-06-30,2962.09,1387.41
900589,2026-06-30,1512.57,2516.49
900599,2026-06-30,1762.64,4340.94
900616,2026-06-30,2989.1,2158.04
900625,2026-06-30,1282.25,3555.29
900634,2026-06-30,2259.6,947.9
900652,2026-06-30,1596.84,5596.54
900661,2026-06-30,1665.86,1665.61
900668,2026-06-30,2792.31,1515.48
900701,2026-06-30,2273.27,773.33
900754,2026-06-30,594.88,1572.21
900774,2026-06-30,1488.62,9010.98
900777,2026-06-30,2365.5,5308.97
900804,2026-06-30,1498.5,4803.11
900814,2026-06-30,4290.25,1391.77
900825,2026-06-30,5476.09,1858.52
900898,2026-06-30,1350.44,5836.47
900901,2026-06-30,830.82,358.13
900919,2026-06-30,190.62,212.38
900932,2026-06-30,1334.18,5407.48
900942,2026-06-30,5614.89,2716.43
900953,2026-06-30,1586.76,1003.43
900958,2026-06-30,779.45,1791.63
900966,2026-06-30,1708.38,5479.16
900985,2026-06-30,338.33,1036.03
900993,2026-06-30,2293.66,5274.7
901000,2026-06-30,507.14,405.84
901006,2026-06-30,1049.27,4096.24
901022,2026-06-30,3522.75,3818.03
901023,2026-06-30,2239.35,7107.02
901030,2026-06-30,2113.54,6003.91
901031,2026-06-30,3138.88,4192.93
901042,2026-06-30,2845.78,6338.55
901059,2026-06-30,416.79,919.58
901091,2026-06-30,1950.34,3122.27
901092,2026-06-30,1710.59,1788.67
901099,2026-06-30,1788.29,4262.85
901141,2026-06-30,2083.82,5008.41
901156,2026-06-30,4114.97,1615.18
901193,2026-06-30,666.33,161.44
901244,2026-06-30,384.4,1697.7
901245,2026-06-30,4715.58,4266.75
901293,2026-06-30,1400.52,3567.6
901304,2026-06-30,1341.48,347.22
901344,2026-06-30,5196.11,2411.4
901361,2026-06-30,1991.88,4020.19
901372,2026-06-30,3793.82,3228.0
901431,2026-06-30,908.88,2406.9
901463,2026-06-30,877.31,2300.62
901464,2026-06-30,653.15,159.97
901471,2026-06-30,679.28,459.13
901474,2026-06-30,134.9,470.27
901482,2026-06-30,565.51,1932.81
901490,2026-06-30,179.57,1164.66
901509,2026-06-30,658.36,1318.16
901538,2026-06-30,1312.05,7255.97
901558,2026-06-30,795.9,1904.89
901614,2026-06-30,581.7,756.67
901621,2026-06-30,5472.35,3405.58
901623,2026-06-30,655.8,526.68
901632,2026-06-30,4352.06,1295.46
901645,2026-06-30,1783.4,4861.97
901663,2026-06-30,460.04,2281.14
901681,2026-06-30,1177.44,2187.91
901688,2026-06-30,242.92,1052.37
901728,2026-06-30,1237.27,6538.28
901783,2026-06-30,1210.67,3860.42
901785,2026-06-30,1080.35,883.13
901786,2026-06-30,1089.77,2636.99
901807,2026-06-30,2531.01,2153.16
901840,2026-06-30,2382.29,596.57
901860,2026-06-30,2721.94,7160.86
901869,2026-06-30,3742.96,1954.66
901881,2026-06-30,1266.1,2103.9
901913,2026-06-30,1362.6,3177.12
901959,2026-06-30,1339.67,6205.36
901960,2026-06-30,748.46,1353.32
901966,2026-06-30,356.68,1408.51
901967,2026-06-30,967.13,2301.8
901984,2026-06-30,2016.73,2038.91
902000,2026-06-30,1157.19,998.59
902011,2026-06-30,4940.7,1185.52
902072,2026-06-30,3481.13,1898.95
902106,2026-06-30,2662.35,1438.93
902114,2026-06-30,2587.66,1768.89
902127,2026-06-30,3044.65,2531.18
902193,2026-06-30,1894.86,1246.27
902265,2026-06-30,555.22,1282.57
902281,2026-06-30,1120.04,8614.21
902284,2026-06-30,2692.47,4199.5
902301,2026-06-30,2567.26,832.04
902314,2026-06-30,1291.99,3247.04
902362,2026-06-30,2859.08,7776.08
902395,2026-06-30,1827.77,3005.73
902402,2026-06-30,484.91,189.16
902425,2026-06-30,289.76,796.09
902428,2026-06-30,5861.75,3461.74
902431,2026-06-30,4418.51,1809.27
902461,2026-06-30,342.42,1168.54
902532,2026-06-30,846.27,2248.78
902555,2026-06-30,2309.41,2751.07
902569,2026-06-30,1325.95,7303.14
902629,2026-06-30,665.21,2656.64
902643,2026-06-30,340.17,1071.98
902650,2026-06-30,211.09,734.79
902654,2026-06-30,4941.13,1982.33
902673,2026-06-30,362.63,379.92
902712,2026-06-30,1341.6,3223.88
902729,2026-06-30,6008.74,1869.47
902775,2026-06-30,1243.38,1889.95
902788,2026-06-30,423.99,121.57
902791,2026-06-30,1668.36,1718.63
902825,2026-06-30,139.29,658.98
902832,2026-06-30,1207.39,4195.97
902886,2026-06-30,2349.05,1116.42
902910,2026-06-30,1184.4,7479.05
902913,2026-06-30,1168.12,4127.24
902922,2026-06-30,613.66,1796.91
902956,2026-06-30,776.59,2141.64
902981,2026-06-30,475.61,1708.68
903007,2026-06-30,1734.05,2018.07
903053,2026-06-30,4281.85,1925.34
903075,2026-06-30,1346.35,4504.43
903084,2026-06-30,5214.76,2644.43
903103,2026-06-30,2116.22,1511.29
903104,2026-06-30,636.52,1746.95
903115,2026-06-30,3862.33,2036.6
903132,2026-06-30,743.37,4851.78
903154,2026-06-30,801.97,761.37
903184,2026-06-30,175.81,551.25
903229,2026-06-30,1908.02,562.39
903232,2026-06-30,6364.61,2228.6
903240,2026-06-30,1190.87,4801.42
903266,2026-06-30,1238.22,3009.89
903368,2026-06-30,1306.65,5599.17
903374,2026-06-30,757.75,420.57
903385,2026-06-30,1833.05,2936.04
903386,2026-06-30,1096.35,1015.18
903403,2026-06-30,1014.99,5365.05
903420,2026-06-30,2859.96,1973.84
903430,2026-06-30,2733.23,6740.71
903439,2026-06-30,4548.93,2907.89
903463,2026-06-30,1253.73,1464.69
903512,2026-06-30,206.98,558.02
903521,2026-06-30,1137.2,1140.68
903580,2026-06-30,1386.44,3616.33
903586,2026-06-30,212.34,198.38
903627,2026-06-30,1490.99,4319.51
903653,2026-06-30,1123.57,3541.73
903684,2026-06-30,251.94,746.12
903723,2026-06-30,885.01,627.61
903764,2026-06-30,93.32,436.46
903785,2026-06-30,2966.4,2660.78
903794,2026-06-30,1988.68,3852.95
903796,2026-06-30,1890.39,4403.89
903810,2026-06-30,3376.91,6917.37
903811,2026-06-30,579.23,1893.09
903815,2026-06-30,451.9,355.71
903847,2026-06-30,2635.87,4300.45
903868,2026-06-30,3014.18,2539.13
903881,2026-06-30,558.11,1805.57
903889,2026-06-30,1450.32,1226.2
903906,2026-06-30,428.71,1348.12
903951,2026-06-30,2016.7,1123.4
903953,2026-06-30,1181.46,877.54
903994,2026-06-30,1256.46,3114.35
904007,2026-06-30,1845.34,5067.1
904008,2026-06-30,4594.24,1927.05
904013,2026-06-30,1381.04,3349.65
904015,2026-06-30,1938.45,9083.97
904022,2026-06-30,4870.39,1731.75
904039,2026-06-30,2073.45,5988.92
904041,2026-06-30,1787.73,3639.17
904149,2026-06-30,2822.4,7364.03
904151,2026-06-30,879.82,1852.84
904176,2026-06-30,857.72,1861.57
904226,2026-06-30,1564.73,4365.16
904237,2026-06-30,637.49,3169.31
904306,2026-06-30,705.12,1143.55
904327,2026-06-30,3063.77,1906.21
904335,2026-06-30,180.94,377.85
904336,2026-06-30,683.95,289.12
904339,2026-06-30,3343.51,2556.52
904343,2026-06-30,3026.3,1390.98
904357,2026-06-30,1967.41,4326.65
904386,2026-06-30,2546.67,9198.86
904394,2026-06-30,362.34,1595.41
904397,2026-06-30,295.45,1351.18
904436,2026-06-30,3977.22,1858.0
904440,2026-06-30,646.2,1495.19
904446,2026-06-30,908.97,286.29
904450,2026-06-30,1095.86,2340.95
904452,2026-06-30,1675.03,4463.37
904453,2026-06-30,1025.81,1540.19
904457,2026-06-30,2889.48,8574.33
904478,2026-06-30,237.36,261.58
904491,2026-06-30,772.2,2383.61
904528,2026-06-30,4885.28,2962.81
904575,2026-06-30,460.39,1390.78
904576,2026-06-30,3955.12,1193.45
904611,2026-06-30,485.75,417.41
904645,2026-06-30,2377.82,2445.76
904652,2026-06-30,1040.24,4835.48
904680,2026-06-30,180.21,525.05
904682,2026-06-30,2108.78,5579.05
904685,2026-06-30,3362.49,2170.67
904726,2026-06-30,304.57,875.53
904739,2026-06-30,673.75,2585.81
904740,2026-06-30,2482.57,7606.13
904757,2026-06-30,1018.9,3634.22
904791,2026-06-30,3965.62,1505.93
904794,2026-06-30,6272.42,2503.12
904811,2026-06-30,3145.85,1407.01
904829,2026-06-30,838.82,3275.92
904852,2026-06-30,1609.54,6138.1
904873,2026-06-30,1219.54,4676.3
904917,2026-06-30,1051.52,3489.7
904934,2026-06-30,1218.3,1306.47
904940,2026-06-30,1377.06,3296.92
904944,2026-06-30,2612.13,1376.53
904954,2026-06-30,407.21,1089.46
904968,2026-06-30,4065.7,2784.05
905034,2026-06-30,2071.37,1911.23
905043,2026-06-30,5338.25,2415.42
905058,2026-06-30,1325.06,5425.88
905093,2026-06-30,1294.55,5437.93
905115,2026-06-30,1171.96,3103.96
905118,2026-06-30,3976.25,1065.86
905124,2026-06-30,4158.84,2252.2
905133,2026-06-30,4640.69,1241.19
905140,2026-06-30,1166.48,7089.71
905152,2026-06-30,4062.46,4902.83
905180,2026-06-30,654.72,340.83
905188,2026-06-30,4397.43,2088.4
905190,2026-06-30,6417.81,1782.52
905197,2026-06-30,1639.29,731.6
905218,2026-06-30,4731.9,1754.25
905241,2026-06-30,238.63,1051.72
905247,2026-06-30,663.77,3339.33
905287,2026-06-30,1703.77,6381.17
905295,2026-06-30,485.64,1208.27
905300,2026-06-30,1102.37,1036.31
905316,2026-06-30,267.57,1198.93
905318,2026-06-30,1688.32,1431.54
905329,2026-06-30,820.5,3374.28
905334,2026-06-30,3007.43,2547.27
905345,2026-06-30,2360.53,5216.41
905351,2026-06-30,173.1,889.93
905356,2026-06-30,645.64,1646.41
905358,2026-06-30,990.45,4184.24
905362,2026-06-30,781.0,1153.79
905377,2026-06-30,2449.0,6917.82
905382,2026-06-30,1180.36,7178.23
905397,2026-06-30,431.38,431.45
905412,2026-06-30,411.47,1473.07
905435,2026-06-30,1193.31,4326.73
905459,2026-06-30,1031.46,7178.63
905504,2026-06-30,2629.08,2047.99
905509,2026-06-30,1341.0,881.03
905533,2026-06-30,442.53,387.71
905570,2026-06-30,210.7,536.14
905572,2026-06-30,1736.66,780.2
905592,2026-06-30,489.48,3337.3
905610,2026-06-30,2018.39,3388.78
905614,2026-06-30,2298.2,5819.23
905616,2026-06-30,792.12,4556.29
905628,2026-06-30,1251.43,2668.8
905643,2026-06-30,2946.37,2804.89
905659,2026-06-30,1655.01,3356.04
905662,2026-06-30,1358.98,3172.36
905663,2026-06-30,722.19,2822.97
905669,2026-06-30,530.81,198.96
905683,2026-06-30,743.68,818.24
905689,2026-06-30,1026.65,364.73
905770,2026-06-30,1138.27,744.97
905788,2026-06-30,455.97,527.97
905793,2026-06-30,1717.6,2016.03
905817,2026-06-30,1899.32,2176.92
905838,2026-06-30,332.93,876.09
905840,2026-06-30,2179.27,5859.79
905841,2026-06-30,2050.73,1305.65
905850,2026-06-30,3054.82,8879.09
905856,2026-06-30,1472.29,1053.33
905919,2026-06-30,2355.5,5229.36
905942,2026-06-30,860.46,2294.46
905977,2026-06-30,187.42,459.01
905987,2026-06-30,4265.1,3659.25
906005,2026-06-30,233.8,1274.18
906027,2026-06-30,1881.88,4718.23
906030,2026-06-30,1007.58,455.12
906044,2026-06-30,366.21,1224.97
906048,2026-06-30,2447.21,2568.18
906058,2026-06-30,4814.26,3292.41
906075,2026-06-30,1186.05,4113.4
906107,2026-06-30,737.91,1834.84
906123,2026-06-30,1005.57,1285.41
906127,2026-06-30,704.89,2287.24
906156,2026-06-30,5176.52,1559.61
906183,2026-06-30,3037.71,2723.89
906184,2026-06-30,595.95,2113.59
906186,2026-06-30,2954.97,6371.47
906231,2026-06-30,743.65,3030.26
906258,2026-06-30,1114.57,8905.14
906281,2026-06-30,3350.91,1756.25
906285,2026-06-30,1286.93,4886.95
906312,2026-06-30,2456.19,4018.06
906314,2026-06-30,1403.01,4254.17
906330,2026-06-30,1321.09,5232.55
906340,2026-06-30,3118.31,2267.46
906350,2026-06-30,365.7,140.54
906379,2026-06-30,304.79,1626.98
906485,2026-06-30,1001.07,653.26
906500,2026-06-30,950.93,2030.08
906501,2026-06-30,683.57,4211.76
906506,2026-06-30,543.83,3633.33
906507,2026-06-30,2270.44,1424.14
906535,2026-06-30,2464.97,2062.32
906560,2026-06-30,1222.98,499.78
906573,2026-06-30,948.2,3358.64
906583,2026-06-30,476.49,1328.13
906620,2026-06-30,248.72,967.6
906632,2026-06-30,1914.5,2771.8
906673,2026-06-30,1559.23,4839.73
906711,2026-06-30,4975.06,1852.45
906712,2026-06-30,338.7,1323.7
906716,2026-06-30,2625.55,6892.11
906718,2026-06-30,448.97,1327.84
906740,2026-06-30,4325.48,4063.94
906759,2026-06-30,1877.08,2948.66
906774,2026-06-30,725.85,345.04
906816,2026-06-30,1623.44,5171.42
906821,2026-06-30,4106.01,1188.96
906837,2026-06-30,2243.58,6638.4
906839,2026-06-30,377.25,2273.39
906862,2026-06-30,809.45,4677.37
906866,2026-06-30,1201.06,3758.83
906880,2026-06-30,922.32,4211.74
906979,2026-06-30,2684.64,2157.92
906990,2026-06-30,747.83,1073.23
907001,2026-06-30,2385.7,7658.01
907054,2026-06-30,4896.01,3051.52
907057,2026-06-30,1006.82,809.01
907064,2026-06-30,3629.45,1290.7
907085,2026-06-30,1169.13,488.4
907092,2026-06-30,223.17,980.1
907111,2026-06-30,1286.74,5810.27
907122,2026-06-30,2283.63,4555.28
907146,2026-06-30,1217.75,512.59
907187,2026-06-30,464.61,2060.44
907200,2026-06-30,3696.04,2442.29
907254,2026-06-30,1099.9,4097.33
907256,2026-06-30,264.73,911.36
907261,2026-06-30,3064.5,4640.09
907262,2026-06-30,1388.75,1760.27
907264,2026-06-30,979.83,461.06
907272,2026-06-30,1081.29,5033.41
907295,2026-06-30,81.66,573.06
907320,2026-06-30,3362.34,1224.79
907339,2026-06-30,1860.18,1459.56
907372,2026-06-30,290.68,263.22
907391,2026-06-30,2773.73,8195.63
907406,2026-06-30,4789.69,4413.09
907412,2026-06-30,5340.63,2147.47
907429,2026-06-30,1255.48,1385.98
907443,2026-06-30,1184.93,1723.12
907451,2026-06-30,240.03,770.79
907485,2026-06-30,3351.89,7129.43
907505,2026-06-30,1365.9,900.46
907508,2026-06-30,2996.17,5961.69
907531,2026-06-30,2397.1,7124.17
907537,2026-06-30,3324.57,2232.04
907542,2026-06-30,4919.46,1943.74
907575,2026-06-30,664.92,1926.83
907591,2026-06-30,201.42,609.35
907596,2026-06-30,1695.76,5959.15
907606,2026-06-30,1328.63,5162.53
907608,2026-06-30,564.1,3062.39
907654,2026-06-30,2219.94,5669.03
907671,2026-06-30,1641.91,521.79
907674,2026-06-30,1001.07,2295.6
907677,2026-06-30,1628.49,1129.37
907678,2026-06-30,4232.66,1582.21
907696,2026-06-30,4263.1,3257.36
907736,2026-06-30,1266.72,638.94
907754,2026-06-30,3043.99,716.38
907755,2026-06-30,1164.44,5206.18
907758,2026-06-30,4221.58,1735.82
907761,2026-06-30,1264.5,1598.74
907770,2026-06-30,5351.49,2846.27
907782,2026-06-30,1105.43,677.44
907844,2026-06-30,2649.85,3424.55
907879,2026-06-30,1235.46,2993.08
907915,2026-06-30,304.84,210.41
907937,2026-06-30,145.86,438.66
907950,2026-06-30,471.01,915.44
907951,2026-06-30,2537.5,1609.78
907971,2026-06-30,594.99,1647.77
907991,2026-06-30,840.02,4577.7
908017,2026-06-30,4698.1,4206.9
908061,2026-06-30,2234.43,4673.35
908084,2026-06-30,1226.25,4288.63
908152,2026-06-30,2204.7,1407.38
908154,2026-06-30,2219.41,2469.48
908177,2026-06-30,1915.64,3790.04
908187,2026-06-30,2213.81,5447.01
908188,2026-06-30,1033.92,3000.7
908230,2026-06-30,1423.0,599.66
908232,2026-06-30,767.43,2645.6
908242,2026-06-30,231.66,601.18
908246,2026-06-30,3044.0,9363.31
908258,2026-06-30,1698.79,1067.41
908266,2026-06-30,3003.38,2502.82
908289,2026-06-30,506.45,385.66
908291,2026-06-30,2323.59,2339.9
908294,2026-06-30,2464.13,1660.47
908339,2026-06-30,797.53,1990.3
908352,2026-06-30,2599.69,1083.71
908353,2026-06-30,2347.49,5849.29
908360,2026-06-30,1151.75,1138.2
908383,2026-06-30,2426.42,1757.73
908417,2026-06-30,2603.59,1762.85
908425,2026-06-30,504.01,1482.0
908427,2026-06-30,1436.34,5040.14
908449,2026-06-30,1665.1,2747.25
908461,2026-06-30,1947.04,5044.02
908501,2026-06-30,5685.79,1892.97
908512,2026-06-30,208.73,411.38
908521,2026-06-30,2521.54,6427.08
908557,2026-06-30,3165.86,8088.4
908567,2026-06-30,324.95,2147.48
908580,2026-06-30,2986.58,2411.12
908582,2026-06-30,1283.81,6225.89
908583,2026-06-30,2369.2,4485.92
908628,2026-06-30,3021.22,5033.32
908643,2026-06-30,1027.43,940.86
908681,2026-06-30,523.48,1542.16
908691,2026-06-30,1324.17,5717.87
908700,2026-06-30,1610.54,3834.7
908745,2026-06-30,2786.78,2771.13
908746,2026-06-30,788.41,276.74
908749,2026-06-30,1677.48,1645.71
908772,2026-06-30,1627.31,3705.39
908785,2026-06-30,1779.29,4797.21
908834,2026-06-30,1317.19,8583.55
908860,2026-06-30,1129.75,6505.48
908882,2026-06-30,433.15,816.82
908886,2026-06-30,3886.58,1023.72
908892,2026-06-30,1353.77,4503.55
908926,2026-06-30,2192.89,8128.55
908929,2026-06-30,3207.47,2738.12
908934,2026-06-30,4762.57,1688.67
900020,2026-07-31,1519.32,3307.15
900030,2026-07-31,1684.44,5036.44
900052,2026-07-31,753.52,2550.16
900085,2026-07-31,1983.21,4020.12
900091,2026-07-31,1195.41,5776.33
900098,2026-07-31,528.68,1499.85
900103,2026-07-31,2116.04,831.62
900137,2026-07-31,904.53,2620.83
900156,2026-07-31,3560.28,3195.33
900157,2026-07-31,496.22,1256.78
900214,2026-07-31,2909.83,4239.18
900280,2026-07-31,1049.24,2444.54
900302,2026-07-31,656.1,2977.64
900306,2026-07-31,907.35,3936.91
900329,2026-07-31,229.45,662.57
900348,2026-07-31,4260.34,1857.16
900358,2026-07-31,1733.93,4707.04
900401,2026-07-31,2668.92,1498.87
900411,2026-07-31,465.06,1481.89
900416,2026-07-31,1421.11,4004.34
900419,2026-07-31,1173.38,529.27
900433,2026-07-31,3150.7,3763.66
900448,2026-07-31,2817.37,3094.86
900455,2026-07-31,2408.43,2247.21
900477,2026-07-31,1329.11,499.79
900518,2026-07-31,1432.06,1725.19
900522,2026-07-31,743.76,325.53
900582,2026-07-31,1367.09,2517.9
900589,2026-07-31,1051.45,1600.57
900599,2026-07-31,1492.48,3889.58
900616,2026-07-31,2343.0,1851.8
900625,2026-07-31,3115.96,7259.71
900661,2026-07-31,278.64,278.34
900669,2026-07-31,1494.82,5085.69
900680,2026-07-31,2825.88,3053.19
900701,2026-07-31,5052.47,2138.46
900715,2026-07-31,1356.34,608.77
900739,2026-07-31,3389.43,896.05
900750,2026-07-31,4271.92,3084.39
900767,2026-07-31,681.1,2075.52
900778,2026-07-31,3916.46,3134.18
900786,2026-07-31,2152.67,4669.67
900804,2026-07-31,3342.91,7928.91
900814,2026-07-31,5051.86,1839.0
900825,2026-07-31,4029.56,2064.58
900827,2026-07-31,1113.8,422.73
900840,2026-07-31,3081.01,4505.23
900898,2026-07-31,2413.26,5470.83
900942,2026-07-31,5024.38,2662.22
900958,2026-07-31,3330.42,6772.26
900961,2026-07-31,297.48,263.08
900985,2026-07-31,2461.26,4936.42
901002,2026-07-31,1138.36,3487.53
901023,2026-07-31,1262.24,4898.27
901030,2026-07-31,392.93,2302.31
901031,2026-07-31,4585.59,2730.71
901042,2026-07-31,291.57,1393.97
901044,2026-07-31,1648.73,5015.46
901070,2026-07-31,1059.09,4895.21
901091,2026-07-31,877.55,2625.04
901099,2026-07-31,2434.85,7631.97
901107,2026-07-31,2744.02,2364.47
901156,2026-07-31,1218.14,372.29
901169,2026-07-31,2735.47,1026.4
901179,2026-07-31,923.69,542.26
901193,2026-07-31,2694.41,1990.2
901244,2026-07-31,547.82,2080.41
901245,2026-07-31,1839.69,3119.97
901280,2026-07-31,4505.89,2692.44
901297,2026-07-31,1604.58,3996.87
901312,2026-07-31,2549.78,1755.41
901354,2026-07-31,206.74,377.73
901372,2026-07-31,3232.48,2391.55
901378,2026-07-31,3075.59,5986.03
901431,2026-07-31,1397.16,4257.96
901434,2026-07-31,3247.25,1897.54
901445,2026-07-31,1801.46,6169.83
901464,2026-07-31,3328.77,1604.58
901482,2026-07-31,2959.59,5326.63
901537,2026-07-31,578.23,2572.03
901538,2026-07-31,2044.53,4499.1
901589,2026-07-31,1704.01,1389.26
901607,2026-07-31,2782.57,3373.68
901614,2026-07-31,3571.25,3607.04
901618,2026-07-31,2249.09,8392.87
901621,2026-07-31,4914.73,1641.31
901623,2026-07-31,323.06,266.66
901630,2026-07-31,4026.1,2823.46
901681,2026-07-31,1183.72,4969.79
901688,2026-07-31,111.04,479.98
901691,2026-07-31,1175.17,5897.08
901728,2026-07-31,362.77,2344.24
901732,2026-07-31,253.07,824.33
901744,2026-07-31,3124.17,4295.37
901786,2026-07-31,1203.1,3837.07
901807,2026-07-31,1168.41,1561.58
901808,2026-07-31,2340.65,1171.81
901837,2026-07-31,4772.63,1478.06
901840,2026-07-31,514.95,269.05
901860,2026-07-31,1315.73,4145.93
901877,2026-07-31,3804.32,1828.59
901881,2026-07-31,1740.93,6829.1
901952,2026-07-31,5767.75,1965.28
901959,2026-07-31,1155.98,3172.45
901960,2026-07-31,1892.74,5786.84
901984,2026-07-31,3898.42,2348.44
902011,2026-07-31,4170.76,2408.15
902045,2026-07-31,1036.49,6611.67
902100,2026-07-31,2392.51,4923.77
902114,2026-07-31,725.01,893.91
902141,2026-07-31,520.65,708.57
902180,2026-07-31,1185.73,5768.75
902213,2026-07-31,1173.82,3856.51
902218,2026-07-31,190.03,570.39
902240,2026-07-31,310.94,1434.17
902251,2026-07-31,589.74,2636.64
902263,2026-07-31,1574.72,4353.8
902281,2026-07-31,1743.46,5955.71
902284,2026-07-31,222.97,185.09
902289,2026-07-31,947.02,1372.48
902316,2026-07-31,1303.35,1623.01
902341,2026-07-31,2121.58,2891.56
902364,2026-07-31,1486.97,3239.15
902389,2026-07-31,949.84,2360.66
902395,2026-07-31,243.38,1393.81
902402,2026-07-31,3844.44,1781.0
902425,2026-07-31,1459.59,4815.41
902428,2026-07-31,6405.8,3103.43
902461,2026-07-31,297.66,670.68
902465,2026-07-31,1263.7,3110.87
902471,2026-07-31,1575.48,620.7
902482,2026-07-31,1789.33,987.72
902488,2026-07-31,2938.13,3077.29
902511,2026-07-31,2501.6,4294.7
902520,2026-07-31,2028.71,543.67
902526,2026-07-31,3654.29,5121.14
902532,2026-07-31,171.34,338.26
902555,2026-07-31,3706.3,4341.52
902569,2026-07-31,2307.76,7266.89
902629,2026-07-31,1753.83,5732.9
902644,2026-07-31,1735.03,2170.35
902664,2026-07-31,1483.91,2984.9
902673,2026-07-31,2341.94,2715.85
902704,2026-07-31,391.46,2141.64
902727,2026-07-31,3627.3,3086.01
902729,2026-07-31,3773.19,1997.41
902731,2026-07-31,2691.75,1878.97
902751,2026-07-31,4931.62,4981.97
902774,2026-07-31,1437.32,3037.81
902775,2026-07-31,304.13,408.68
902776,2026-07-31,1395.0,2072.34
902805,2026-07-31,2638.96,8070.1
902807,2026-07-31,305.57,1204.6
902832,2026-07-31,647.68,1989.65
902886,2026-07-31,5495.59,1561.22
902913,2026-07-31,905.86,4775.24
902956,2026-07-31,1232.2,1923.54
902966,2026-07-31,1850.92,2366.9
902969,2026-07-31,2051.44,3456.83
902975,2026-07-31,949.21,612.01
903018,2026-07-31,593.13,2089.62
903020,2026-07-31,1166.05,1016.83
903075,2026-07-31,864.87,3089.33
903084,2026-07-31,3025.3,1814.83
903103,2026-07-31,1694.04,1466.53
903104,2026-07-31,526.42,2586.43
903115,2026-07-31,2932.19,1143.75
903122,2026-07-31,1810.1,3826.51
903132,2026-07-31,586.55,1673.09
903184,2026-07-31,2574.05,8393.42
903256,2026-07-31,4708.41,4323.09
903261,2026-07-31,6802.72,2670.24
903275,2026-07-31,4792.54,4918.29
903368,2026-07-31,1894.69,7177.16
903385,2026-07-31,2013.45,2722.49
903386,2026-07-31,4083.02,3034.56
903439,2026-07-31,4773.36,1907.37
903461,2026-07-31,2030.53,5844.12
903463,2026-07-31,572.15,764.56
903536,2026-07-31,2829.81,2872.42
903566,2026-07-31,2370.83,7276.42
903580,2026-07-31,2202.34,5215.26
903586,2026-07-31,2393.46,3210.32
903590,2026-07-31,1638.68,4807.73
903616,2026-07-31,225.22,768.29
903627,2026-07-31,2655.14,8771.27
903643,2026-07-31,490.13,2506.26
903648,2026-07-31,1501.1,4173.21
903653,2026-07-31,1494.4,4552.94
903713,2026-07-31,4027.62,4577.71
903720,2026-07-31,2073.38,3304.87
903723,2026-07-31,636.49,1128.31
903734,2026-07-31,731.53,1355.69
903764,2026-07-31,603.78,2677.16
903771,2026-07-31,1751.38,1878.21
903785,2026-07-31,1508.19,1493.87
903794,2026-07-31,766.0,2301.64
903796,2026-07-31,1422.93,2655.97
903810,2026-07-31,847.57,4801.71
903811,2026-07-31,652.68,1185.58
903815,2026-07-31,697.56,973.37
903816,2026-07-31,1293.28,3929.2
903843,2026-07-31,1758.92,1454.24
903906,2026-07-31,1258.86,3157.63
903951,2026-07-31,1749.83,773.36
904006,2026-07-31,1135.54,5707.67
904007,2026-07-31,2096.35,5032.46
904013,2026-07-31,2086.3,5392.75
904015,2026-07-31,1144.62,2640.91
904022,2026-07-31,1383.24,627.1
904041,2026-07-31,994.9,2859.57
904081,2026-07-31,2560.32,2224.23
904084,2026-07-31,608.51,407.95
904108,2026-07-31,1590.18,1701.12
904149,2026-07-31,397.19,1436.64
904151,2026-07-31,246.58,509.91
904158,2026-07-31,110.22,829.79
904189,2026-07-31,258.18,158.18
904217,2026-07-31,1553.06,825.51
904226,2026-07-31,917.42,3301.34
904297,2026-07-31,2266.76,6777.13
904303,2026-07-31,4805.12,3723.29
904306,2026-07-31,2109.1,2362.4
904327,2026-07-31,2254.79,1429.5
904335,2026-07-31,1278.28,5346.21
904343,2026-07-31,873.37,508.39
904349,2026-07-31,2064.49,1476.72
904366,2026-07-31,3797.04,3397.55
904394,2026-07-31,1866.08,3342.93
904397,2026-07-31,1537.44,3834.39
904436,2026-07-31,1436.39,564.07
904445,2026-07-31,260.51,1088.51
904446,2026-07-31,4099.57,1959.22
904460,2026-07-31,1247.73,545.3
904478,2026-07-31,3138.45,4753.22
904528,2026-07-31,765.05,911.02
904575,2026-07-31,1223.18,4709.97
904647,2026-07-31,151.01,492.87
904652,2026-07-31,336.42,1042.96
904655,2026-07-31,4969.37,2131.37
904685,2026-07-31,1145.25,1351.93
904718,2026-07-31,1058.01,4197.2
904726,2026-07-31,350.94,1194.05
904739,2026-07-31,2644.96,4904.21
904740,2026-07-31,196.36,613.4
904748,2026-07-31,2832.63,1639.92
904757,2026-07-31,1554.52,4381.83
904786,2026-07-31,4370.73,2107.5
904791,2026-07-31,6206.76,3110.7
904794,2026-07-31,5303.09,2460.48
904841,2026-07-31,3588.14,2777.29
904851,2026-07-31,1576.16,1115.51
904852,2026-07-31,3058.74,5646.05
904862,2026-07-31,1587.27,1584.94
904873,2026-07-31,1735.53,4384.14
904876,2026-07-31,2437.5,3912.06
904917,2026-07-31,2072.02,3315.4
904934,2026-07-31,443.56,497.44
904940,2026-07-31,486.48,2450.18
904944,2026-07-31,1462.61,598.52
904954,2026-07-31,1540.21,3782.49
904976,2026-07-31,388.57,683.16
905034,2026-07-31,1869.11,1680.95
905036,2026-07-31,1875.7,3058.7
905046,2026-07-31,1851.61,1924.08
905060,2026-07-31,2592.84,9929.64
905104,2026-07-31,1477.96,1684.75
905124,2026-07-31,5800.0,2503.08
905133,2026-07-31,3653.04,1251.08
905152,2026-07-31,308.02,472.07
905180,2026-07-31,2822.04,918.68
905190,2026-07-31,3388.79,951.57
905241,2026-07-31,272.88,1213.32
905300,2026-07-31,2608.91,3012.59
905329,2026-07-31,1701.95,4568.78
905351,2026-07-31,1342.75,5546.15
905356,2026-07-31,672.75,2026.77
905358,2026-07-31,3294.3,6317.0
905377,2026-07-31,1096.82,4400.01
905382,2026-07-31,2138.49,6056.46
905410,2026-07-31,1169.89,2749.2
905455,2026-07-31,1063.86,3781.96
905464,2026-07-31,547.73,1421.62
905488,2026-07-31,1054.48,3296.2
905509,2026-07-31,1160.26,1268.76
905544,2026-07-31,2792.12,4339.88
905545,2026-07-31,4808.72,3002.8
905592,2026-07-31,1833.37,4869.3
905610,2026-07-31,2389.79,5928.69
905614,2026-07-31,1009.5,3297.89
905660,2026-07-31,1874.75,824.07
905669,2026-07-31,3801.95,1816.06
905712,2026-07-31,3816.46,1531.84
905719,2026-07-31,2639.77,1190.59
905721,2026-07-31,473.64,1217.04
905770,2026-07-31,3838.74,2871.84
905780,2026-07-31,589.73,2197.64
905788,2026-07-31,1103.77,1139.25
905796,2026-07-31,4025.61,1356.53
905817,2026-07-31,1282.31,859.32
905838,2026-07-31,173.65,428.59
905840,2026-07-31,629.93,2660.57
905841,2026-07-31,2465.23,1140.05
905853,2026-07-31,573.24,268.71
905856,2026-07-31,492.63,215.76
905864,2026-07-31,2338.82,1054.25
905885,2026-07-31,4294.21,3422.7
905896,2026-07-31,599.84,1453.75
905919,2026-07-31,440.98,2357.55
905977,2026-07-31,2271.37,5460.43
905987,2026-07-31,573.84,492.93
906030,2026-07-31,5610.3,3069.12
906044,2026-07-31,1105.98,4345.02
906048,2026-07-31,3407.0,3292.72
906058,2026-07-31,3876.68,4089.0
906075,2026-07-31,282.44,1579.45
906114,2026-07-31,1478.24,2189.18
906115,2026-07-31,1872.26,1731.49
906123,2026-07-31,3923.86,3138.17
906127,2026-07-31,1649.36,8868.22
906139,2026-07-31,287.74,1800.57
906166,2026-07-31,2551.26,2160.13
906184,2026-07-31,1536.04,3554.09
906186,2026-07-31,592.88,2424.97
906187,2026-07-31,1542.07,5710.84
906213,2026-07-31,2445.41,3604.6
906231,2026-07-31,208.94,833.19
906258,2026-07-31,759.35,2294.91
906283,2026-07-31,1572.29,5767.02
906285,2026-07-31,1443.66,3144.72
906289,2026-07-31,1497.48,7444.67
906312,2026-07-31,1610.17,5882.63
906330,2026-07-31,818.59,3336.75
906350,2026-07-31,2972.61,2203.18
906379,2026-07-31,1743.75,3136.9
906438,2026-07-31,2941.2,1507.09
906460,2026-07-31,746.96,3140.6
906465,2026-07-31,5032.93,1808.06
906468,2026-07-31,2246.81,1189.59
906478,2026-07-31,258.82,1574.07
906483,2026-07-31,258.64,635.2
906485,2026-07-31,6778.99,3475.36
906500,2026-07-31,2654.29,7227.76
906501,2026-07-31,435.73,2575.56
906506,2026-07-31,1815.37,5002.43
906535,2026-07-31,2413.15,1780.22
906560,2026-07-31,4119.05,1370.32
906573,2026-07-31,801.25,1736.96
906590,2026-07-31,750.55,1843.12
906611,2026-07-31,1912.94,6851.54
906651,2026-07-31,2179.19,7748.42
906673,2026-07-31,3413.87,6558.76
906712,2026-07-31,780.78,3087.48
906716,2026-07-31,371.25,1065.29
906718,2026-07-31,1400.53,3575.37
906727,2026-07-31,2834.75,2994.91
906740,2026-07-31,2519.09,2722.07
906765,2026-07-31,582.34,988.34
906772,2026-07-31,521.37,984.43
906819,2026-07-31,1476.92,3800.17
906821,2026-07-31,2653.4,1331.41
906822,2026-07-31,104.98,350.56
906834,2026-07-31,1622.14,1603.95
906837,2026-07-31,2122.11,5593.28
906839,2026-07-31,1302.83,6066.89
906866,2026-07-31,253.22,653.41
906880,2026-07-31,1985.77,6312.66
906928,2026-07-31,3218.38,2465.78
906960,2026-07-31,945.6,915.56
906973,2026-07-31,1223.15,5441.16
906979,2026-07-31,2208.54,2213.58
906991,2026-07-31,1200.58,2844.23
907024,2026-07-31,669.36,502.71
907054,2026-07-31,3817.19,3128.51
907072,2026-07-31,3962.94,2915.17
907092,2026-07-31,2863.1,7556.56
907111,2026-07-31,2203.66,3748.86
907119,2026-07-31,5004.57,2024.8
907122,2026-07-31,2882.74,5578.4
907124,2026-07-31,5441.76,2726.14
907146,2026-07-31,3145.99,1635.02
907167,2026-07-31,4929.55,2281.52
907182,2026-07-31,3181.45,2006.86
907199,2026-07-31,328.22,476.66
907200,2026-07-31,1448.46,495.77
907212,2026-07-31,1759.93,3604.22
907232,2026-07-31,928.55,4374.49
907237,2026-07-31,603.82,1962.61
907295,2026-07-31,418.09,1998.38
907300,2026-07-31,705.84,469.35
907319,2026-07-31,528.25,164.69
907320,2026-07-31,4464.34,1318.0
907328,2026-07-31,559.46,547.95
907331,2026-07-31,1213.12,2657.95
907341,2026-07-31,907.41,1669.94
907352,2026-07-31,934.03,2186.03
907388,2026-07-31,3177.9,6690.62
907391,2026-07-31,269.77,445.6
907394,2026-07-31,3504.27,4498.34
907406,2026-07-31,3590.89,2817.38
907416,2026-07-31,1861.82,4003.28
907429,2026-07-31,1872.93,2487.4
907451,2026-07-31,2258.61,7703.24
907460,2026-07-31,769.21,2484.72
907486,2026-07-31,723.6,2098.16
907505,2026-07-31,3441.09,1030.69
907531,2026-07-31,1258.22,4597.22
907542,2026-07-31,5117.84,2411.06
907556,2026-07-31,1627.95,3253.48
907566,2026-07-31,1878.75,1227.57
907571,2026-07-31,3036.16,2540.81
907591,2026-07-31,2229.47,6647.61
907596,2026-07-31,795.36,4764.24
907608,2026-07-31,2627.49,7138.09
907621,2026-07-31,1638.91,6082.1
907641,2026-07-31,3975.41,2801.84
907642,2026-07-31,1190.67,5538.96
907671,2026-07-31,1106.26,525.36
907673,2026-07-31,4601.16,2588.14
907677,2026-07-31,4326.27,1885.33
907696,2026-07-31,1686.79,1290.59
907727,2026-07-31,1232.77,5727.16
907735,2026-07-31,380.72,2237.64
907755,2026-07-31,963.21,3949.37
907758,2026-07-31,5146.3,1292.22
907761,2026-07-31,3898.69,2738.02
907770,2026-07-31,3154.66,1018.86
907774,2026-07-31,785.66,1658.49
907783,2026-07-31,2562.29,2675.64
907800,2026-07-31,1426.5,5942.66
907844,2026-07-31,1753.14,2019.28
907878,2026-07-31,612.36,1449.66
907885,2026-07-31,947.7,4439.46
907893,2026-07-31,618.1,1913.42
907915,2026-07-31,2325.97,1868.79
907919,2026-07-31,794.89,1543.86
907950,2026-07-31,751.06,2191.01
907951,2026-07-31,2237.5,1002.17
907964,2026-07-31,630.27,1673.55
907971,2026-07-31,523.76,2144.54
907991,2026-07-31,2690.18,4214.11
908002,2026-07-31,1322.14,3527.54
908004,2026-07-31,1665.87,901.44
908061,2026-07-31,751.77,1481.74
908103,2026-07-31,300.83,250.2
908105,2026-07-31,3085.4,1291.59
908106,2026-07-31,1929.0,5892.37
908154,2026-07-31,2257.79,2384.31
908180,2026-07-31,1585.91,1971.88
908187,2026-07-31,531.02,1865.11
908230,2026-07-31,3468.87,1765.39
908232,2026-07-31,1840.91,5198.55
908242,2026-07-31,2209.89,6599.98
908246,2026-07-31,252.96,931.14
908258,2026-07-31,2057.08,930.22
908266,2026-07-31,2119.39,2271.58
908291,2026-07-31,205.89,264.78
908294,2026-07-31,309.21,223.22
908352,2026-07-31,1979.17,586.67
908353,2026-07-31,963.84,3087.38
908360,2026-07-31,868.11,755.22
908392,2026-07-31,3140.36,1279.99
908401,2026-07-31,858.54,1216.2
908417,2026-07-31,1139.73,589.73
908425,2026-07-31,948.23,3577.83
908427,2026-07-31,521.86,1193.6
908430,2026-07-31,3781.97,3314.82
908449,2026-07-31,316.87,946.94
908461,2026-07-31,501.06,1410.19
908466,2026-07-31,2773.24,1203.55
908482,2026-07-31,267.79,1134.31
908499,2026-07-31,1953.67,4692.99
908501,2026-07-31,1171.89,574.94
908512,2026-07-31,2884.13,5662.29
908521,2026-07-31,1773.66,3613.66
908557,2026-07-31,2421.2,5935.94
908572,2026-07-31,1534.25,8180.07
908582,2026-07-31,589.32,1697.97
908583,2026-07-31,2219.81,4445.63
908607,2026-07-31,1434.71,353.27
908609,2026-07-31,993.63,3137.34
908628,2026-07-31,2364.17,7133.04
908643,2026-07-31,1951.95,1328.14
908653,2026-07-31,2020.15,786.33
908665,2026-07-31,1777.3,7235.12
908681,2026-07-31,1973.57,5616.81
908691,2026-07-31,818.37,2216.55
908693,2026-07-31,3345.86,1643.72
908718,2026-07-31,686.4,3066.77
908745,2026-07-31,2236.07,2054.7
908749,2026-07-31,2055.07,1297.66
908789,2026-07-31,1650.52,3443.88
908834,2026-07-31,1303.51,3094.14
908860,2026-07-31,1912.72,8631.7
908862,2026-07-31,494.14,995.2
908882,2026-07-31,352.47,837.08
908892,2026-07-31,135.21,626.32
908922,2026-07-31,401.41,335.27
908929,2026-07-31,531.29,661.48
908939,2026-07-31,1962.06,1758.82
908983,2026-07-31,2951.33,1653.08
