REFINANCE_DATE,DEAL_NO,REFINANCED_DEAL_NO,REFINANCE_AMOUNT
2020-02-29,500301,500037,2328.64
2020-02-29,500302,500081,23268.73
2020-02-29,500303,500121,191773.54
2020-02-29,500304,500173,1614.65
2020-02-29,500305,500190,82822.87
2020-02-29,500306,500262,2985.76
2020-03-31,500607,500103,65115.53
2020-03-31,500608,500231,1478.53
2020-03-31,500609,500271,22530.16
2020-03-31,500610,500578,27511.82
2020-04-30,500918,500742,4195.94
2020-04-30,500917,500614,4025.85
2020-04-30,500916,500496,20246.2
2020-04-30,500915,500410,4434.79
2020-04-30,500912,500227,1454.63
2020-04-30,500913,500235,17738.16
2020-04-30,500911,500201,43382.17
2020-04-30,500914,500283,30993.0
2020-05-31,501227,500870,3337.99
2020-05-31,501232,501175,2227.36
2020-05-31,501231,501122,3268.95
2020-05-31,501230,500997,38889.76
2020-05-31,501228,500902,27233.14
2020-05-31,501226,500740,38770.67
2020-05-31,501229,500943,11238.66
2020-05-31,501224,500675,14798.07
2020-05-31,501219,500249,89657.11
2020-05-31,501220,500474,178298.89
2020-05-31,501221,500501,9765.78
2020-05-31,501225,500700,20719.69
2020-05-31,501222,500525,4116.98
2020-05-31,501223,500545,4062.58
2020-06-30,501551,501191,4206.86
2020-06-30,501543,500708,3826.33
2020-06-30,501549,501116,5871.46
2020-06-30,501548,501047,14474.0
2020-06-30,501547,500956,27868.32
2020-06-30,501546,500851,170822.19
2020-06-30,501545,500805,158415.26
2020-06-30,501544,500753,3725.62
2020-06-30,501552,501304,181275.62
2020-06-30,501550,501157,12271.09
2020-06-30,501542,500688,66513.7
2020-06-30,501540,500631,111492.81
2020-06-30,501539,500591,171683.23
2020-06-30,501538,500554,2683.1
2020-06-30,501537,500481,12301.82
2020-06-30,501536,500400,26348.49
2020-06-30,501535,500372,21246.47
2020-06-30,501534,500307,18537.01
2020-06-30,501533,500125,2690.49
2020-06-30,501541,500665,44374.47
2020-07-31,501860,500510,124874.46
2020-07-31,501865,501634,2381.93
2020-07-31,501864,501177,35320.51
2020-07-31,501862,500596,3318.07
2020-07-31,501861,500521,2055.52
2020-07-31,501859,500487,3795.3
2020-07-31,501863,501026,2315.57
2020-07-31,501857,500232,2966.31
2020-07-31,501856,500220,8705.84
2020-07-31,501855,500129,55983.45
2020-07-31,501858,500380,79126.87
2020-07-31,501854,500052,61083.71
2020-07-31,501853,500046,26451.33
2020-08-31,502182,501582,2584.35
2020-08-31,502183,501624,62943.77
2020-08-31,502184,501651,16205.27
2020-08-31,502185,501722,2992.39
2020-08-31,502186,501757,13855.12
2020-08-31,502189,501947,75812.06
2020-08-31,502188,501895,3299.38
2020-08-31,502181,501540,60501.82
2020-08-31,502190,501999,2539.71
2020-08-31,502191,502016,3822.08
2020-08-31,502192,502074,26994.6
2020-08-31,502187,501778,39436.19
2020-08-31,502180,501430,22087.18
2020-08-31,502193,502155,175879.34
2020-08-31,502178,501388,1214.78
2020-08-31,502179,501400,135008.49
2020-08-31,502167,500364,3924.85
2020-08-31,502168,500367,62097.61
2020-08-31,502169,500460,3504.3
2020-08-31,502170,500622,2284.54
2020-08-31,502171,500871,10065.05
2020-08-31,502166,500167,9179.0
2020-08-31,502173,501039,167909.18
2020-08-31,502174,501207,2727.13
2020-08-31,502175,501277,2667.48
2020-08-31,502176,501331,30367.37
2020-08-31,502177,501361,2515.96
2020-08-31,502172,500916,19295.26
2020-09-30,502509,501696,2852.08
2020-09-30,502510,501721,2564.52
2020-09-30,502511,501731,30374.43
2020-09-30,502512,501741,41658.56
2020-09-30,502515,501980,2816.22
2020-09-30,502514,501914,3066.2
2020-09-30,502516,502189,124206.4
2020-09-30,502517,502381,2932.02
2020-09-30,502518,502474,31071.96
2020-09-30,502508,501563,3964.08
2020-09-30,502513,501801,2017.35
2020-09-30,502507,501551,2922.09
2020-09-30,502503,501221,19970.59
2020-09-30,502505,501401,35792.74
2020-09-30,502494,500208,31310.35
2020-09-30,502506,501455,2210.28
2020-09-30,502496,500427,2014.52
2020-09-30,502497,500625,23072.52
2020-09-30,502498,500826,31086.97
2020-09-30,502495,500376,33976.5
2020-09-30,502500,501088,2575.51
2020-09-30,502501,501091,1824.36
2020-09-30,502502,501217,74041.1
2020-09-30,502504,501389,3793.57
2020-09-30,502499,500949,13948.67
2020-10-31,502829,502121,6427.96
2020-10-31,502836,502771,11309.84
2020-10-31,502835,502759,32754.2
2020-10-31,502834,502506,3556.19
2020-10-31,502833,502456,38733.81
2020-10-31,502832,502322,4226.18
2020-10-31,502830,502184,10295.83
2020-10-31,502828,502093,30399.74
2020-10-31,502831,502237,2521.55
2020-10-31,502826,501718,4332.95
2020-10-31,502820,500326,4104.69
2020-10-31,502821,500852,1787.02
2020-10-31,502822,501271,32734.75
2020-10-31,502819,500313,17491.74
2020-10-31,502827,501743,2640.04
2020-10-31,502824,501557,2454.96
2020-10-31,502825,501589,24947.78
2020-10-31,502823,501313,9586.75
2020-11-30,503148,501852,2761.48
2020-11-30,503154,502760,3957.51
2020-11-30,503153,502519,3543.36
2020-11-30,503152,502426,166587.07
2020-11-30,503151,502418,51824.75
2020-11-30,503150,502268,4421.63
2020-11-30,503149,501897,77695.48
2020-11-30,503146,500975,3256.29
2020-11-30,503147,501486,2654.75
2020-11-30,503144,500821,3629.99
2020-11-30,503143,500657,1964.05
2020-11-30,503142,500607,40258.19
2020-11-30,503141,500448,2662.45
2020-11-30,503140,500394,1832.32
2020-11-30,503139,500343,21501.81
2020-11-30,503138,500160,36650.56
2020-11-30,503137,500038,1612.69
2020-11-30,503145,500874,24001.08
2020-12-31,503470,502502,66352.59
2020-12-31,503471,502628,1953.11
2020-12-31,503472,502688,45976.92
2020-12-31,503473,502812,110803.08
2020-12-31,503474,502936,96281.63
2020-12-31,503478,503308,3046.42
2020-12-31,503475,503186,3358.98
2020-12-31,503476,503199,9545.84
2020-12-31,503477,503290,1623.69
2020-12-31,503479,503317,23930.82
2020-12-31,503469,502370,1495.12
2020-12-31,503480,503454,67105.95
2020-12-31,503468,501928,22437.66
2020-12-31,503460,501110,32199.64
2020-12-31,503466,501689,20145.1
2020-12-31,503467,501910,2642.57
2020-12-31,503455,500032,136820.34
2020-12-31,503456,500049,2246.72
2020-12-31,503458,500485,63630.21
2020-12-31,503459,500634,2428.53
2020-12-31,503457,500303,52054.07
2020-12-31,503462,501251,3261.25
2020-12-31,503463,501302,11109.29
2020-12-31,503464,501336,1733.72
2020-12-31,503465,501660,2464.88
2020-12-31,503461,501118,2830.91
2021-01-31,503799,502748,23384.76
2021-01-31,503796,502522,110958.97
2021-01-31,503797,502559,1259.87
2021-01-31,503798,502611,25303.81
2021-01-31,503800,502868,2219.17
2021-01-31,503806,503751,4512.92
2021-01-31,503802,503302,2326.24
2021-01-31,503803,503375,2242.81
2021-01-31,503804,503433,9040.96
2021-01-31,503805,503574,4206.57
2021-01-31,503801,502910,1307.83
2021-01-31,503794,502380,2569.1
2021-01-31,503795,502451,45767.73
2021-01-31,503792,502279,2090.27
2021-01-31,503793,502356,12975.42
2021-01-31,503782,500751,12179.35
2021-01-31,503783,501049,1676.09
2021-01-31,503784,501087,1521.64
2021-01-31,503785,501097,7985.68
2021-01-31,503781,500734,1633.3
2021-01-31,503787,501781,10380.57
2021-01-31,503788,501985,10215.51
2021-01-31,503789,502100,3040.81
2021-01-31,503790,502219,135124.52
2021-01-31,503791,502260,11423.7
2021-01-31,503786,501549,19301.8
2021-02-28,504119,503260,104267.05
2021-02-28,504127,504041,75581.25
2021-02-28,504126,503999,21188.25
2021-02-28,504125,503804,34033.19
2021-02-28,504124,503674,2215.8
2021-02-28,504123,503631,17158.89
2021-02-28,504122,503459,2174.31
2021-02-28,504121,503351,174041.52
2021-02-28,504120,503343,85180.96
2021-02-28,504118,502827,3245.38
2021-02-28,504115,502080,6046.3
2021-02-28,504116,502196,114229.36
2021-02-28,504117,502571,4592.92
2021-02-28,504108,500491,25258.89
2021-02-28,504109,500563,17150.27
2021-02-28,504110,500641,4137.87
2021-02-28,504107,500332,9068.44
2021-02-28,504112,501233,6947.88
2021-02-28,504113,501431,38695.91
2021-02-28,504114,501789,32712.29
2021-02-28,504111,501106,3792.36
2021-03-31,504440,502864,31975.64
2021-03-31,504448,504404,1486.16
2021-03-31,504447,504216,153321.67
2021-03-31,504446,503978,152845.04
2021-03-31,504445,503864,1495.94
2021-03-31,504444,503757,2394.83
2021-03-31,504443,503380,1989.06
2021-03-31,504442,503258,93465.76
2021-03-31,504441,503111,3822.45
2021-03-31,504439,502738,16420.76
2021-03-31,504428,500513,3736.35
2021-03-31,504437,502161,38508.24
2021-03-31,504436,502040,13005.1
2021-03-31,504435,501992,1594.77
2021-03-31,504434,501550,16124.59
2021-03-31,504433,501481,20722.23
2021-03-31,504432,501474,135973.84
2021-03-31,504431,501472,143717.04
2021-03-31,504430,500963,13801.56
2021-03-31,504429,500908,4271.35
2021-03-31,504438,502568,29442.66
2021-04-30,504765,502459,16331.86
2021-04-30,504766,502658,17434.63
2021-04-30,504767,503141,3068.17
2021-04-30,504768,503327,2783.37
2021-04-30,504769,503386,1518.01
2021-04-30,504770,503611,1490.01
2021-04-30,504776,504591,88271.46
2021-04-30,504773,504433,6382.11
2021-04-30,504774,504465,22605.14
2021-04-30,504775,504503,13987.24
2021-04-30,504777,504664,7179.22
2021-04-30,504764,502258,5069.42
2021-04-30,504771,503858,2681.02
2021-04-30,504763,502012,2214.47
2021-04-30,504772,504202,36312.58
2021-04-30,504761,501595,169798.66
2021-04-30,504749,500055,3549.72
2021-04-30,504750,500205,9901.16
2021-04-30,504751,500347,34422.25
2021-04-30,504753,500488,3169.12
2021-04-30,504762,501703,2156.94
2021-04-30,504754,500806,3246.43
2021-04-30,504752,500351,6551.8
2021-04-30,504756,501076,6920.63
2021-04-30,504757,501325,14316.99
2021-04-30,504758,501330,8817.46
2021-04-30,504759,501547,26088.37
2021-04-30,504760,501594,2679.61
2021-04-30,504755,500992,2537.92
2021-05-31,505102,503708,31588.58
2021-05-31,505097,503153,1785.48
2021-05-31,505098,503413,169048.9
2021-05-31,505099,503517,3381.85
2021-05-31,505100,503572,2843.93
2021-05-31,505101,503651,3063.06
2021-05-31,505103,503727,5045.24
2021-05-31,505110,505061,112308.24
2021-05-31,505105,504513,3350.72
2021-05-31,505106,504696,64738.8
2021-05-31,505107,504746,4230.11
2021-05-31,505108,504748,28422.82
2021-05-31,505109,504965,4835.94
2021-05-31,505096,502932,2887.2
2021-05-31,505104,503872,2785.48
2021-05-31,505095,502811,72821.84
2021-05-31,505092,502657,14084.68
2021-05-31,505093,502698,2787.63
2021-05-31,505078,500316,5564.64
2021-05-31,505079,500375,1447.69
2021-05-31,505094,502704,1857.03
2021-05-31,505081,500635,1914.32
2021-05-31,505082,500643,949.3
2021-05-31,505083,501074,9185.75
2021-05-31,505084,501406,3468.74
2021-05-31,505080,500608,2895.06
2021-05-31,505086,502122,12317.58
2021-05-31,505087,502148,3051.68
2021-05-31,505088,502178,2524.33
2021-05-31,505089,502284,2039.09
2021-05-31,505090,502319,5903.69
2021-05-31,505091,502491,4116.71
2021-05-31,505085,501682,17692.51
2021-06-30,505424,503096,1460.94
2021-06-30,505426,503704,7649.41
2021-06-30,505427,503791,29342.86
2021-06-30,505428,503936,19459.41
2021-06-30,505432,504940,118201.53
2021-06-30,505430,504304,7611.35
2021-06-30,505431,504739,17170.08
2021-06-30,505433,505063,1663.34
2021-06-30,505423,502801,77058.87
2021-06-30,505429,504065,4645.45
2021-06-30,505422,502518,13147.07
2021-06-30,505425,503356,3952.77
2021-06-30,505420,502275,3277.32
2021-06-30,505421,502340,22821.65
2021-06-30,505411,500120,203785.24
2021-06-30,505412,500128,8035.13
2021-06-30,505414,501438,3425.38
2021-06-30,505415,501602,187321.18
2021-06-30,505413,500648,150001.87
2021-06-30,505417,501835,105174.5
2021-06-30,505418,502083,6855.8
2021-06-30,505419,502090,53723.85
2021-06-30,505416,501657,39525.54
2021-07-31,505756,505255,4303.31
2021-07-31,505751,503915,3224.28
2021-07-31,505752,504098,18863.1
2021-07-31,505753,504736,128518.7
2021-07-31,505755,505017,4180.66
2021-07-31,505757,505281,6252.33
2021-07-31,505762,505606,8029.06
2021-07-31,505759,505454,2371.8
2021-07-31,505760,505487,31384.06
2021-07-31,505761,505529,2024.02
2021-07-31,505750,503696,17007.38
2021-07-31,505763,505670,86171.01
2021-07-31,505764,505713,117911.98
2021-07-31,505758,505330,1143.75
2021-07-31,505749,503693,146912.06
2021-07-31,505754,504841,2827.76
2021-07-31,505747,503448,3108.22
2021-07-31,505748,503561,4084.08
2021-07-31,505734,500315,4326.6
2021-07-31,505736,500629,90473.87
2021-07-31,505737,501498,64458.43
2021-07-31,505738,501544,2247.64
2021-07-31,505739,501821,23562.39
2021-07-31,505735,500399,9533.56
2021-07-31,505741,502497,7068.98
2021-07-31,505742,503083,15536.95
2021-07-31,505743,503119,2183.73
2021-07-31,505744,503239,4104.08
2021-07-31,505745,503318,16925.39
2021-07-31,505740,501923,31950.38
2021-07-31,505746,503427,3855.12
2021-08-31,506096,504830,22192.08
2021-08-31,506095,504717,3084.95
2021-08-31,506094,504715,1805.53
2021-08-31,506093,504643,3423.32
2021-08-31,506091,504484,11435.62
2021-08-31,506090,504454,4019.22
2021-08-31,506089,504318,2714.49
2021-08-31,506097,504979,3371.98
2021-08-31,506092,504559,2046.69
2021-08-31,506098,504998,1426.74
2021-08-31,506105,505804,28768.13
2021-08-31,506100,505081,4354.9
2021-08-31,506101,505171,35312.69
2021-08-31,506102,505212,3405.72
2021-08-31,506103,505354,2634.1
2021-08-31,506109,505945,22243.57
2021-08-31,506106,505866,104266.83
2021-08-31,506107,505895,4952.11
2021-08-31,506108,505933,35371.6
2021-08-31,506088,504021,93996.71
2021-08-31,506099,505006,52930.63
2021-08-31,506087,503784,2743.83
2021-08-31,506104,505536,1448.74
2021-08-31,506085,503677,139531.7
2021-08-31,506065,500070,17520.61
2021-08-31,506066,500259,3462.39
2021-08-31,506067,500264,94766.73
2021-08-31,506068,500610,6825.54
2021-08-31,506069,500977,3132.52
2021-08-31,506070,501319,10742.59
2021-08-31,506071,501639,108424.22
2021-08-31,506072,501834,3405.69
2021-08-31,506073,501873,2761.6
2021-08-31,506074,502010,16254.62
2021-08-31,506086,503782,5536.76
2021-08-31,506076,502130,4076.72
2021-08-31,506077,502187,26018.13
2021-08-31,506078,502336,2651.88
2021-08-31,506079,502464,181850.6
2021-08-31,506080,502468,150388.14
2021-08-31,506081,502501,2000.43
2021-08-31,506082,502916,170953.85
2021-08-31,506083,503229,115501.74
2021-08-31,506084,503670,13852.25
2021-08-31,506075,502043,1115.32
2021-09-30,506428,504750,17833.16
2021-09-30,506429,504799,3259.33
2021-09-30,506430,504823,19400.11
2021-09-30,506431,504933,16835.84
2021-09-30,506432,505032,18455.37
2021-09-30,506434,505118,80035.28
2021-09-30,506438,505966,32866.59
2021-09-30,506436,505562,2040.23
2021-09-30,506437,505817,30977.77
2021-09-30,506426,504566,2551.69
2021-09-30,506439,506084,17339.38
2021-09-30,506440,506199,1791.98
2021-09-30,506441,506200,19262.07
2021-09-30,506435,505128,12923.8
2021-09-30,506425,504341,18835.75
2021-09-30,506433,505101,3095.83
2021-09-30,506423,503962,1199.18
2021-09-30,506424,504168,32740.03
2021-09-30,506410,500465,66873.54
2021-09-30,506411,500555,2201.21
2021-09-30,506412,501758,3368.96
2021-09-30,506413,501764,24392.06
2021-09-30,506414,502107,8694.63
2021-09-30,506415,502270,10476.14
2021-09-30,506427,504570,13703.0
2021-09-30,506417,502945,1467.26
2021-09-30,506418,503298,2645.34
2021-09-30,506419,503440,5913.22
2021-09-30,506420,503441,186454.86
2021-09-30,506421,503494,38002.2
2021-09-30,506422,503706,155699.81
2021-09-30,506416,502794,6861.42
2021-10-31,506776,505158,2235.49
2021-10-31,506775,505093,3849.56
2021-10-31,506774,505090,25991.92
2021-10-31,506773,504993,3093.82
2021-10-31,506770,504802,2289.65
2021-10-31,506771,504872,1544.97
2021-10-31,506777,505304,13760.48
2021-10-31,506769,504771,2212.3
2021-10-31,506768,504583,109036.86
2021-10-31,506772,504966,2355.47
2021-10-31,506778,505308,3298.07
2021-10-31,506782,505852,2772.93
2021-10-31,506780,505641,166281.41
2021-10-31,506781,505683,1361.08
2021-10-31,506783,505909,2585.73
2021-10-31,506784,505928,149974.48
2021-10-31,506785,505929,3142.84
2021-10-31,506767,504481,16049.17
2021-10-31,506787,506431,21594.15
2021-10-31,506788,506494,2624.45
2021-10-31,506789,506662,2512.76
2021-10-31,506790,506728,3634.65
2021-10-31,506791,506741,4235.83
2021-10-31,506779,505486,68605.56
2021-10-31,506786,506369,2188.12
2021-10-31,506766,504416,3174.82
2021-10-31,506764,504361,13595.0
2021-10-31,506742,500014,3085.42
2021-10-31,506743,500226,29078.85
2021-10-31,506744,500633,2166.24
2021-10-31,506746,501491,114512.95
2021-10-31,506747,501519,176305.03
2021-10-31,506748,501966,2850.68
2021-10-31,506749,501982,992.47
2021-10-31,506750,502014,8008.86
2021-10-31,506751,502273,1503.27
2021-10-31,506752,502289,17283.93
2021-10-31,506745,500804,27489.92
2021-10-31,506754,502724,7379.76
2021-10-31,506753,502512,16692.8
2021-10-31,506763,504023,3989.71
2021-10-31,506762,503907,15648.68
2021-10-31,506761,503841,3404.41
2021-10-31,506760,503702,66316.73
2021-10-31,506765,504390,2459.26
2021-10-31,506758,503128,1837.66
2021-10-31,506757,503002,2290.91
2021-10-31,506756,502948,91741.32
2021-10-31,506755,502757,3396.8
2021-10-31,506759,503485,30024.69
2021-11-30,507108,503868,2506.7
2021-11-30,507109,504121,37967.48
2021-11-30,507110,504249,81300.57
2021-11-30,507111,504255,91125.73
2021-11-30,507112,504775,11427.63
2021-11-30,507113,504803,92260.89
2021-11-30,507114,504930,1708.97
2021-11-30,507117,505510,7978.33
2021-11-30,507116,505390,33516.46
2021-11-30,507118,506066,4472.54
2021-11-30,507119,506171,2613.87
2021-11-30,507121,506822,2949.5
2021-11-30,507122,507044,1400.24
2021-11-30,507115,505133,2781.35
2021-11-30,507120,506377,3182.41
2021-11-30,507106,503108,1740.68
2021-11-30,507105,503000,1908.34
2021-11-30,507107,503812,84856.03
2021-11-30,507092,500771,20878.07
2021-11-30,507094,501276,2693.78
2021-11-30,507095,501286,36605.68
2021-11-30,507096,501426,776.37
2021-11-30,507097,501800,122233.59
2021-11-30,507093,500988,8691.15
2021-11-30,507099,502128,95914.68
2021-11-30,507100,502246,2182.1
2021-11-30,507101,502347,4026.05
2021-11-30,507102,502458,7794.05
2021-11-30,507103,502858,3907.74
2021-11-30,507098,501913,72893.07
2021-11-30,507104,502887,14920.19
2021-12-31,507455,505624,2942.56
2021-12-31,507454,505499,3123.21
2021-12-31,507453,505427,8099.96
2021-12-31,507452,505252,75276.19
2021-12-31,507450,504927,15109.29
2021-12-31,507449,504925,6401.98
2021-12-31,507448,504773,34158.05
2021-12-31,507456,505648,3193.16
2021-12-31,507451,505080,3693.95
2021-12-31,507457,505702,1780.5
2021-12-31,507464,507255,2415.82
2021-12-31,507459,505800,20954.76
2021-12-31,507460,505938,26731.24
2021-12-31,507461,506208,67097.2
2021-12-31,507462,506769,2214.4
2021-12-31,507463,506878,3803.03
2021-12-31,507465,507281,113940.35
2021-12-31,507466,507294,34545.53
2021-12-31,507467,507328,4202.56
2021-12-31,507447,504394,78068.89
2021-12-31,507458,505738,2050.65
2021-12-31,507446,504293,1442.91
2021-12-31,507429,501528,2475.45
2021-12-31,507444,504101,76713.38
2021-12-31,507423,500042,5490.23
2021-12-31,507425,500352,1542.6
2021-12-31,507426,500611,9297.03
2021-12-31,507427,500652,157513.96
2021-12-31,507428,501176,20045.38
2021-12-31,507445,504251,1935.39
2021-12-31,507430,501878,4406.6
2021-12-31,507431,501990,2607.27
2021-12-31,507432,502061,2602.86
2021-12-31,507433,502186,25238.24
2021-12-31,507424,500321,2725.19
2021-12-31,507435,502371,3041.32
2021-12-31,507434,502343,1346.77
2021-12-31,507442,503723,18406.73
2021-12-31,507441,503320,2737.44
2021-12-31,507440,503138,5753.02
2021-12-31,507443,503942,3328.53
2021-12-31,507438,502998,73165.06
2021-12-31,507437,502892,28449.87
2021-12-31,507436,502848,16297.51
2021-12-31,507439,503004,73635.55
2022-01-31,507792,505752,5467.93
2022-01-31,507799,506108,12134.85
2022-01-31,507793,505756,3129.15
2022-01-31,507794,505814,2289.81
2022-01-31,507795,505857,81188.02
2022-01-31,507796,506039,15169.24
2022-01-31,507797,506082,173437.77
2022-01-31,507798,506090,2529.07
2022-01-31,507800,506260,34534.95
2022-01-31,507805,507330,5823.98
2022-01-31,507802,506999,25622.6
2022-01-31,507803,507060,12107.42
2022-01-31,507804,507122,2238.01
2022-01-31,507806,507361,85886.15
2022-01-31,507807,507437,7452.62
2022-01-31,507808,507649,2970.88
2022-01-31,507809,507712,2547.36
2022-01-31,507791,505584,38188.89
2022-01-31,507801,506395,26473.07
2022-01-31,507790,505366,20142.88
2022-01-31,507789,505184,3894.52
2022-01-31,507773,501766,19475.56
2022-01-31,507788,505179,21779.09
2022-01-31,507768,500256,3080.11
2022-01-31,507769,500520,112327.77
2022-01-31,507770,500788,941.8
2022-01-31,507771,501004,94453.18
2022-01-31,507772,501447,50630.19
2022-01-31,507774,501826,9355.98
2022-01-31,507775,501945,25881.51
2022-01-31,507777,502312,33991.15
2022-01-31,507776,502058,25691.83
2022-01-31,507779,502953,1785.15
2022-01-31,507780,503041,10435.36
2022-01-31,507781,503191,3336.95
2022-01-31,507782,503629,4601.95
2022-01-31,507783,503736,2851.02
2022-01-31,507784,503808,10051.23
2022-01-31,507785,503990,30408.8
2022-01-31,507786,504420,36982.78
2022-01-31,507787,504578,132364.73
2022-01-31,507778,502937,96267.06
2022-02-28,508142,506224,36381.53
2022-02-28,508144,506480,30500.01
2022-02-28,508143,506439,7500.01
2022-02-28,508141,506087,3436.92
2022-02-28,508136,505981,1611.27
2022-02-28,508139,506046,3717.15
2022-02-28,508138,506018,109089.98
2022-02-28,508137,505990,1911.93
2022-02-28,508145,506635,1406.4
2022-02-28,508140,506086,27144.24
2022-02-28,508146,506644,8441.48
2022-02-28,508157,508058,2176.24
2022-02-28,508148,506977,56612.77
2022-02-28,508149,507306,27354.06
2022-02-28,508150,507339,27451.99
2022-02-28,508151,507363,3022.71
2022-02-28,508152,507396,2761.07
2022-02-28,508153,507634,1542.15
2022-02-28,508154,507646,3361.17
2022-02-28,508155,507814,3187.35
2022-02-28,508156,507848,10419.46
2022-02-28,508158,508098,1512.32
2022-02-28,508147,506751,3182.76
2022-02-28,508135,505867,119111.87
2022-02-28,508110,500647,11006.54
2022-02-28,508133,505226,158631.2
2022-02-28,508111,500904,2976.6
2022-02-28,508112,501684,24229.72
2022-02-28,508134,505772,25647.12
2022-02-28,508114,502194,31006.71
2022-02-28,508115,502250,14383.35
2022-02-28,508116,502589,42227.09
2022-02-28,508117,502761,4572.93
2022-02-28,508118,503257,14992.54
2022-02-28,508119,503345,54025.89
2022-02-28,508120,503691,1758.48
2022-02-28,508121,503797,2267.78
2022-02-28,508113,502054,1048.85
2022-02-28,508123,503870,28703.07
2022-02-28,508122,503857,2312.84
2022-02-28,508132,505162,2371.48
2022-02-28,508130,505053,3510.91
2022-02-28,508129,504732,14980.51
2022-02-28,508131,505102,10544.49
2022-02-28,508127,504537,11223.84
2022-02-28,508126,504476,262.63
2022-02-28,508125,504439,14946.8
2022-02-28,508124,503889,23885.64
2022-02-28,508128,504675,22699.06
2022-03-31,508485,507679,21336.09
2022-03-31,508479,505889,2822.31
2022-03-31,508481,506392,24909.14
2022-03-31,508482,506755,4173.46
2022-03-31,508483,507069,3320.3
2022-03-31,508484,507537,12671.97
2022-03-31,508486,507711,35037.06
2022-03-31,508492,508210,2321.0
2022-03-31,508488,508011,3500.54
2022-03-31,508489,508129,33282.86
2022-03-31,508490,508130,4298.52
2022-03-31,508491,508181,1167.01
2022-03-31,508493,508367,127305.17
2022-03-31,508494,508374,89315.37
2022-03-31,508478,505787,95379.32
2022-03-31,508487,507914,95655.19
2022-03-31,508477,505561,13672.58
2022-03-31,508480,506096,6414.06
2022-03-31,508475,505488,33970.84
2022-03-31,508459,500031,2207.34
2022-03-31,508460,500234,3989.86
2022-03-31,508461,500873,892.38
2022-03-31,508462,501022,2713.0
2022-03-31,508464,502069,1772.04
2022-03-31,508465,502766,2974.99
2022-03-31,508466,503015,2481.42
2022-03-31,508467,503840,81212.17
2022-03-31,508463,501872,1713.53
2022-03-31,508469,503991,82868.23
2022-03-31,508470,504362,6009.72
2022-03-31,508471,504472,2879.54
2022-03-31,508472,504703,67005.13
2022-03-31,508476,505541,79151.9
2022-03-31,508473,505014,6291.7
2022-03-31,508474,505045,1221.77
2022-03-31,508468,503897,2554.52
2022-04-30,508828,507176,14695.08
2022-04-30,508827,506576,23575.48
2022-04-30,508826,506422,64106.61
2022-04-30,508825,506349,2113.55
2022-04-30,508820,505357,6499.03
2022-04-30,508823,505903,142968.33
2022-04-30,508822,505553,6778.25
2022-04-30,508829,507274,25307.67
2022-04-30,508824,506078,1932.06
2022-04-30,508830,507362,130193.66
2022-04-30,508839,508584,1614.84
2022-04-30,508832,507823,69151.26
2022-04-30,508833,507870,2602.48
2022-04-30,508834,508047,171294.07
2022-04-30,508835,508151,3101.45
2022-04-30,508836,508494,82384.46
2022-04-30,508837,508511,2937.28
2022-04-30,508838,508537,3292.97
2022-04-30,508819,505275,5317.58
2022-04-30,508840,508673,4257.71
2022-04-30,508841,508692,2004.38
2022-04-30,508831,507373,20126.36
2022-04-30,508818,505265,1687.88
2022-04-30,508821,505388,4065.05
2022-04-30,508816,504824,2868.4
2022-04-30,508817,505207,3113.22
2022-04-30,508795,500170,1503.31
2022-04-30,508796,501425,3162.35
2022-04-30,508797,501561,152712.93
2022-04-30,508798,501790,21908.43
2022-04-30,508799,502414,2033.91
2022-04-30,508800,502740,2243.26
2022-04-30,508802,503166,103284.41
2022-04-30,508803,503339,21105.59
2022-04-30,508804,503428,11050.14
2022-04-30,508805,503515,2665.71
2022-04-30,508801,503105,1459.85
2022-04-30,508807,503957,1376.22
2022-04-30,508806,503580,2748.57
2022-04-30,508814,504665,81156.01
2022-04-30,508813,504533,3195.94
2022-04-30,508812,504522,3510.78
2022-04-30,508815,504758,4528.51
2022-04-30,508810,504434,10929.96
2022-04-30,508809,504428,2211.31
2022-04-30,508808,504264,2730.28
2022-04-30,508811,504458,2355.83
2022-05-31,509179,507832,1604.25
2022-05-31,509170,507077,3502.22
2022-05-31,509171,507184,2321.87
2022-05-31,509172,507202,2706.71
2022-05-31,509173,507226,3284.25
2022-05-31,509174,507453,37422.41
2022-05-31,509175,507459,37542.13
2022-05-31,509176,507496,2773.56
2022-05-31,509177,507709,1570.34
2022-05-31,509178,507746,3600.44
2022-05-31,509180,507887,121410.01
2022-05-31,509191,508865,21360.63
2022-05-31,509182,508321,3663.49
2022-05-31,509183,508365,126880.36
2022-05-31,509184,508387,2936.25
2022-05-31,509185,508729,21224.28
2022-05-31,509186,508811,2152.86
2022-05-31,509187,508814,145242.81
2022-05-31,509188,508832,136176.77
2022-05-31,509192,508966,10318.94
2022-05-31,509189,508840,2935.73
2022-05-31,509190,508851,5871.28
2022-05-31,509169,507016,1964.85
2022-05-31,509181,508230,16605.4
2022-05-31,509168,506979,15013.15
2022-05-31,509145,501841,52255.1
2022-05-31,509166,506829,2836.45
2022-05-31,509167,506860,5352.86
2022-05-31,509143,501189,1388.26
2022-05-31,509144,501626,3170.02
2022-05-31,509146,501974,31454.52
2022-05-31,509147,502225,3922.44
2022-05-31,509148,503337,35708.88
2022-05-31,509149,503534,12924.61
2022-05-31,509150,503824,3214.88
2022-05-31,509151,503860,18320.28
2022-05-31,509152,504123,16640.38
2022-05-31,509153,504338,15526.95
2022-05-31,509142,500056,13307.76
2022-05-31,509155,504540,22786.72
2022-05-31,509154,504514,4607.03
2022-05-31,509164,506487,140448.88
2022-05-31,509163,506263,102774.98
2022-05-31,509162,505663,3852.79
2022-05-31,509161,505447,35898.19
2022-05-31,509165,506554,2241.58
2022-05-31,509159,505227,3638.43
2022-05-31,509158,504995,63960.54
2022-05-31,509157,504752,22880.87
2022-05-31,509156,504708,2897.1
2022-05-31,509160,505324,121647.92
2022-06-30,509525,507763,191216.91
2022-06-30,509517,506865,2922.93
2022-06-30,509518,506958,4126.77
2022-06-30,509519,507212,139135.27
2022-06-30,509520,507411,3960.81
2022-06-30,509521,507462,2195.98
2022-06-30,509522,507574,36976.57
2022-06-30,509523,507640,17351.27
2022-06-30,509524,507661,19706.36
2022-06-30,509526,507789,2168.71
2022-06-30,509531,508455,41831.72
2022-06-30,509527,508227,123782.9
2022-06-30,509528,508256,1756.61
2022-06-30,509529,508326,21318.31
2022-06-30,509530,508441,21451.64
2022-06-30,509532,508525,42870.67
2022-06-30,509533,508543,18714.68
2022-06-30,509534,508546,136694.78
2022-06-30,509535,509324,3357.41
2022-06-30,509516,506846,2443.44
2022-06-30,509536,509445,17902.17
2022-06-30,509515,506807,3707.1
2022-06-30,509502,502866,21828.15
2022-06-30,509513,506051,50675.13
2022-06-30,509514,506373,29861.4
2022-06-30,509493,500288,9986.82
2022-06-30,509494,500524,8083.05
2022-06-30,509496,501079,1786.01
2022-06-30,509497,501208,2811.45
2022-06-30,509498,501524,18051.07
2022-06-30,509499,501842,1202.25
2022-06-30,509500,502213,23954.78
2022-06-30,509501,502374,2078.17
2022-06-30,509495,500789,13956.82
2022-06-30,509504,503590,191281.03
2022-06-30,509505,503799,31023.17
2022-06-30,509506,503803,3410.92
2022-06-30,509507,504285,70920.44
2022-06-30,509508,504958,20813.49
2022-06-30,509509,504980,74183.84
2022-06-30,509510,505500,17394.49
2022-06-30,509511,505914,187113.36
2022-06-30,509512,505940,2586.7
2022-06-30,509503,503451,1608.16
2022-07-31,509880,508260,9694.13
2022-07-31,509879,508200,3934.6
2022-07-31,509878,507930,135644.49
2022-07-31,509877,507792,16991.3
2022-07-31,509876,507465,191402.51
2022-07-31,509875,507366,37224.96
2022-07-31,509870,506720,85467.06
2022-07-31,509873,507224,7330.67
2022-07-31,509872,507214,8703.01
2022-07-31,509871,506774,13040.59
2022-07-31,509869,506637,2055.99
2022-07-31,509881,508271,36492.81
2022-07-31,509874,507267,142694.98
2022-07-31,509882,508327,105840.92
2022-07-31,509892,509153,28757.84
2022-07-31,509884,508352,167355.67
2022-07-31,509885,508452,18352.97
2022-07-31,509886,508603,1818.34
2022-07-31,509887,508617,1485.37
2022-07-31,509888,508734,79533.64
2022-07-31,509889,508836,49722.12
2022-07-31,509890,508855,29521.5
2022-07-31,509891,509050,11134.49
2022-07-31,509868,506605,6123.81
2022-07-31,509893,509212,4449.75
2022-07-31,509894,509374,12146.71
2022-07-31,509895,509381,18230.35
2022-07-31,509896,509667,4117.76
2022-07-31,509883,508342,37866.15
2022-07-31,509867,506535,2956.85
2022-07-31,509866,506417,3259.14
2022-07-31,509865,506268,60587.02
2022-07-31,509837,500203,18098.25
2022-07-31,509838,500509,2699.39
2022-07-31,509839,500715,2388.48
2022-07-31,509840,500915,1723.8
2022-07-31,509842,502015,20359.62
2022-07-31,509843,502402,2905.43
2022-07-31,509844,502499,8521.58
2022-07-31,509845,502768,14706.28
2022-07-31,509846,503187,72619.48
2022-07-31,509847,503255,30484.55
2022-07-31,509848,503376,65486.88
2022-07-31,509849,503458,81356.41
2022-07-31,509850,503683,59828.72
2022-07-31,509841,501394,34668.23
2022-07-31,509852,503996,2152.27
2022-07-31,509851,503763,2088.29
2022-07-31,509864,506228,6645.3
2022-07-31,509863,506210,3559.38
2022-07-31,509861,506031,7287.35
2022-07-31,509860,505835,11051.44
2022-07-31,509859,505762,31227.01
2022-07-31,509862,506133,32256.69
2022-07-31,509857,505117,34368.7
2022-07-31,509856,504917,72597.88
2022-07-31,509855,504720,3467.55
2022-07-31,509854,504337,24927.17
2022-07-31,509853,504019,7484.03
2022-07-31,509858,505699,3266.26
2022-08-31,510220,507503,19180.04
2022-08-31,510227,508651,2150.53
2022-08-31,510221,507688,2976.71
2022-08-31,510222,507702,2123.55
2022-08-31,510223,508118,10341.45
2022-08-31,510224,508184,22440.23
2022-08-31,510225,508368,101313.27
2022-08-31,510226,508481,33039.52
2022-08-31,510228,508761,142571.81
2022-08-31,510235,509647,28226.69
2022-08-31,510230,509132,35733.0
2022-08-31,510231,509203,110935.85
2022-08-31,510232,509429,48556.57
2022-08-31,510233,509528,1704.17
2022-08-31,510234,509630,2620.14
2022-08-31,510236,509809,2148.45
2022-08-31,510238,510070,32864.12
2022-08-31,510219,507345,1937.47
2022-08-31,510229,508907,26464.93
2022-08-31,510218,507278,26235.09
2022-08-31,510237,510023,8434.2
2022-08-31,510216,506430,14652.83
2022-08-31,510197,500861,155063.71
2022-08-31,510198,501041,1923.66
2022-08-31,510199,502087,897.91
2022-08-31,510200,502439,1615.01
2022-08-31,510201,502463,94744.96
2022-08-31,510202,502481,1968.9
2022-08-31,510203,502585,23107.94
2022-08-31,510204,502711,1448.81
2022-08-31,510205,503445,1405.31
2022-08-31,510217,506580,1958.47
2022-08-31,510207,504140,4559.74
2022-08-31,510208,505173,11114.73
2022-08-31,510209,505185,83213.17
2022-08-31,510210,505273,2769.08
2022-08-31,510211,505555,2883.81
2022-08-31,510212,505627,16994.82
2022-08-31,510213,505802,3463.21
2022-08-31,510214,505878,3789.21
2022-08-31,510215,506093,2567.79
2022-08-31,510206,503881,152839.49
2022-09-30,510569,507768,2650.29
2022-09-30,510568,507720,1221.25
2022-09-30,510567,507563,18669.65
2022-09-30,510563,507007,4286.03
2022-09-30,510565,507121,3621.33
2022-09-30,510564,507116,8341.07
2022-09-30,510570,507776,4893.34
2022-09-30,510566,507295,3255.28
2022-09-30,510571,507894,2094.45
2022-09-30,510576,508802,177536.14
2022-09-30,510573,508183,17709.32
2022-09-30,510574,508267,61451.23
2022-09-30,510575,508687,14632.75
2022-09-30,510577,509684,2310.12
2022-09-30,510578,509721,3601.85
2022-09-30,510579,510410,1482.99
2022-09-30,510580,510425,33611.12
2022-09-30,510561,506763,3210.16
2022-09-30,510572,507917,128849.58
2022-09-30,510560,506543,69725.64
2022-09-30,510562,506978,3480.54
2022-09-30,510558,506095,4103.22
2022-09-30,510559,506502,127202.17
2022-09-30,510539,500450,47263.53
2022-09-30,510540,500570,1962.13
2022-09-30,510541,500619,1010.56
2022-09-30,510542,502930,25221.92
2022-09-30,510544,503877,52396.63
2022-09-30,510545,503945,1587.94
2022-09-30,510546,504350,88928.14
2022-09-30,510547,504412,22373.81
2022-09-30,510548,504438,11871.53
2022-09-30,510543,503818,84282.0
2022-09-30,510550,504809,176079.81
2022-09-30,510551,504991,11357.77
2022-09-30,510552,505018,1473.51
2022-09-30,510553,505346,23971.36
2022-09-30,510554,505615,19049.92
2022-09-30,510555,505644,2848.94
2022-09-30,510556,505654,2573.01
2022-09-30,510549,504662,3773.51
2022-09-30,510557,506008,2590.5
2022-10-31,510918,508831,21613.1
2022-10-31,510917,508782,87228.18
2022-10-31,510916,508527,31906.24
2022-10-31,510915,508463,2213.51
2022-10-31,510914,508246,28820.08
2022-10-31,510911,507943,85820.49
2022-10-31,510912,508043,205345.38
2022-10-31,510910,507934,7009.52
2022-10-31,510909,507912,12756.18
2022-10-31,510919,509070,3927.05
2022-10-31,510913,508059,1666.75
2022-10-31,510920,509116,3121.14
2022-10-31,510929,510517,4135.3
2022-10-31,510922,509308,17372.09
2022-10-31,510923,509866,4149.99
2022-10-31,510924,510078,2363.7
2022-10-31,510932,510863,2855.26
2022-10-31,510925,510090,38450.32
2022-10-31,510926,510128,4939.82
2022-10-31,510927,510149,3982.39
2022-10-31,510928,510457,2092.06
2022-10-31,510930,510586,3661.25
2022-10-31,510931,510822,1715.26
2022-10-31,510908,507589,2302.72
2022-10-31,510921,509247,25063.49
2022-10-31,510907,507507,101525.18
2022-10-31,510888,503230,27515.93
2022-10-31,510905,506936,2615.84
2022-10-31,510906,507119,2330.9
2022-10-31,510881,500499,1621.98
2022-10-31,510882,500590,3547.76
2022-10-31,510883,501436,21878.32
2022-10-31,510884,502264,1690.73
2022-10-31,510885,502925,126577.01
2022-10-31,510887,502970,2621.36
2022-10-31,510889,503265,34413.74
2022-10-31,510890,503589,189080.95
2022-10-31,510891,503630,2460.51
2022-10-31,510892,504325,1434.5
2022-10-31,510886,502947,1629.44
2022-10-31,510894,505299,66125.85
2022-10-31,510904,506782,1964.39
2022-10-31,510893,505021,117392.61
2022-10-31,510903,506773,4116.31
2022-10-31,510902,506772,3639.55
2022-10-31,510900,506407,2829.04
2022-10-31,510901,506485,13355.69
2022-10-31,510898,505905,2262.94
2022-10-31,510897,505675,77499.4
2022-10-31,510896,505637,22740.99
2022-10-31,510895,505504,1651.9
2022-10-31,510899,506338,3827.76
2022-11-30,511271,509011,104916.69
2022-11-30,511268,508713,6733.82
2022-11-30,511270,509009,19371.61
2022-11-30,511269,508842,1559.39
2022-11-30,511267,508643,2621.99
2022-11-30,511261,507386,729.93
2022-11-30,511265,508140,8849.7
2022-11-30,511264,507618,29308.93
2022-11-30,511263,507479,15921.94
2022-11-30,511272,509195,4223.62
2022-11-30,511266,508270,4325.69
2022-11-30,511273,509231,2969.37
2022-11-30,511285,510920,2061.25
2022-11-30,511275,509534,145176.12
2022-11-30,511276,510142,4094.18
2022-11-30,511277,510185,172124.93
2022-11-30,511278,510386,2392.21
2022-11-30,511279,510399,83858.84
2022-11-30,511280,510535,1611.98
2022-11-30,511281,510550,124688.65
2022-11-30,511282,510558,3741.43
2022-11-30,511283,510798,23164.48
2022-11-30,511284,510800,16235.76
2022-11-30,511260,507334,2343.61
2022-11-30,511274,509239,3422.89
2022-11-30,511259,507276,1991.67
2022-11-30,511262,507432,3396.03
2022-11-30,511257,507222,9416.24
2022-11-30,511233,500334,1390.93
2022-11-30,511234,500786,30638.69
2022-11-30,511235,501458,15930.33
2022-11-30,511236,501819,7234.1
2022-11-30,511237,501997,41039.98
2022-11-30,511239,503639,1966.51
2022-11-30,511240,503740,2366.48
2022-11-30,511241,504242,18265.4
2022-11-30,511242,504317,15802.34
2022-11-30,511243,504345,2491.63
2022-11-30,511244,504728,6053.97
2022-11-30,511245,504795,1224.81
2022-11-30,511238,502160,26334.3
2022-11-30,511247,505060,3387.31
2022-11-30,511246,504826,856.5
2022-11-30,511256,507115,2001.69
2022-11-30,511258,507236,3706.05
2022-11-30,511255,506950,32588.43
2022-11-30,511253,506495,31619.91
2022-11-30,511254,506787,16762.51
2022-11-30,511252,506340,2930.05
2022-11-30,511251,505720,19701.52
2022-11-30,511250,505527,4197.36
2022-11-30,511249,505497,31459.37
2022-11-30,511248,505211,27228.15
2022-12-31,511628,508171,107942.22
2022-12-31,511631,508372,4912.19
2022-12-31,511630,508357,27369.81
2022-12-31,511629,508251,3048.77
2022-12-31,511632,508446,24456.71
2022-12-31,511627,508144,25637.58
2022-12-31,511621,507632,82540.61
2022-12-31,511625,508065,15284.1
2022-12-31,511624,508031,43743.62
2022-12-31,511623,507668,4290.4
2022-12-31,511622,507651,14904.27
2022-12-31,511620,507566,21385.46
2022-12-31,511633,508656,2450.46
2022-12-31,511626,508127,23823.84
2022-12-31,511634,509124,65561.28
2022-12-31,511647,511408,2182.57
2022-12-31,511636,509523,21394.27
2022-12-31,511637,509657,2348.35
2022-12-31,511638,509799,2573.85
2022-12-31,511639,509849,98144.64
2022-12-31,511640,510347,11627.17
2022-12-31,511641,510481,23579.8
2022-12-31,511642,510572,156042.5
2022-12-31,511643,510736,6024.18
2022-12-31,511644,510758,28559.87
2022-12-31,511645,510821,151585.77
2022-12-31,511646,511161,2389.52
2022-12-31,511619,507474,3533.82
2022-12-31,511648,511472,20687.53
2022-12-31,511649,511511,143663.18
2022-12-31,511635,509322,29989.71
2022-12-31,511618,506744,2268.16
2022-12-31,511616,506414,36253.43
2022-12-31,511590,502396,1101.31
2022-12-31,511586,500941,9782.9
2022-12-31,511587,501246,1586.89
2022-12-31,511588,501695,17429.21
2022-12-31,511589,501761,10218.01
2022-12-31,511617,506516,126263.27
2022-12-31,511591,502550,19473.49
2022-12-31,511592,502785,33040.35
2022-12-31,511593,502991,3039.59
2022-12-31,511594,503009,70631.4
2022-12-31,511595,503010,106980.33
2022-12-31,511597,503608,2815.92
2022-12-31,511598,503722,1642.22
2022-12-31,511599,503823,2885.59
2022-12-31,511600,504033,2078.56
2022-12-31,511596,503311,14435.56
2022-12-31,511602,504586,5973.39
2022-12-31,511615,506244,31081.43
2022-12-31,511614,506149,26352.18
2022-12-31,511601,504056,2569.52
2022-12-31,511612,505934,123568.72
2022-12-31,511611,505865,11013.29
2022-12-31,511610,505838,105147.37
2022-12-31,511609,505356,1885.03
2022-12-31,511613,506110,12181.67
2022-12-31,511607,505092,16210.73
2022-12-31,511606,504843,3887.42
2022-12-31,511605,504777,6730.48
2022-12-31,511604,504711,25437.73
2022-12-31,511603,504604,86334.57
2022-12-31,511608,505261,171858.44
2023-01-31,511984,510504,111196.44
2023-01-31,511976,508763,30880.01
2023-01-31,511977,509224,3708.58
2023-01-31,511978,509778,13396.31
2023-01-31,511979,509883,15628.19
2023-01-31,511980,510117,157316.56
2023-01-31,511981,510233,1941.0
2023-01-31,511982,510424,2268.75
2023-01-31,511983,510468,167336.57
2023-01-31,511985,510584,3890.45
2023-01-31,511975,508679,3963.36
2023-01-31,511987,511309,87253.63
2023-01-31,511988,511397,81597.35
2023-01-31,511989,511399,15436.25
2023-01-31,511990,511464,3520.94
2023-01-31,511991,511503,36866.74
2023-01-31,511992,511575,4626.67
2023-01-31,511993,511581,3771.26
2023-01-31,511994,511646,2984.55
2023-01-31,511996,511709,14312.03
2023-01-31,511997,511880,51762.23
2023-01-31,511986,511195,30455.81
2023-01-31,511974,508642,42477.67
2023-01-31,511995,511701,2617.92
2023-01-31,511972,508284,24543.88
2023-01-31,511950,500036,2017.65
2023-01-31,511951,501386,2899.24
2023-01-31,511973,508434,23478.21
2023-01-31,511952,502342,2225.76
2023-01-31,511953,502373,15983.73
2023-01-31,511954,502844,3443.06
2023-01-31,511956,504615,8196.54
2023-01-31,511957,504807,19452.22
2023-01-31,511958,504833,23936.14
2023-01-31,511959,505241,2130.72
2023-01-31,511960,505309,127780.87
2023-01-31,511955,504599,2159.4
2023-01-31,511962,505625,110736.68
2023-01-31,511961,505413,75467.7
2023-01-31,511970,507951,2484.11
2023-01-31,511969,507866,2725.4
2023-01-31,511968,507838,2843.14
2023-01-31,511967,507723,122452.32
2023-01-31,511971,507964,74325.14
2023-01-31,511965,506609,3558.97
2023-01-31,511964,505917,28891.84
2023-01-31,511963,505666,3438.3
2023-01-31,511966,507304,19793.77
2023-02-28,512335,510841,11433.79
2023-02-28,512326,509044,3268.0
2023-02-28,512327,509354,32208.33
2023-02-28,512328,509602,6814.44
2023-02-28,512329,509648,104712.96
2023-02-28,512330,509837,15712.11
2023-02-28,512331,509899,5330.33
2023-02-28,512332,509961,52087.45
2023-02-28,512333,510703,3290.67
2023-02-28,512334,510770,1438.49
2023-02-28,512336,510852,1872.11
2023-02-28,512348,512187,10428.55
2023-02-28,512338,510902,1960.73
2023-02-28,512339,510910,29061.05
2023-02-28,512340,511128,3739.73
2023-02-28,512341,511385,32682.89
2023-02-28,512342,511522,2485.78
2023-02-28,512343,511616,21818.3
2023-02-28,512344,511648,17343.88
2023-02-28,512345,511776,1494.54
2023-02-28,512346,511819,2505.66
2023-02-28,512347,512036,4134.4
2023-02-28,512325,509033,9957.59
2023-02-28,512337,510866,2017.95
2023-02-28,512324,509004,952.43
2023-02-28,512323,508787,132616.68
2023-02-28,512322,508697,10350.11
2023-02-28,512299,500693,4239.23
2023-02-28,512300,500794,147255.84
2023-02-28,512301,501952,2637.29
2023-02-28,512302,502244,2685.33
2023-02-28,512303,502318,926.05
2023-02-28,512304,502365,181456.3
2023-02-28,512305,502685,99349.05
2023-02-28,512306,502712,21806.48
2023-02-28,512307,503234,1938.99
2023-02-28,512308,503609,3035.14
2023-02-28,512309,503613,3380.02
2023-02-28,512298,500519,88626.18
2023-02-28,512311,504269,4502.7
2023-02-28,512312,504626,4463.82
2023-02-28,512313,505100,1587.61
2023-02-28,512314,505680,17467.34
2023-02-28,512315,506398,2041.6
2023-02-28,512316,506896,18708.35
2023-02-28,512317,507878,2645.14
2023-02-28,512318,507888,123955.7
2023-02-28,512319,508361,165985.0
2023-02-28,512320,508401,3529.83
2023-02-28,512321,508458,12681.03
2023-02-28,512310,503916,20073.55
2023-03-31,512685,511133,31801.92
2023-03-31,512684,510937,3379.76
2023-03-31,512683,510908,2050.1
2023-03-31,512682,510682,8878.91
2023-03-31,512677,509749,41004.56
2023-03-31,512680,510513,2132.81
2023-03-31,512679,510049,1808.74
2023-03-31,512678,509907,23006.09
2023-03-31,512686,511264,66783.29
2023-03-31,512681,510654,5961.27
2023-03-31,512687,511451,18529.73
2023-03-31,512693,511687,1398.59
2023-03-31,512689,511480,1373.65
2023-03-31,512690,511529,172129.88
2023-03-31,512691,511538,179885.55
2023-03-31,512692,511554,18552.42
2023-03-31,512694,511830,26727.34
2023-03-31,512695,511968,2547.87
2023-03-31,512699,512605,9652.02
2023-03-31,512696,512058,2681.28
2023-03-31,512697,512270,2834.64
2023-03-31,512698,512496,2042.75
2023-03-31,512676,509697,10123.48
2023-03-31,512688,511471,13070.42
2023-03-31,512675,509597,14890.89
2023-03-31,512652,505121,2880.44
2023-03-31,512673,509270,3712.42
2023-03-31,512674,509575,29869.94
2023-03-31,512649,500679,1179.08
2023-03-31,512650,502052,2312.51
2023-03-31,512651,502670,1674.97
2023-03-31,512653,505307,1175.6
2023-03-31,512655,505706,71701.71
2023-03-31,512656,506389,16179.47
2023-03-31,512657,507173,2519.21
2023-03-31,512658,507455,2428.34
2023-03-31,512659,507754,52938.42
2023-03-31,512660,507767,4727.02
2023-03-31,512654,505656,1184.9
2023-03-31,512662,508101,3923.55
2023-03-31,512672,509158,150319.52
2023-03-31,512661,508066,7578.76
2023-03-31,512671,509156,2989.64
2023-03-31,512670,509066,1159.08
2023-03-31,512668,508936,5217.77
2023-03-31,512669,509057,12434.69
2023-03-31,512667,508675,3543.67
2023-03-31,512666,508662,2297.11
2023-03-31,512665,508630,3322.9
2023-03-31,512664,508238,4192.28
2023-03-31,512663,508202,13503.5
2023-04-30,513042,511174,4188.12
2023-04-30,513045,511206,122379.34
2023-04-30,513044,511198,2352.73
2023-04-30,513043,511175,24107.76
2023-04-30,513046,511252,2230.02
2023-04-30,513041,511053,2860.29
2023-04-30,513036,510680,132054.09
2023-04-30,513039,510928,2566.64
2023-04-30,513038,510766,34574.68
2023-04-30,513037,510751,4362.29
2023-04-30,513035,510644,7898.01
2023-04-30,513034,510344,3151.38
2023-04-30,513047,511684,3198.74
2023-04-30,513040,510973,2845.86
2023-04-30,513048,511729,1931.79
2023-04-30,513060,512757,28713.72
2023-04-30,513050,511908,4327.22
2023-04-30,513051,511909,154050.97
2023-04-30,513052,511984,149452.18
2023-04-30,513053,512167,3339.58
2023-04-30,513054,512217,3109.95
2023-04-30,513055,512329,71712.06
2023-04-30,513056,512494,25296.07
2023-04-30,513057,512536,2667.53
2023-04-30,513058,512542,2181.67
2023-04-30,513059,512737,13650.73
2023-04-30,513061,512799,179418.1
2023-04-30,513062,512817,24416.68
2023-04-30,513063,512860,6935.34
2023-04-30,513033,510155,41581.58
2023-04-30,513049,511748,13651.85
2023-04-30,513032,509993,13454.69
2023-04-30,513012,507054,25026.54
2023-04-30,513030,509359,136355.83
2023-04-30,513031,509880,13128.63
2023-04-30,513000,501229,33221.52
2023-04-30,513001,501318,28269.94
2023-04-30,513002,501837,5441.38
2023-04-30,513003,502927,23142.04
2023-04-30,513004,504734,2004.74
2023-04-30,513005,505375,15734.45
2023-04-30,513006,505832,3194.23
2023-04-30,513007,505932,35969.4
2023-04-30,513009,506209,25405.2
2023-04-30,513010,506532,2015.8
2023-04-30,513011,506853,2784.38
2023-04-30,513013,507113,94819.29
2023-04-30,513014,507237,14941.26
2023-04-30,513008,506140,2379.6
2023-04-30,513016,508236,1465.32
2023-04-30,513029,509310,3124.32
2023-04-30,513015,507977,3071.89
2023-04-30,513027,509167,40495.89
2023-04-30,513026,509083,4244.75
2023-04-30,513025,509035,2995.01
2023-04-30,513024,508926,33808.12
2023-04-30,513023,508834,56159.36
2023-04-30,513028,509235,7669.43
2023-04-30,513021,508612,2984.7
2023-04-30,513020,508495,179656.58
2023-04-30,513019,508465,2868.11
2023-04-30,513018,508427,2505.74
2023-04-30,513017,508378,65727.36
2023-04-30,513022,508791,1947.69
2023-05-31,513409,511854,15359.66
2023-05-31,513408,511852,14712.74
2023-05-31,513407,511530,114155.36
2023-05-31,513406,511453,34889.27
2023-05-31,513405,511263,12268.94
2023-05-31,513404,511147,17499.64
2023-05-31,513401,510739,4145.9
2023-05-31,513402,510854,12160.84
2023-05-31,513400,510724,26073.84
2023-05-31,513399,510493,3019.24
2023-05-31,513398,510372,10909.46
2023-05-31,513410,511863,1617.09
2023-05-31,513403,511029,2247.8
2023-05-31,513411,512078,3818.05
2023-05-31,513426,513032,23727.47
2023-05-31,513413,512215,1680.37
2023-05-31,513427,513119,168829.68
2023-05-31,513397,510367,30727.74
2023-05-31,513425,512997,2975.28
2023-05-31,513424,512866,26923.5
2023-05-31,513423,512794,10646.62
2023-05-31,513422,512791,4332.83
2023-05-31,513412,512102,8273.91
2023-05-31,513421,512790,73531.47
2023-05-31,513419,512708,129823.75
2023-05-31,513418,512469,14852.08
2023-05-31,513417,512465,33554.03
2023-05-31,513416,512458,2564.12
2023-05-31,513415,512254,4303.98
2023-05-31,513414,512228,20760.38
2023-05-31,513420,512775,15105.03
2023-05-31,513396,510328,31866.3
2023-05-31,513391,509530,36433.05
2023-05-31,513394,510105,175433.18
2023-05-31,513364,500419,83095.95
2023-05-31,513365,501537,17440.42
2023-05-31,513366,501655,6895.74
2023-05-31,513395,510235,25120.89
2023-05-31,513368,501863,2344.71
2023-05-31,513369,503341,3947.87
2023-05-31,513370,503527,108791.7
2023-05-31,513371,503948,2737.63
2023-05-31,513372,503950,140661.74
2023-05-31,513373,504059,2417.83
2023-05-31,513374,504215,3006.88
2023-05-31,513375,505394,33905.73
2023-05-31,513376,505766,130958.9
2023-05-31,513377,505949,24898.19
2023-05-31,513367,501822,8376.75
2023-05-31,513379,506517,4329.66
2023-05-31,513378,506129,11381.75
2023-05-31,513393,509739,6568.84
2023-05-31,513390,509246,14101.88
2023-05-31,513389,509122,32477.33
2023-05-31,513388,508490,3284.59
2023-05-31,513387,508482,3462.98
2023-05-31,513392,509706,26035.58
2023-05-31,513385,508109,147062.78
2023-05-31,513384,508103,5676.78
2023-05-31,513383,508024,2178.76
2023-05-31,513382,507454,2293.32
2023-05-31,513381,506997,17309.59
2023-05-31,513386,508240,1941.9
2023-05-31,513380,506854,18711.37
2023-06-30,513760,511576,2904.81
2023-06-30,513759,511360,35556.19
2023-06-30,513758,511298,14302.07
2023-06-30,513757,510793,92591.72
2023-06-30,513755,510675,1173.62
2023-06-30,513754,510350,120493.43
2023-06-30,513753,510217,1771.25
2023-06-30,513761,511769,1908.77
2023-06-30,513756,510683,3761.61
2023-06-30,513762,511902,3029.56
2023-06-30,513770,513164,4238.98
2023-06-30,513764,512335,35889.5
2023-06-30,513765,512528,4116.82
2023-06-30,513766,512752,2088.2
2023-06-30,513767,512761,14461.53
2023-06-30,513768,512788,4573.01
2023-06-30,513769,513114,93524.16
2023-06-30,513771,513363,2411.75
2023-06-30,513772,513373,2133.58
2023-06-30,513773,513471,10963.31
2023-06-30,513774,513697,94053.4
2023-06-30,513763,512231,3147.06
2023-06-30,513752,509975,4477.97
2023-06-30,513749,509221,8180.39
2023-06-30,513750,509419,3507.18
2023-06-30,513751,509838,3677.41
2023-06-30,513728,501342,3368.69
2023-06-30,513729,502172,14482.78
2023-06-30,513730,503399,30887.9
2023-06-30,513731,503499,3438.8
2023-06-30,513733,504592,3214.83
2023-06-30,513734,505191,10934.24
2023-06-30,513735,505840,1704.63
2023-06-30,513736,506204,100523.58
2023-06-30,513737,506852,2752.53
2023-06-30,513732,504505,141275.08
2023-06-30,513739,507291,31061.47
2023-06-30,513738,507014,154210.43
2023-06-30,513747,508810,31838.4
2023-06-30,513746,508728,24590.35
2023-06-30,513745,508407,79465.39
2023-06-30,513744,508105,58849.98
2023-06-30,513748,509034,2564.73
2023-06-30,513743,508073,2858.33
2023-06-30,513742,507795,83718.71
2023-06-30,513741,507727,82844.01
2023-06-30,513740,507427,56869.76
2023-07-31,514118,511858,4179.98
2023-07-31,514117,511821,2163.36
2023-07-31,514116,511773,38272.81
2023-07-31,514115,511736,9568.36
2023-07-31,514114,511721,85716.87
2023-07-31,514112,511461,15781.21
2023-07-31,514119,511917,1913.35
2023-07-31,514111,511454,2593.14
2023-07-31,514110,511379,3653.02
2023-07-31,514109,511200,1526.06
2023-07-31,514107,511085,15645.64
2023-07-31,514113,511597,2849.44
2023-07-31,514120,511921,33360.3
2023-07-31,514131,513406,22664.23
2023-07-31,514122,512070,4219.03
2023-07-31,514123,512115,1926.3
2023-07-31,514124,512311,14898.86
2023-07-31,514125,512324,4434.57
2023-07-31,514126,512818,27609.31
2023-07-31,514127,512847,159841.02
2023-07-31,514128,513062,32098.17
2023-07-31,514129,513297,178632.77
2023-07-31,514130,513371,3716.71
2023-07-31,514106,511060,34068.94
2023-07-31,514132,513408,39129.75
2023-07-31,514133,513978,2686.03
2023-07-31,514134,513994,69076.94
2023-07-31,514121,511949,131639.02
2023-07-31,514105,510695,95753.37
2023-07-31,514108,511110,24764.15
2023-07-31,514103,510030,2857.52
2023-07-31,514104,510084,23497.02
2023-07-31,514075,500082,2675.59
2023-07-31,514076,500699,2061.96
2023-07-31,514077,501312,1230.44
2023-07-31,514078,501691,2593.9
2023-07-31,514079,502681,45732.87
2023-07-31,514080,503160,31320.95
2023-07-31,514081,503449,1529.61
2023-07-31,514083,504424,20337.82
2023-07-31,514084,504441,3048.77
2023-07-31,514085,504827,78884.66
2023-07-31,514086,505543,286.68
2023-07-31,514087,505736,131747.79
2023-07-31,514088,505834,895.88
2023-07-31,514082,503555,98922.21
2023-07-31,514090,507062,90256.95
2023-07-31,514102,509407,6414.76
2023-07-31,514089,506254,4306.43
2023-07-31,514101,509362,153462.48
2023-07-31,514100,509147,2735.24
2023-07-31,514099,508972,12270.1
2023-07-31,514097,508815,3368.82
2023-07-31,514098,508890,4203.42
2023-07-31,514095,508748,3168.09
2023-07-31,514094,508723,121440.51
2023-07-31,514093,508054,14104.85
2023-07-31,514092,507950,1376.58
2023-07-31,514091,507385,35749.24
2023-07-31,514096,508809,2597.16
2023-08-31,514375,511143,2235.98
2023-08-31,514379,511592,12481.07
2023-08-31,514378,511562,34762.85
2023-08-31,514377,511303,1845.63
2023-08-31,514376,511208,3168.28
2023-08-31,514374,510992,127491.76
2023-08-31,514368,510408,37400.33
2023-08-31,514372,510946,9971.58
2023-08-31,514371,510719,47907.06
2023-08-31,514370,510534,22214.78
2023-08-31,514369,510441,14164.51
2023-08-31,514380,511632,6436.74
2023-08-31,514373,510955,156490.44
2023-08-31,514381,511772,12482.89
2023-08-31,514396,513946,4234.27
2023-08-31,514383,511960,84573.85
2023-08-31,514384,512164,4734.79
2023-08-31,514385,512256,27852.26
2023-08-31,514386,512267,7739.8
2023-08-31,514387,512284,121492.75
2023-08-31,514388,512308,2927.32
2023-08-31,514389,512676,20931.01
2023-08-31,514390,512741,110866.48
2023-08-31,514397,514119,1465.49
2023-08-31,514392,513165,1952.29
2023-08-31,514393,513362,30439.42
2023-08-31,514394,513517,8509.78
2023-08-31,514395,513525,28510.41
2023-08-31,514367,510335,15375.41
2023-08-31,514382,511838,3310.58
2023-08-31,514366,510214,2139.62
2023-08-31,514391,513063,22018.47
2023-08-31,514364,509962,3474.0
2023-08-31,514365,509991,7785.77
2023-08-31,514335,502908,60703.18
2023-08-31,514336,503040,1210.42
2023-08-31,514337,503464,1480.98
2023-08-31,514338,504766,9759.38
2023-08-31,514339,505089,2456.47
2023-08-31,514340,505632,12586.04
2023-08-31,514342,506011,69907.7
2023-08-31,514343,506025,1639.85
2023-08-31,514344,506388,35926.84
2023-08-31,514345,506437,14430.81
2023-08-31,514346,506770,3156.41
2023-08-31,514347,506935,63468.79
2023-08-31,514348,506995,23315.42
2023-08-31,514341,505723,4166.1
2023-08-31,514350,507542,36457.23
2023-08-31,514349,507040,2662.95
2023-08-31,514363,509769,18858.29
2023-08-31,514362,509683,14472.75
2023-08-31,514361,509513,100998.93
2023-08-31,514360,509501,2828.0
2023-08-31,514358,509159,2455.28
2023-08-31,514357,509049,118027.89
2023-08-31,514359,509313,1181.08
2023-08-31,514356,508928,39918.43
2023-08-31,514355,508841,2495.32
2023-08-31,514354,508632,47133.06
2023-08-31,514353,508394,30684.47
2023-08-31,514352,508245,10963.81
2023-08-31,514351,507748,61436.77
2023-09-30,514646,510603,75644.45
2023-09-30,514650,510978,5718.49
2023-09-30,514649,510737,2976.24
2023-09-30,514648,510660,25620.23
2023-09-30,514647,510629,11227.76
2023-09-30,514651,511237,121122.97
2023-09-30,514645,510356,1706.11
2023-09-30,514637,509997,5174.79
2023-09-30,514643,510319,14289.35
2023-09-30,514642,510290,23247.83
2023-09-30,514641,510247,44173.9
2023-09-30,514640,510234,2370.38
2023-09-30,514639,510081,18340.07
2023-09-30,514638,510032,14266.06
2023-09-30,514652,511771,200203.17
2023-09-30,514644,510338,35324.13
2023-09-30,514653,511994,2632.42
2023-09-30,514668,514121,42589.72
2023-09-30,514655,512438,116272.54
2023-09-30,514670,514418,2877.61
2023-09-30,514669,514400,44428.41
2023-09-30,514636,509954,1315.31
2023-09-30,514667,514114,52778.64
2023-09-30,514666,513841,22421.04
2023-09-30,514665,513791,3779.25
2023-09-30,514664,513643,2661.89
2023-09-30,514663,513431,3368.56
2023-09-30,514662,513143,2525.62
2023-09-30,514661,513058,2739.73
2023-09-30,514660,513030,98471.54
2023-09-30,514659,512701,4328.91
2023-09-30,514658,512632,2329.58
2023-09-30,514657,512603,2083.26
2023-09-30,514656,512535,8915.05
2023-09-30,514654,512216,22329.75
2023-09-30,514635,509912,25197.09
2023-09-30,514629,508846,2233.59
2023-09-30,514633,509779,27364.83
2023-09-30,514612,505518,24686.76
2023-09-30,514611,505332,19198.06
2023-09-30,514610,505323,1296.5
2023-09-30,514609,505302,17476.77
2023-09-30,514608,505253,6476.51
2023-09-30,514607,504912,2169.12
2023-09-30,514606,504700,20034.54
2023-09-30,514634,509793,4356.82
2023-09-30,514604,504383,5267.45
2023-09-30,514603,504353,19132.89
2023-09-30,514602,503976,292.64
2023-09-30,514601,503390,4148.69
2023-09-30,514600,503332,2612.03
2023-09-30,514599,503231,10562.3
2023-09-30,514598,500802,57563.14
2023-09-30,514613,505604,6892.62
2023-09-30,514614,505921,155653.49
2023-09-30,514605,504661,10771.26
2023-09-30,514616,506107,10888.08
2023-09-30,514632,509728,718.45
2023-09-30,514631,509607,1239.91
2023-09-30,514630,509236,21865.89
2023-09-30,514628,508536,24291.96
2023-09-30,514627,508348,2183.45
2023-09-30,514615,506005,28207.05
2023-09-30,514625,508328,1640.78
2023-09-30,514626,508344,1560.7
2023-09-30,514623,507356,158150.27
2023-09-30,514622,507227,43791.25
2023-09-30,514621,507211,92058.13
2023-09-30,514620,506556,2823.42
2023-09-30,514619,506490,2242.18
2023-09-30,514618,506420,65724.33
2023-09-30,514617,506158,2263.41
2023-09-30,514624,507394,25312.4
2023-10-31,514903,512787,8320.0
2023-10-31,514902,512677,8836.85
2023-10-31,514901,512631,1371.31
2023-10-31,514900,512448,9671.46
2023-10-31,514896,512137,2102.76
2023-10-31,514898,512295,2300.6
2023-10-31,514897,512158,1893.12
2023-10-31,514904,512951,13644.64
2023-10-31,514899,512299,2198.15
2023-10-31,514905,513044,2929.24
2023-10-31,514914,514466,2093.64
2023-10-31,514907,513388,2516.17
2023-10-31,514908,513505,24190.79
2023-10-31,514909,513680,2319.58
2023-10-31,514911,514245,18135.8
2023-10-31,514912,514325,30349.84
2023-10-31,514913,514409,53647.0
2023-10-31,514915,514544,4024.74
2023-10-31,514916,514692,11330.84
2023-10-31,514895,511972,23391.04
2023-10-31,514906,513048,2877.64
2023-10-31,514894,511966,34971.56
2023-10-31,514910,513829,33713.33
2023-10-31,514892,511890,3906.16
2023-10-31,514872,504091,3523.08
2023-10-31,514873,504170,7980.24
2023-10-31,514874,505839,26092.55
2023-10-31,514875,506106,54437.21
2023-10-31,514876,506331,1462.91
2023-10-31,514893,511898,1488.86
2023-10-31,514877,506343,786.71
2023-10-31,514878,506633,3506.24
2023-10-31,514879,507822,2718.67
2023-10-31,514880,507942,8070.08
2023-10-31,514871,503737,17961.2
2023-10-31,514882,508597,25482.57
2023-10-31,514883,508611,1952.98
2023-10-31,514884,509170,3092.18
2023-10-31,514885,509193,43521.34
2023-10-31,514886,509396,104718.79
2023-10-31,514887,509413,13761.6
2023-10-31,514888,509896,2482.75
2023-10-31,514889,511025,114900.54
2023-10-31,514890,511285,3712.03
2023-10-31,514891,511620,11935.1
2023-10-31,514881,508395,4111.06
2023-11-30,515151,513512,20938.18
2023-11-30,515150,513340,182379.5
2023-11-30,515149,513244,1936.09
2023-11-30,515143,511267,2824.19
2023-11-30,515147,512801,2060.6
2023-11-30,515145,511801,2895.49
2023-11-30,515144,511271,50691.83
2023-11-30,515152,513598,118464.24
2023-11-30,515148,513022,2209.38
2023-11-30,515153,513826,110092.96
2023-11-30,515159,514328,1733.85
2023-11-30,515155,513936,1739.83
2023-11-30,515156,514097,21707.57
2023-11-30,515157,514198,65227.53
2023-11-30,515158,514230,1978.57
2023-11-30,515160,514429,6417.15
2023-11-30,515161,514583,24476.42
2023-11-30,515162,514610,3816.94
2023-11-30,515163,514917,29610.86
2023-11-30,515164,515082,2125.81
2023-11-30,515142,511209,1775.76
2023-11-30,515154,513882,3921.67
2023-11-30,515141,511207,14340.13
2023-11-30,515146,512530,2257.17
2023-11-30,515139,510810,15164.49
2023-11-30,515140,511165,2661.29
2023-11-30,515117,501052,12848.57
2023-11-30,515118,502946,12304.6
2023-11-30,515119,503067,1976.69
2023-11-30,515120,504205,13589.38
2023-11-30,515122,505024,2411.5
2023-11-30,515123,505907,8766.29
2023-11-30,515124,506716,15440.61
2023-11-30,515125,506792,1844.18
2023-11-30,515126,507476,4655.67
2023-11-30,515127,507514,2554.63
2023-11-30,515121,504886,1841.88
2023-11-30,515129,508353,74364.46
2023-11-30,515138,509967,60968.28
2023-11-30,515128,507673,4643.12
2023-11-30,515137,509863,2631.16
2023-11-30,515136,509763,154844.92
2023-11-30,515135,509595,4077.63
2023-11-30,515133,509304,3326.26
2023-11-30,515132,509248,2305.42
2023-11-30,515131,509137,3114.04
2023-11-30,515130,508997,2039.91
2023-11-30,515134,509391,21282.98
2023-12-31,515414,513465,25536.98
2023-12-31,515413,513383,3476.33
2023-12-31,515409,513029,2709.43
2023-12-31,515412,513120,920.05
2023-12-31,515411,513046,3045.48
2023-12-31,515410,513045,103355.81
2023-12-31,515408,512900,12694.25
2023-12-31,515404,512678,18592.59
2023-12-31,515406,512863,8636.17
2023-12-31,515405,512792,3860.28
2023-12-31,515403,512305,31881.23
2023-12-31,515402,512191,3222.38
2023-12-31,515401,512135,38943.01
2023-12-31,515415,513476,111648.85
2023-12-31,515407,512868,15807.17
2023-12-31,515416,513530,15452.24
2023-12-31,515427,514430,36516.68
2023-12-31,515418,513656,4492.94
2023-12-31,515400,511998,13483.42
2023-12-31,515431,515091,3906.72
2023-12-31,515430,514841,18877.83
2023-12-31,515429,514579,100310.72
2023-12-31,515428,514518,40355.42
2023-12-31,515426,514149,32798.08
2023-12-31,515417,513623,22352.46
2023-12-31,515425,514144,26530.39
2023-12-31,515432,515198,1412.65
2023-12-31,515423,513913,49942.93
2023-12-31,515422,513839,19922.17
2023-12-31,515421,513838,959.56
2023-12-31,515420,513812,1723.08
2023-12-31,515419,513765,3258.47
2023-12-31,515424,514009,129508.98
2023-12-31,515399,511856,20785.11
2023-12-31,515373,506890,92549.88
2023-12-31,515397,511783,182942.46
2023-12-31,515365,500506,22196.39
2023-12-31,515366,500793,2064.96
2023-12-31,515367,504268,11771.3
2023-12-31,515368,505116,49660.9
2023-12-31,515369,505317,16417.27
2023-12-31,515398,511807,1661.0
2023-12-31,515371,505987,4612.24
2023-12-31,515372,506067,60937.95
2023-12-31,515374,507086,14153.48
2023-12-31,515375,507607,4314.34
2023-12-31,515376,508147,3677.84
2023-12-31,515377,508228,3321.55
2023-12-31,515378,508317,169735.58
2023-12-31,515379,508450,3015.98
2023-12-31,515380,508771,4365.62
2023-12-31,515370,505822,737.06
2023-12-31,515382,508999,14254.98
2023-12-31,515381,508933,6951.54
2023-12-31,515396,511588,28469.27
2023-12-31,515395,511558,68384.53
2023-12-31,515393,511266,3756.83
2023-12-31,515392,511250,2725.48
2023-12-31,515391,511179,17776.04
2023-12-31,515390,511137,39451.59
2023-12-31,515394,511553,2323.11
2023-12-31,515388,511049,28182.97
2023-12-31,515387,510632,118461.81
2023-12-31,515386,510413,2221.87
2023-12-31,515385,510053,53488.91
2023-12-31,515384,509650,160536.97
2023-12-31,515383,509350,9566.49
2023-12-31,515389,511066,3411.02
2024-01-31,515663,512822,24762.79
2024-01-31,515657,511564,13833.68
2024-01-31,515658,511892,2279.98
2024-01-31,515659,511927,2667.6
2024-01-31,515660,511992,2624.49
2024-01-31,515661,512604,4323.59
2024-01-31,515662,512685,21508.55
2024-01-31,515675,515456,17316.01
2024-01-31,515664,513168,7825.61
2024-01-31,515672,515015,2528.78
2024-01-31,515666,513764,15221.76
2024-01-31,515667,514452,3082.1
2024-01-31,515668,514604,11579.23
2024-01-31,515669,514612,3957.07
2024-01-31,515670,514923,2229.05
2024-01-31,515671,514991,1737.48
2024-01-31,515673,515161,14735.65
2024-01-31,515674,515256,4141.2
2024-01-31,515656,511505,3426.94
2024-01-31,515665,513401,2074.8
2024-01-31,515655,511462,2267.64
2024-01-31,515645,509182,2578.39
2024-01-31,515653,511094,2567.17
2024-01-31,515654,511270,18382.27
2024-01-31,515634,502117,2823.99
2024-01-31,515635,505192,17087.34
2024-01-31,515636,505477,2725.97
2024-01-31,515637,505547,18170.01
2024-01-31,515638,505697,105948.99
2024-01-31,515639,506281,33869.65
2024-01-31,515640,506648,25381.08
2024-01-31,515641,507010,2144.18
2024-01-31,515633,500705,1020.79
2024-01-31,515643,508521,61739.59
2024-01-31,515644,508553,9901.15
2024-01-31,515646,509198,120433.6
2024-01-31,515647,509383,5719.13
2024-01-31,515648,509532,77193.85
2024-01-31,515649,509544,1765.4
2024-01-31,515650,509875,25428.94
2024-01-31,515651,509986,16738.32
2024-01-31,515652,511003,99324.29
2024-01-31,515642,508142,57254.66
2024-02-29,518328,515736,117852.54
2024-02-29,518329,515738,110046.44
2024-02-29,518333,515954,168128.35
2024-02-29,518331,515825,59179.4
2024-02-29,518332,515941,57636.08
2024-02-29,518327,515430,24996.51
2024-02-29,518330,515753,67826.38
2024-02-29,518326,515269,106390.69
2024-02-29,518321,514701,3950.36
2024-02-29,518324,515100,1836.38
2024-02-29,518323,514855,39858.33
2024-02-29,518320,514667,116351.67
2024-02-29,518319,514561,13026.65
2024-02-29,518318,514511,17142.97
2024-02-29,518317,514396,1962.66
2024-02-29,518334,516243,107570.93
2024-02-29,518325,515162,3512.44
2024-02-29,518335,516321,67855.74
2024-02-29,518345,517036,1355.91
2024-02-29,518337,516504,51286.12
2024-02-29,518354,518250,34252.83
2024-02-29,518353,518140,4215.29
2024-02-29,518352,517969,1908.78
2024-02-29,518351,517722,53738.56
2024-02-29,518350,517594,2775.82
2024-02-29,518349,517350,100106.55
2024-02-29,518348,517344,70859.92
2024-02-29,518347,517326,187786.0
2024-02-29,518346,517319,32921.25
2024-02-29,518316,514219,3254.14
2024-02-29,518344,516944,19517.85
2024-02-29,518343,516942,59830.75
2024-02-29,518342,516911,14891.64
2024-02-29,518341,516814,156256.19
2024-02-29,518340,516773,29303.12
2024-02-29,518339,516668,61234.05
2024-02-29,518338,516508,72470.79
2024-02-29,518336,516491,4435.27
2024-02-29,518315,514175,1713.41
2024-02-29,518322,514763,201768.76
2024-02-29,518313,514068,79344.84
2024-02-29,518291,510061,3863.0
2024-02-29,518290,509974,3271.37
2024-02-29,518289,509527,85481.54
2024-02-29,518288,509496,2542.21
2024-02-29,518287,509377,33414.72
2024-02-29,518286,509074,54657.1
2024-02-29,518285,508389,146666.02
2024-02-29,518292,510541,1136.13
2024-02-29,518284,508191,15258.42
2024-02-29,518282,507074,19193.04
2024-02-29,518281,506686,3029.86
2024-02-29,518280,506353,31709.9
2024-02-29,518279,503553,2779.7
2024-02-29,518278,503259,808.35
2024-02-29,518277,502124,17031.29
2024-02-29,518314,514099,18650.18
2024-02-29,518283,507836,14079.91
2024-02-29,518293,510836,53994.98
2024-02-29,518276,500667,2446.74
2024-02-29,518295,511351,96410.85
2024-02-29,518294,511202,3325.74
2024-02-29,518311,513851,2443.84
2024-02-29,518310,513799,2167.01
2024-02-29,518309,513794,2213.31
2024-02-29,518308,513769,159007.93
2024-02-29,518307,513732,106534.85
2024-02-29,518306,513670,11143.56
2024-02-29,518305,513554,3481.31
2024-02-29,518312,514041,10684.46
2024-02-29,518303,513400,37893.27
2024-02-29,518302,513377,24078.17
2024-02-29,518301,512873,2150.38
2024-02-29,518300,512781,1585.02
2024-02-29,518299,512537,26967.8
2024-02-29,518298,511765,76807.97
2024-02-29,518297,511614,28988.75
2024-02-29,518304,513499,2253.16
2024-02-29,518296,511551,30511.95
2024-03-31,518626,517026,152139.83
2024-03-31,518625,516918,74516.43
2024-03-31,518624,516783,5588.4
2024-03-31,518623,516695,12525.43
2024-03-31,518622,516665,39237.48
2024-03-31,518621,516652,171918.57
2024-03-31,518620,516381,124472.84
2024-03-31,518616,516106,115395.69
2024-03-31,518618,516212,150883.02
2024-03-31,518617,516162,129028.2
2024-03-31,518615,516001,116234.88
2024-03-31,518614,515999,72565.1
2024-03-31,518613,515837,206602.38
2024-03-31,518612,515717,102366.49
2024-03-31,518627,517047,104121.58
2024-03-31,518619,516380,117087.51
2024-03-31,518628,517053,114924.9
2024-03-31,518637,517316,5140.15
2024-03-31,518630,517113,131355.18
2024-03-31,518646,518245,6932.86
2024-03-31,518645,518048,24193.2
2024-03-31,518644,517974,50320.78
2024-03-31,518643,517772,15199.09
2024-03-31,518642,517658,6955.18
2024-03-31,518641,517463,7099.36
2024-03-31,518640,517447,1330.01
2024-03-31,518639,517436,35941.55
2024-03-31,518638,517416,57877.08
2024-03-31,518636,517315,1893.55
2024-03-31,518635,517243,3161.66
2024-03-31,518634,517182,45550.62
2024-03-31,518633,517176,190368.7
2024-03-31,518632,517133,15435.35
2024-03-31,518631,517121,8402.55
2024-03-31,518629,517064,37087.17
2024-03-31,518611,515611,4063.51
2024-03-31,518609,515417,34908.5
2024-03-31,518608,515113,3228.46
2024-03-31,518588,510192,24996.09
2024-03-31,518587,510158,187929.39
2024-03-31,518586,509934,134464.65
2024-03-31,518585,509884,102636.99
2024-03-31,518584,509266,1786.72
2024-03-31,518583,508232,8216.7
2024-03-31,518589,510333,56625.51
2024-03-31,518582,507297,9834.94
2024-03-31,518580,506162,13313.44
2024-03-31,518579,506112,35140.95
2024-03-31,518578,504948,1302.13
2024-03-31,518610,515421,3806.9
2024-03-31,518576,504429,1647.0
2024-03-31,518575,502780,16960.15
2024-03-31,518581,507188,15338.54
2024-03-31,518590,510440,2649.54
2024-03-31,518577,504774,21567.77
2024-03-31,518592,511154,133549.44
2024-03-31,518591,510987,20309.53
2024-03-31,518607,514750,2334.4
2024-03-31,518605,514707,2738.24
2024-03-31,518604,514361,56720.4
2024-03-31,518603,514330,18071.18
2024-03-31,518602,514302,36014.61
2024-03-31,518601,514267,144022.3
2024-03-31,518606,514720,182040.39
2024-03-31,518599,513737,3046.69
2024-03-31,518598,513730,64202.89
2024-03-31,518597,513380,15711.25
2024-03-31,518596,512924,12525.59
2024-03-31,518595,512826,9432.54
2024-03-31,518594,512088,17434.83
2024-03-31,518600,513912,2242.34
2024-03-31,518593,511840,1722.44
2024-04-30,518911,516144,117048.14
2024-04-30,518910,516037,38064.45
2024-04-30,518909,515796,65199.91
2024-04-30,518908,515760,68964.27
2024-04-30,518907,515465,2781.35
2024-04-30,518904,515184,3175.7
2024-04-30,518905,515374,11187.28
2024-04-30,518903,514998,2475.91
2024-04-30,518902,514904,11875.03
2024-04-30,518901,514836,2902.98
2024-04-30,518912,516706,149458.77
2024-04-30,518906,515399,6982.93
2024-04-30,518913,516725,4397.57
2024-04-30,518922,518019,39902.57
2024-04-30,518915,516774,95325.53
2024-04-30,518916,517256,14772.13
2024-04-30,518917,517435,3763.02
2024-04-30,518918,517730,24749.33
2024-04-30,518919,517842,123049.33
2024-04-30,518920,517858,1912.97
2024-04-30,518921,517946,32122.9
2024-04-30,518923,518046,76280.26
2024-04-30,518924,518323,14098.65
2024-04-30,518925,518586,102468.48
2024-04-30,518926,518620,111968.03
2024-04-30,518927,518622,15778.59
2024-04-30,518928,518752,70022.57
2024-04-30,518914,516732,106470.33
2024-04-30,518899,514504,2875.75
2024-04-30,518900,514798,3918.28
2024-04-30,518897,514373,195560.61
2024-04-30,518898,514472,1980.35
2024-04-30,518870,502455,17445.48
2024-04-30,518871,506786,3552.66
2024-04-30,518872,507457,3167.7
2024-04-30,518873,507501,12049.99
2024-04-30,518875,509840,3246.55
2024-04-30,518876,510279,1446.63
2024-04-30,518877,510368,14606.84
2024-04-30,518878,510757,65664.21
2024-04-30,518879,510812,3938.59
2024-04-30,518880,510881,2089.3
2024-04-30,518881,510940,16198.54
2024-04-30,518882,511286,15359.93
2024-04-30,518874,509631,2599.89
2024-04-30,518884,512233,117174.94
2024-04-30,518896,514216,3524.85
2024-04-30,518883,511826,3279.16
2024-04-30,518895,514184,1473.52
2024-04-30,518894,514120,18604.74
2024-04-30,518892,514014,14783.09
2024-04-30,518891,513850,3116.08
2024-04-30,518893,514058,2540.69
2024-04-30,518889,513664,3780.59
2024-04-30,518888,513603,14685.68
2024-04-30,518887,513357,21261.86
2024-04-30,518886,513103,2777.54
2024-04-30,518885,512619,2336.81
2024-04-30,518890,513814,4536.72
2024-05-31,519230,516517,22969.48
2024-05-31,519224,515707,164735.2
2024-05-31,519229,516398,145147.19
2024-05-31,519228,516371,132142.67
2024-05-31,519227,516216,134214.58
2024-05-31,519226,516044,101036.34
2024-05-31,519225,515761,121625.12
2024-05-31,519223,515699,145429.42
2024-05-31,519217,515001,6300.12
2024-05-31,519221,515633,4005.62
2024-05-31,519220,515336,13109.07
2024-05-31,519219,515302,2281.15
2024-05-31,519218,515157,171488.84
2024-05-31,519216,514922,99749.47
2024-05-31,519215,514737,23329.32
2024-05-31,519231,516570,112639.19
2024-05-31,519222,515687,58059.95
2024-05-31,519232,516581,30191.8
2024-05-31,519246,518603,27872.07
2024-05-31,519234,516779,9083.41
2024-05-31,519214,514555,134147.94
2024-05-31,519250,519078,2439.82
2024-05-31,519249,518812,61800.23
2024-05-31,519248,518687,8799.98
2024-05-31,519247,518626,176217.55
2024-05-31,519245,518343,108331.45
2024-05-31,519244,518264,2847.0
2024-05-31,519233,516642,98037.71
2024-05-31,519243,518209,28352.81
2024-05-31,519241,517662,138708.21
2024-05-31,519240,517553,11113.12
2024-05-31,519239,517513,3023.9
2024-05-31,519238,517281,127352.95
2024-05-31,519237,517272,124460.85
2024-05-31,519236,517218,143866.83
2024-05-31,519235,516943,3543.79
2024-05-31,519242,517695,77693.18
2024-05-31,519213,514416,9483.84
2024-05-31,519210,514115,26374.06
2024-05-31,519211,514156,3652.3
2024-05-31,519190,509352,3274.31
2024-05-31,519189,509282,801.82
2024-05-31,519188,509191,14349.09
2024-05-31,519187,509040,15266.64
2024-05-31,519186,508918,3797.4
2024-05-31,519185,508823,66544.32
2024-05-31,519184,508744,11536.38
2024-05-31,519191,509442,80215.47
2024-05-31,519182,508424,16377.42
2024-05-31,519180,506939,121590.93
2024-05-31,519179,506898,10852.66
2024-05-31,519178,504346,2913.01
2024-05-31,519177,503992,25305.66
2024-05-31,519176,503184,1338.42
2024-05-31,519175,502425,9030.43
2024-05-31,519174,501347,2582.05
2024-05-31,519181,507050,1527.88
2024-05-31,519192,509826,2839.82
2024-05-31,519183,508561,2605.15
2024-05-31,519194,510256,51369.87
2024-05-31,519193,510034,5181.93
2024-05-31,519212,514313,16058.51
2024-05-31,519209,514086,1285.76
2024-05-31,519208,514028,61225.31
2024-05-31,519207,513283,2881.58
2024-05-31,519206,513107,14702.97
2024-05-31,519204,512808,4556.54
2024-05-31,519203,512674,33827.7
2024-05-31,519205,512956,3714.68
2024-05-31,519201,511905,5246.21
2024-05-31,519200,511774,58798.02
2024-05-31,519199,511475,8750.57
2024-05-31,519198,511115,3331.6
2024-05-31,519197,510552,4416.06
2024-05-31,519196,510511,4470.15
2024-05-31,519195,510378,33005.65
2024-05-31,519202,512041,8716.65
2024-06-30,519527,517300,1675.09
2024-06-30,519521,516845,23659.33
2024-06-30,519526,517259,24179.22
2024-06-30,519525,517161,126777.76
2024-06-30,519524,517093,2690.0
2024-06-30,519523,516905,25384.35
2024-06-30,519522,516861,4838.95
2024-06-30,519520,516829,20752.88
2024-06-30,519511,515995,53806.63
2024-06-30,519518,516538,125518.81
2024-06-30,519517,516476,162707.0
2024-06-30,519516,516464,195888.84
2024-06-30,519515,516225,87935.11
2024-06-30,519514,516095,67500.39
2024-06-30,519513,516092,72087.55
2024-06-30,519512,516048,87214.8
2024-06-30,519528,517644,60841.63
2024-06-30,519519,516567,11473.41
2024-06-30,519529,517748,25438.34
2024-06-30,519549,519122,3744.01
2024-06-30,519531,517837,2679.22
2024-06-30,519510,515966,169352.24
2024-06-30,519548,519039,13097.66
2024-06-30,519547,518963,21934.0
2024-06-30,519546,518905,29298.32
2024-06-30,519544,518783,40060.38
2024-06-30,519543,518666,4671.14
2024-06-30,519542,518613,98114.26
2024-06-30,519541,518557,149734.45
2024-06-30,519540,518548,24389.82
2024-06-30,519539,518477,53602.32
2024-06-30,519538,518397,2185.74
2024-06-30,519537,518307,125628.38
2024-06-30,519536,518256,3757.86
2024-06-30,519535,518117,15491.56
2024-06-30,519534,518011,2122.08
2024-06-30,519533,517936,2096.1
2024-06-30,519532,517859,26778.77
2024-06-30,519530,517795,1930.34
2024-06-30,519509,515902,94352.5
2024-06-30,519545,518844,50001.7
2024-06-30,519507,515792,134829.77
2024-06-30,519485,511640,5647.31
2024-06-30,519484,511215,2505.77
2024-06-30,519483,511064,5514.54
2024-06-30,519482,510962,3765.92
2024-06-30,519481,510205,2655.11
2024-06-30,519480,510033,2783.67
2024-06-30,519479,509576,22546.34
2024-06-30,519478,509370,59023.83
2024-06-30,519477,509348,2474.21
2024-06-30,519476,508524,172548.78
2024-06-30,519475,507204,2414.85
2024-06-30,519474,506561,2359.11
2024-06-30,519473,505425,751.89
2024-06-30,519472,505166,12761.57
2024-06-30,519508,515848,174873.37
2024-06-30,519470,500768,13141.71
2024-06-30,519469,500139,17274.79
2024-06-30,519486,511703,10280.59
2024-06-30,519487,512660,7700.22
2024-06-30,519471,502723,17623.7
2024-06-30,519489,512734,4304.77
2024-06-30,519488,512726,25888.41
2024-06-30,519506,515678,45949.71
2024-06-30,519504,515218,1786.95
2024-06-30,519503,515021,14694.27
2024-06-30,519502,514921,118568.11
2024-06-30,519501,514872,1665.99
2024-06-30,519500,514615,14452.24
2024-06-30,519499,514605,20345.28
2024-06-30,519505,515292,17305.96
2024-06-30,519497,514096,4030.52
2024-06-30,519496,513973,1540.69
2024-06-30,519495,513497,3772.0
2024-06-30,519494,513397,10561.4
2024-06-30,519493,513333,3009.95
2024-06-30,519492,513125,165604.84
2024-06-30,519491,512885,16969.21
2024-06-30,519498,514550,123296.38
2024-06-30,519490,512855,1520.62
2024-07-31,519865,517014,132865.6
2024-07-31,519864,516951,133103.52
2024-07-31,519863,516909,29582.98
2024-07-31,519862,516880,190784.09
2024-07-31,519861,516802,117373.89
2024-07-31,519860,516496,132194.25
2024-07-31,519859,516421,116507.42
2024-07-31,519855,516254,124426.03
2024-07-31,519857,516360,187637.46
2024-07-31,519856,516310,123455.67
2024-07-31,519854,516067,92917.75
2024-07-31,519853,515922,181262.72
2024-07-31,519852,515839,176296.14
2024-07-31,519866,517418,34451.44
2024-07-31,519851,515768,61901.05
2024-07-31,519858,516412,87121.2
2024-07-31,519867,517708,2176.3
2024-07-31,519876,518710,2984.81
2024-07-31,519869,517768,4438.07
2024-07-31,519885,519537,221404.15
2024-07-31,519884,519484,2936.79
2024-07-31,519883,519361,2923.45
2024-07-31,519882,519274,3244.65
2024-07-31,519881,519179,31070.76
2024-07-31,519880,519071,29329.78
2024-07-31,519879,519051,29805.08
2024-07-31,519878,519022,2792.35
2024-07-31,519877,518898,2050.04
2024-07-31,519875,518474,1764.44
2024-07-31,519874,518347,182437.79
2024-07-31,519873,518334,116035.0
2024-07-31,519872,518294,2308.21
2024-07-31,519871,518063,10263.87
2024-07-31,519870,517899,124294.26
2024-07-31,519868,517749,72737.67
2024-07-31,519850,515721,182734.09
2024-07-31,519847,515192,21329.08
2024-07-31,519848,515512,4061.67
2024-07-31,519827,511631,9906.43
2024-07-31,519826,510868,38232.52
2024-07-31,519825,510463,2749.25
2024-07-31,519824,510114,108578.48
2024-07-31,519823,509829,31570.17
2024-07-31,519822,509712,2868.85
2024-07-31,519820,506601,2494.08
2024-07-31,519819,506477,1038.06
2024-07-31,519818,506386,2389.53
2024-07-31,519817,506336,29282.81
2024-07-31,519816,506080,97774.11
2024-07-31,519815,505552,142254.09
2024-07-31,519814,505446,139229.67
2024-07-31,519813,502325,2647.97
2024-07-31,519849,515693,65425.2
2024-07-31,519828,511809,1941.51
2024-07-31,519829,511831,4024.55
2024-07-31,519821,507262,4303.0
2024-07-31,519831,512409,14315.61
2024-07-31,519846,514844,3388.71
2024-07-31,519830,511951,2450.2
2024-07-31,519845,514525,2085.34
2024-07-31,519844,514445,1781.91
2024-07-31,519843,514136,1957.07
2024-07-31,519842,514128,27175.29
2024-07-31,519840,514065,9155.82
2024-07-31,519839,513705,2734.23
2024-07-31,519841,514125,2709.22
2024-07-31,519837,513205,52501.06
2024-07-31,519836,513140,93101.14
2024-07-31,519835,513123,1707.62
2024-07-31,519834,513004,4514.12
2024-07-31,519833,512853,189301.2
2024-07-31,519832,512614,3306.02
2024-07-31,519838,513372,158856.53
2024-08-31,520207,517587,165677.4
2024-08-31,520202,517339,1816.86
2024-08-31,520206,517547,32990.86
2024-08-31,520205,517507,2011.59
2024-08-31,520204,517438,3079.26
2024-08-31,520203,517342,3444.04
2024-08-31,520201,517065,66930.13
2024-08-31,520192,516299,74624.82
2024-08-31,520199,516962,22284.02
2024-08-31,520198,516859,22222.9
2024-08-31,520197,516578,172465.17
2024-08-31,520196,516522,109894.83
2024-08-31,520195,516451,48262.06
2024-08-31,520194,516442,125619.09
2024-08-31,520208,517651,3293.97
2024-08-31,520200,517001,5519.4
2024-08-31,520209,517784,19196.89
2024-08-31,520227,519851,147712.63
2024-08-31,520211,517962,135709.42
2024-08-31,520191,516281,153901.5
2024-08-31,520226,519763,139073.66
2024-08-31,520225,519572,16320.55
2024-08-31,520224,519520,17511.96
2024-08-31,520223,519509,139684.69
2024-08-31,520222,519449,2996.35
2024-08-31,520221,519239,2258.55
2024-08-31,520210,517788,114353.58
2024-08-31,520220,519144,81737.16
2024-08-31,520218,518846,2839.97
2024-08-31,520217,518703,9219.42
2024-08-31,520216,518589,98309.46
2024-08-31,520215,518383,13882.5
2024-08-31,520214,518105,23013.32
2024-08-31,520213,518065,3063.02
2024-08-31,520212,517976,27494.08
2024-08-31,520219,519095,22924.35
2024-08-31,520190,516265,116924.09
2024-08-31,520193,516389,65133.56
2024-08-31,520188,516160,121826.06
2024-08-31,520168,512385,64244.73
2024-08-31,520167,512354,10169.95
2024-08-31,520166,512243,6702.31
2024-08-31,520165,511987,85339.71
2024-08-31,520164,511795,3019.04
2024-08-31,520163,511674,119009.04
2024-08-31,520162,511103,18838.38
2024-08-31,520161,509857,27919.9
2024-08-31,520160,509268,85958.44
2024-08-31,520159,509024,2244.17
2024-08-31,520158,508631,10395.86
2024-08-31,520157,507665,58635.57
2024-08-31,520156,507018,2048.83
2024-08-31,520155,503035,154179.84
2024-08-31,520153,501236,146104.77
2024-08-31,520169,513395,9293.14
2024-08-31,520170,513562,2507.14
2024-08-31,520154,502233,1872.51
2024-08-31,520172,513626,36592.0
2024-08-31,520187,515790,161801.32
2024-08-31,520189,516186,159322.01
2024-08-31,520186,515572,17280.4
2024-08-31,520185,515550,92068.44
2024-08-31,520184,515338,55753.31
2024-08-31,520171,513567,3878.62
2024-08-31,520182,515052,14065.47
2024-08-31,520181,514618,61235.7
2024-08-31,520183,515310,1639.08
2024-08-31,520179,514507,3079.47
2024-08-31,520178,514273,3983.81
2024-08-31,520177,514252,13609.56
2024-08-31,520176,514206,65670.02
2024-08-31,520175,513685,2468.94
2024-08-31,520174,513658,23029.53
2024-08-31,520173,513627,22239.13
2024-08-31,520180,514563,2205.9
2024-09-30,520584,518899,3102.18
2024-09-30,520583,518831,25018.81
2024-09-30,520582,518671,3487.67
2024-09-30,520581,518338,191479.74
2024-09-30,520580,518093,15549.63
2024-09-30,520579,517829,34017.68
2024-09-30,520571,517123,1667.0
2024-09-30,520577,517567,1701.22
2024-09-30,520576,517267,2885.59
2024-09-30,520575,517252,3520.14
2024-09-30,520574,517191,133312.04
2024-09-30,520573,517160,29306.46
2024-09-30,520572,517124,27333.09
2024-09-30,520585,518987,36772.1
2024-09-30,520578,517745,17545.22
2024-09-30,520586,519019,11390.01
2024-09-30,520595,519986,29621.35
2024-09-30,520588,519212,32320.96
2024-09-30,520569,516541,27310.63
2024-09-30,520603,520525,3446.55
2024-09-30,520602,520482,42923.64
2024-09-30,520601,520264,270695.19
2024-09-30,520600,520263,2459.14
2024-09-30,520599,520241,2691.84
2024-09-30,520598,520188,254238.88
2024-09-30,520597,520070,9942.75
2024-09-30,520596,520041,1915.25
2024-09-30,520594,519775,184202.75
2024-09-30,520593,519681,4339.66
2024-09-30,520592,519613,2644.38
2024-09-30,520591,519604,2498.97
2024-09-30,520590,519558,16118.53
2024-09-30,520589,519382,6513.35
2024-09-30,520587,519086,3247.89
2024-09-30,520568,516535,5548.73
2024-09-30,520570,517117,2759.28
2024-09-30,520566,516172,167398.25
2024-09-30,520547,511702,113333.15
2024-09-30,520546,511570,158943.33
2024-09-30,520545,511445,3376.83
2024-09-30,520544,511042,3755.1
2024-09-30,520543,510834,38083.2
2024-09-30,520542,509253,14369.41
2024-09-30,520540,508470,11152.06
2024-09-30,520539,508198,2757.31
2024-09-30,520538,507903,10242.33
2024-09-30,520537,506109,14597.43
2024-09-30,520536,504496,19484.0
2024-09-30,520535,504230,3250.25
2024-09-30,520534,502283,26981.98
2024-09-30,520533,501807,70233.8
2024-09-30,520567,516528,87839.16
2024-09-30,520548,512814,9096.39
2024-09-30,520549,513187,83741.76
2024-09-30,520541,509005,18948.62
2024-09-30,520551,513661,109463.35
2024-09-30,520550,513303,2018.91
2024-09-30,520565,516152,110445.05
2024-09-30,520564,515949,93645.21
2024-09-30,520563,515688,94745.92
2024-09-30,520562,515677,91298.84
2024-09-30,520560,515407,27351.44
2024-09-30,520559,515187,2073.02
2024-09-30,520561,515495,11187.83
2024-09-30,520557,515026,15965.0
2024-09-30,520556,515008,113700.58
2024-09-30,520555,514919,1521.46
2024-09-30,520554,514377,4165.16
2024-09-30,520553,514129,96183.19
2024-09-30,520552,513804,10263.55
2024-09-30,520558,515174,31313.19
2024-10-31,520986,517889,33754.88
2024-10-31,520980,516972,183965.64
2024-10-31,520985,517814,8604.17
2024-10-31,520984,517803,68603.14
2024-10-31,520983,517696,2607.93
2024-10-31,520982,517539,173558.52
2024-10-31,520981,517422,124319.55
2024-10-31,520979,516701,9562.33
2024-10-31,520972,515983,143052.23
2024-10-31,520977,516529,13493.16
2024-10-31,520976,516493,9823.1
2024-10-31,520975,516335,78370.56
2024-10-31,520974,516291,146775.52
2024-10-31,520973,516244,46176.66
2024-10-31,520970,515780,44764.7
2024-10-31,520971,515866,76692.81
2024-10-31,520987,517916,8084.6
2024-10-31,520978,516662,75346.15
2024-10-31,520988,517945,2700.55
2024-10-31,521005,520311,63944.55
2024-10-31,520990,518090,23126.12
2024-10-31,520969,515713,52660.93
2024-10-31,521007,520618,137976.3
2024-10-31,521006,520395,76640.06
2024-10-31,521004,520235,3588.05
2024-10-31,521003,520065,2543.0
2024-10-31,521002,519997,4375.72
2024-10-31,521001,519574,2344.68
2024-10-31,521000,519548,13326.73
2024-10-31,520989,518038,3519.4
2024-10-31,520999,519469,11147.57
2024-10-31,520998,519438,27863.65
2024-10-31,520997,519310,1844.73
2024-10-31,520996,519301,3246.41
2024-10-31,520995,519280,3023.58
2024-10-31,520994,519213,30992.44
2024-10-31,520993,519202,6414.66
2024-10-31,520992,519114,3833.14
2024-10-31,520991,518921,12108.93
2024-10-31,521008,520828,227630.64
2024-10-31,520968,515520,835.07
2024-10-31,520935,509990,25884.91
2024-10-31,520966,515478,109595.36
2024-10-31,520943,511501,2608.8
2024-10-31,520942,511284,14890.7
2024-10-31,520941,511259,2894.35
2024-10-31,520940,511088,35847.9
2024-10-31,520939,510825,10598.38
2024-10-31,520938,510785,31715.24
2024-10-31,520937,510381,3616.56
2024-10-31,520934,509303,21983.19
2024-10-31,520933,509180,83258.83
2024-10-31,520932,509059,16499.16
2024-10-31,520931,508149,7535.14
2024-10-31,520930,507522,83259.45
2024-10-31,520929,507230,13959.94
2024-10-31,520928,505799,130396.89
2024-10-31,520927,505430,7937.22
2024-10-31,520926,505285,2172.87
2024-10-31,520967,515494,6330.82
2024-10-31,520944,512138,24404.08
2024-10-31,520945,512319,55135.57
2024-10-31,520936,510038,2531.16
2024-10-31,520947,512780,35351.37
2024-10-31,520965,515469,17501.95
2024-10-31,520946,512686,136675.12
2024-10-31,520964,515419,3169.35
2024-10-31,520963,514775,21701.78
2024-10-31,520962,514764,1414.94
2024-10-31,520961,514541,18168.41
2024-10-31,520959,514431,18229.98
2024-10-31,520958,514336,1502.89
2024-10-31,520957,514296,163622.16
2024-10-31,520960,514436,9740.24
2024-10-31,520955,514258,3795.46
2024-10-31,520954,514104,14670.3
2024-10-31,520953,513521,48459.02
2024-10-31,520952,513519,3384.33
2024-10-31,520951,513514,30167.38
2024-10-31,520950,513412,4292.74
2024-10-31,520956,514278,96969.12
2024-10-31,520949,513317,33228.28
2024-10-31,520948,513028,19965.62
2024-11-30,521380,518214,72120.33
2024-11-30,521374,517609,1487.42
2024-11-30,521375,517668,127456.22
2024-11-30,521376,517734,91497.45
2024-11-30,521379,517983,166415.15
2024-11-30,521378,517850,4764.55
2024-11-30,521373,517570,4057.61
2024-11-30,521377,517800,102813.22
2024-11-30,521372,517506,153312.74
2024-11-30,521363,516416,96249.97
2024-11-30,521370,517310,34983.58
2024-11-30,521369,517219,2723.05
2024-11-30,521368,517076,28227.27
2024-11-30,521367,516815,21944.74
2024-11-30,521366,516671,10227.56
2024-11-30,521365,516655,19391.44
2024-11-30,521364,516514,116034.92
2024-11-30,521362,516399,63168.09
2024-11-30,521381,518395,27992.63
2024-11-30,521371,517382,21200.82
2024-11-30,521382,518612,180805.12
2024-11-30,521403,520982,79804.07
2024-11-30,521384,518683,2412.35
2024-11-30,521361,516341,138967.94
2024-11-30,521404,521206,243764.04
2024-11-30,521401,520823,24215.26
2024-11-30,521400,520810,1961.26
2024-11-30,521399,520640,2587.27
2024-11-30,521398,520228,122990.54
2024-11-30,521397,520214,41058.23
2024-11-30,521396,520114,20752.79
2024-11-30,521395,519979,214979.23
2024-11-30,521394,519854,75873.93
2024-11-30,521393,519840,45097.23
2024-11-30,521392,519746,24243.71
2024-11-30,521391,519578,19022.2
2024-11-30,521390,519498,188318.6
2024-11-30,521389,519443,55267.15
2024-11-30,521388,519323,92852.72
2024-11-30,521387,519296,17144.05
2024-11-30,521386,519266,3980.41
2024-11-30,521385,518859,30289.98
2024-11-30,521383,518618,49311.37
2024-11-30,521360,516311,73795.17
2024-11-30,521402,520933,76244.19
2024-11-30,521358,515715,90848.84
2024-11-30,521334,511916,2252.43
2024-11-30,521333,511860,2440.98
2024-11-30,521332,511779,1423.71
2024-11-30,521331,510778,2725.48
2024-11-30,521330,510437,58940.95
2024-11-30,521329,510166,60523.3
2024-11-30,521328,509649,883.1
2024-11-30,521327,509623,128775.06
2024-11-30,521326,509526,3462.69
2024-11-30,521325,509437,25507.2
2024-11-30,521324,508591,4479.51
2024-11-30,521323,508487,56478.77
2024-11-30,521322,508292,2630.57
2024-11-30,521321,504879,25064.65
2024-11-30,521320,503110,97576.97
2024-11-30,521319,503085,1077.29
2024-11-30,521318,503056,15225.62
2024-11-30,521317,502376,7036.37
2024-11-30,521316,502113,55627.96
2024-11-30,521335,512444,17118.28
2024-11-30,521336,512596,2469.28
2024-11-30,521359,515770,52161.42
2024-11-30,521338,512904,202967.9
2024-11-30,521337,512626,102055.2
2024-11-30,521357,515632,2402.05
2024-11-30,521355,515453,22794.56
2024-11-30,521354,515426,8479.31
2024-11-30,521353,515101,24158.07
2024-11-30,521352,514903,20296.11
2024-11-30,521351,514784,15056.19
2024-11-30,521350,514545,19785.61
2024-11-30,521349,514384,3142.91
2024-11-30,521356,515599,11565.93
2024-11-30,521347,513876,1232.04
2024-11-30,521348,514140,7994.14
2024-11-30,521340,513010,2303.41
2024-11-30,521341,513024,144400.89
2024-11-30,521342,513049,17960.29
2024-11-30,521339,512925,1242.63
2024-11-30,521344,513438,16884.2
2024-11-30,521345,513520,2894.94
2024-11-30,521346,513728,29893.21
2024-11-30,521343,513331,35403.5
2024-12-31,521766,518141,27319.68
2024-12-31,521760,517380,102829.75
2024-12-31,521764,517973,34584.24
2024-12-31,521763,517883,14152.51
2024-12-31,521762,517833,98836.81
2024-12-31,521761,517636,3273.03
2024-12-31,521765,517975,2887.99
2024-12-31,521755,516858,166451.37
2024-12-31,521758,517228,2031.31
2024-12-31,521757,517155,76212.07
2024-12-31,521756,517033,1720.27
2024-12-31,521754,516807,19240.34
2024-12-31,521753,516799,27616.43
2024-12-31,521752,516786,187068.98
2024-12-31,521767,518220,2451.07
2024-12-31,521751,516566,69782.94
2024-12-31,521759,517321,3112.07
2024-12-31,521768,518751,30696.39
2024-12-31,521779,520616,2803.32
2024-12-31,521770,519167,18113.4
2024-12-31,521750,516377,104628.78
2024-12-31,521788,521598,20392.74
2024-12-31,521786,521417,19578.6
2024-12-31,521785,521369,2088.11
2024-12-31,521784,521296,3134.15
2024-12-31,521783,521215,1698.93
2024-12-31,521782,520939,42050.94
2024-12-31,521781,520904,162994.24
2024-12-31,521780,520888,160996.19
2024-12-31,521778,520582,2929.39
2024-12-31,521777,520486,33689.24
2024-12-31,521776,520343,92022.57
2024-12-31,521775,520118,17149.96
2024-12-31,521774,520055,145599.96
2024-12-31,521773,519747,236719.34
2024-12-31,521772,519353,2122.18
2024-12-31,521771,519342,16816.56
2024-12-31,521769,519166,2776.72
2024-12-31,521749,516355,143127.8
2024-12-31,521787,521435,227902.15
2024-12-31,521747,515757,57710.38
2024-12-31,521725,512214,2521.17
2024-12-31,521724,512128,11774.66
2024-12-31,521723,511669,142829.98
2024-12-31,521722,511630,25602.11
2024-12-31,521721,511116,1653.45
2024-12-31,521720,510919,1591.07
2024-12-31,521719,510489,77751.52
2024-12-31,521718,509911,753.71
2024-12-31,521717,509561,22738.27
2024-12-31,521716,509536,13002.17
2024-12-31,521715,509286,3446.7
2024-12-31,521714,508320,20193.69
2024-12-31,521713,506910,76114.57
2024-12-31,521712,504853,20493.94
2024-12-31,521711,504004,52172.59
2024-12-31,521710,503204,11972.02
2024-12-31,521709,500325,2799.09
2024-12-31,521726,512276,1080.18
2024-12-31,521727,512375,6411.58
2024-12-31,521748,516042,159189.07
2024-12-31,521729,512641,3070.16
2024-12-31,521728,512552,2957.6
2024-12-31,521745,515355,143919.78
2024-12-31,521744,515349,1967.47
2024-12-31,521743,515303,20737.48
2024-12-31,521742,515176,4061.33
2024-12-31,521741,514880,24551.04
2024-12-31,521740,514832,3838.7
2024-12-31,521739,514659,1856.96
2024-12-31,521746,515705,184014.9
2024-12-31,521737,514508,33567.21
2024-12-31,521736,514342,153542.37
2024-12-31,521735,514294,2777.61
2024-12-31,521734,513779,30122.89
2024-12-31,521733,513763,2192.52
2024-12-31,521732,513348,1924.24
2024-12-31,521731,513279,10804.2
2024-12-31,521730,513129,87502.63
2024-12-31,521738,514570,20516.55
2025-01-31,522157,519060,119785.91
2025-01-31,522158,519093,1715.77
2025-01-31,522161,519385,3969.65
2025-01-31,522160,519162,3847.2
2025-01-31,522156,518738,2596.1
2025-01-31,522162,519611,23821.6
2025-01-31,522159,519148,196788.56
2025-01-31,522155,518509,92829.97
2025-01-31,522151,518100,180048.96
2025-01-31,522153,518456,21052.53
2025-01-31,522152,518314,15545.53
2025-01-31,522150,518084,9057.2
2025-01-31,522149,518013,63412.14
2025-01-31,522148,517713,152388.83
2025-01-31,522147,517622,13282.74
2025-01-31,522163,519629,28094.44
2025-01-31,522146,517481,21238.0
2025-01-31,522154,518467,1940.22
2025-01-31,522164,519978,20741.39
2025-01-31,522174,521072,4114.19
2025-01-31,522166,520521,1515.36
2025-01-31,522185,522084,40145.09
2025-01-31,522145,517322,27198.01
2025-01-31,522183,521778,3688.58
2025-01-31,522182,521644,1537.15
2025-01-31,522181,521587,156750.16
2025-01-31,522180,521566,33037.26
2025-01-31,522179,521467,219384.31
2025-01-31,522178,521357,3931.77
2025-01-31,522165,520269,1697.4
2025-01-31,522177,521316,204382.73
2025-01-31,522175,521274,180972.67
2025-01-31,522173,521018,96131.87
2025-01-31,522172,520996,1751.54
2025-01-31,522171,520944,6821.57
2025-01-31,522170,520921,249983.75
2025-01-31,522169,520814,3116.95
2025-01-31,522168,520736,105563.7
2025-01-31,522167,520548,9770.16
2025-01-31,522176,521310,59661.51
2025-01-31,522184,521873,91827.48
2025-01-31,522143,517129,3839.37
2025-01-31,522142,516998,17492.44
2025-01-31,522119,513692,2034.84
2025-01-31,522118,513666,1319.26
2025-01-31,522117,513473,17500.23
2025-01-31,522116,513230,1305.48
2025-01-31,522115,513070,119733.82
2025-01-31,522114,512731,83842.39
2025-01-31,522113,512449,8159.9
2025-01-31,522112,512424,9181.15
2025-01-31,522111,512084,14323.91
2025-01-31,522110,511152,2935.91
2025-01-31,522109,510556,1759.75
2025-01-31,522108,510478,86166.45
2025-01-31,522107,510043,2182.56
2025-01-31,522106,509414,2868.39
2025-01-31,522105,508977,2603.98
2025-01-31,522104,507750,2325.39
2025-01-31,522144,517195,927.35
2025-01-31,522120,514031,27680.07
2025-01-31,522121,514106,20170.64
2025-01-31,522103,506042,2390.13
2025-01-31,522123,514931,1028.61
2025-01-31,522122,514283,2113.07
2025-01-31,522140,516873,25715.3
2025-01-31,522139,516872,102865.37
2025-01-31,522138,516856,81558.51
2025-01-31,522137,516638,158359.64
2025-01-31,522136,516441,122339.31
2025-01-31,522135,516370,35075.04
2025-01-31,522134,516367,161560.96
2025-01-31,522133,516242,72643.79
2025-01-31,522141,516983,29072.25
2025-01-31,522131,516123,105342.94
2025-01-31,522130,515863,167189.53
2025-01-31,522129,515800,144329.78
2025-01-31,522128,515540,3382.35
2025-01-31,522127,515529,1492.22
2025-01-31,522126,515396,10828.94
2025-01-31,522125,515271,2195.47
2025-01-31,522132,516136,65408.53
2025-01-31,522124,514964,60501.24
2025-02-28,522550,519817,5127.71
2025-02-28,522549,519767,162197.12
2025-02-28,522548,519695,216864.48
2025-02-28,522547,519601,3633.63
2025-02-28,522546,519554,4511.73
2025-02-28,522545,519160,143280.57
2025-02-28,522544,519108,85802.79
2025-02-28,522540,517741,1922.68
2025-02-28,522542,518333,78436.2
2025-02-28,522541,518205,21504.57
2025-02-28,522539,517731,102942.81
2025-02-28,522538,517602,111536.91
2025-02-28,522537,517523,24913.26
2025-02-28,522536,517454,20947.06
2025-02-28,522535,517411,2729.58
2025-02-28,522551,520370,30964.61
2025-02-28,522543,518672,27938.69
2025-02-28,522552,520429,2087.42
2025-02-28,522562,521324,8634.29
2025-02-28,522554,520559,3090.15
2025-02-28,522534,517312,3502.66
2025-02-28,522571,522247,19049.33
2025-02-28,522570,521847,2283.41
2025-02-28,522569,521809,73478.42
2025-02-28,522568,521718,2569.63
2025-02-28,522567,521634,19093.52
2025-02-28,522566,521497,4129.4
2025-02-28,522565,521425,215579.85
2025-02-28,522564,521366,4741.94
2025-02-28,522563,521331,2819.9
2025-02-28,522572,522488,161343.47
2025-02-28,522560,521136,2822.56
2025-02-28,522559,520908,106135.67
2025-02-28,522558,520885,1609.86
2025-02-28,522557,520744,178180.91
2025-02-28,522556,520700,76492.29
2025-02-28,522555,520644,22083.84
2025-02-28,522553,520457,2478.63
2025-02-28,522533,517290,127367.08
2025-02-28,522561,521181,35085.54
2025-02-28,522531,517017,119990.23
2025-02-28,522509,513806,28007.66
2025-02-28,522508,513739,14465.78
2025-02-28,522507,513686,28702.37
2025-02-28,522506,512251,30436.86
2025-02-28,522505,512213,23372.45
2025-02-28,522504,511934,163882.71
2025-02-28,522503,511778,3058.63
2025-02-28,522510,514344,6221.9
2025-02-28,522502,511448,22250.2
2025-02-28,522500,511069,50516.97
2025-02-28,522499,509019,52298.88
2025-02-28,522498,507153,1172.99
2025-02-28,522496,501744,2735.5
2025-02-28,522495,501403,54620.99
2025-02-28,522494,500910,3701.74
2025-02-28,522532,517184,12344.26
2025-02-28,522501,511203,1981.35
2025-02-28,522511,514455,146777.28
2025-02-28,522497,506799,127035.43
2025-02-28,522513,515246,3558.36
2025-02-28,522512,514714,4775.36
2025-02-28,522530,516914,7213.19
2025-02-28,522529,516860,122953.29
2025-02-28,522527,516583,12527.64
2025-02-28,522526,516488,101324.19
2025-02-28,522525,516356,86110.97
2025-02-28,522524,516204,138035.58
2025-02-28,522523,516118,69093.23
2025-02-28,522528,516816,42881.08
2025-02-28,522521,516073,105667.24
2025-02-28,522520,515865,58394.02
2025-02-28,522519,515743,98749.67
2025-02-28,522518,515730,142054.73
2025-02-28,522517,515602,3711.37
2025-02-28,522516,515573,27647.93
2025-02-28,522515,515320,2955.82
2025-02-28,522522,516074,106120.37
2025-02-28,522514,515279,4495.52
2025-03-31,522896,519872,2360.63
2025-03-31,522895,519783,138108.89
2025-03-31,522894,519675,131371.4
2025-03-31,522893,519652,1205.41
2025-03-31,522892,519429,4179.8
2025-03-31,522891,519233,51497.12
2025-03-31,522888,518410,10436.36
2025-03-31,522889,518443,3054.23
2025-03-31,522887,518173,12246.46
2025-03-31,522886,518040,131790.53
2025-03-31,522897,520038,29825.17
2025-03-31,522885,517893,111064.9
2025-03-31,522890,518953,5128.57
2025-03-31,522898,520101,4343.85
2025-03-31,522908,522054,1561.25
2025-03-31,522900,520564,84238.59
2025-03-31,522901,520950,14110.65
2025-03-31,522902,521060,2207.79
2025-03-31,522903,521547,92223.48
2025-03-31,522904,521666,9488.34
2025-03-31,522905,521804,18706.46
2025-03-31,522906,521824,10555.57
2025-03-31,522907,521868,23361.85
2025-03-31,522909,522319,39324.01
2025-03-31,522910,522327,32805.35
2025-03-31,522911,522543,24559.23
2025-03-31,522912,522594,13363.62
2025-03-31,522913,522832,85733.14
2025-03-31,522884,517885,3869.34
2025-03-31,522899,520439,141849.34
2025-03-31,522883,517358,34332.52
2025-03-31,522882,517061,25639.85
2025-03-31,522856,508143,40225.91
2025-03-31,522881,517012,1475.16
2025-03-31,522850,501328,2180.58
2025-03-31,522851,502432,9972.52
2025-03-31,522852,503112,1166.59
2025-03-31,522853,505649,3780.85
2025-03-31,522854,506831,8854.8
2025-03-31,522855,507627,1059.75
2025-03-31,522857,509440,167621.15
2025-03-31,522858,509878,42083.05
2025-03-31,522859,510588,1976.59
2025-03-31,522860,511244,22706.23
2025-03-31,522862,511373,1295.92
2025-03-31,522863,512050,29633.12
2025-03-31,522864,513295,6984.02
2025-03-31,522865,514178,1941.18
2025-03-31,522861,511326,2212.62
2025-03-31,522867,514566,3297.58
2025-03-31,522880,516821,12556.11
2025-03-31,522879,516685,17149.18
2025-03-31,522878,516475,114257.46
2025-03-31,522877,516332,86036.36
2025-03-31,522866,514368,26776.5
2025-03-31,522875,516257,59544.78
2025-03-31,522874,516237,113794.88
2025-03-31,522876,516313,192186.16
2025-03-31,522873,516080,49328.21
2025-03-31,522872,516000,61169.82
2025-03-31,522871,515758,78493.96
2025-03-31,522870,515635,14470.79
2025-03-31,522869,515025,2143.32
2025-03-31,522868,514694,2826.13
2025-04-30,523282,519458,40822.96
2025-04-30,523288,519921,34998.53
2025-04-30,523287,519830,2281.76
2025-04-30,523286,519784,1689.56
2025-04-30,523285,519677,1193.98
2025-04-30,523284,519638,15463.66
2025-04-30,523283,519555,3232.23
2025-04-30,523289,519995,90151.09
2025-04-30,523281,519341,2622.01
2025-04-30,523272,518543,3917.55
2025-04-30,523279,519055,22416.21
2025-04-30,523278,518923,66554.55
2025-04-30,523312,523226,12947.6
2025-04-30,523276,518875,3069.1
2025-04-30,523275,518794,3755.15
2025-04-30,523274,518677,1313.21
2025-04-30,523273,518593,959.51
2025-04-30,523290,520027,142146.69
2025-04-30,523280,519185,42658.95
2025-04-30,523291,520159,2154.9
2025-04-30,523307,522505,10622.73
2025-04-30,523293,520221,3148.67
2025-04-30,523311,523118,12828.32
2025-04-30,523310,522917,38322.96
2025-04-30,523309,522883,19929.93
2025-04-30,523308,522700,145710.04
2025-04-30,523306,522348,225334.14
2025-04-30,523305,521987,3258.75
2025-04-30,523304,521619,81932.12
2025-04-30,523303,521589,2992.31
2025-04-30,523302,521530,42302.7
2025-04-30,523301,521396,33485.58
2025-04-30,523300,521202,216578.83
2025-04-30,523299,521172,4139.18
2025-04-30,523298,521109,10317.34
2025-04-30,523297,521052,3252.12
2025-04-30,523296,520872,278557.38
2025-04-30,523295,520768,206536.81
2025-04-30,523294,520568,20616.18
2025-04-30,523292,520164,3064.34
2025-04-30,523271,518481,152311.26
2025-04-30,523277,518901,3461.96
2025-04-30,523269,518306,28003.7
2025-04-30,523246,514142,10799.65
2025-04-30,523245,514069,1366.79
2025-04-30,523244,513589,2827.71
2025-04-30,523243,513529,1320.14
2025-04-30,523242,513294,34852.64
2025-04-30,523241,512179,1216.57
2025-04-30,523240,511907,8314.19
2025-04-30,523239,511510,179148.73
2025-04-30,523247,514441,8465.66
2025-04-30,523238,509832,13301.28
2025-04-30,523236,508488,3841.53
2025-04-30,523235,505672,27296.91
2025-04-30,523234,505194,24741.38
2025-04-30,523233,505170,31272.94
2025-04-30,523270,518472,30954.47
2025-04-30,523231,504589,80399.55
2025-04-30,523230,503547,3124.77
2025-04-30,523229,502149,31346.36
2025-04-30,523237,509503,2012.55
2025-04-30,523248,514574,195425.18
2025-04-30,523232,504714,20160.1
2025-04-30,523250,515286,3386.85
2025-04-30,523249,515136,48829.42
2025-04-30,523268,518283,15290.72
2025-04-30,523266,517825,3562.98
2025-04-30,523265,517614,101058.9
2025-04-30,523264,517424,35036.86
2025-04-30,523263,517238,15219.29
2025-04-30,523262,517232,8956.33
2025-04-30,523261,517131,64459.25
2025-04-30,523260,517072,3577.61
2025-04-30,523267,518258,51527.4
2025-04-30,523258,517005,112964.94
2025-04-30,523257,516949,1676.01
2025-04-30,523256,516590,49687.83
2025-04-30,523255,516196,115939.79
2025-04-30,523254,515951,73928.36
2025-04-30,523253,515661,2687.41
2025-04-30,523252,515569,4199.39
2025-04-30,523259,517052,16663.36
2025-04-30,523251,515361,2696.75
2025-05-31,523647,521053,11039.87
2025-05-31,523646,520956,153167.82
2025-05-31,523645,520923,12425.66
2025-05-31,523644,520910,2117.72
2025-05-31,523643,520886,2932.98
2025-05-31,523642,520523,148107.38
2025-05-31,523641,520485,3293.25
2025-05-31,523638,520194,240306.95
2025-05-31,523639,520413,3192.49
2025-05-31,523637,520006,37242.83
2025-05-31,523636,519983,152580.2
2025-05-31,523635,519865,180810.84
2025-05-31,523634,519828,3475.32
2025-05-31,523648,521442,32017.08
2025-05-31,523640,520446,33989.2
2025-05-31,523649,522036,13165.73
2025-05-31,523659,522823,15169.51
2025-05-31,523651,522107,4165.18
2025-05-31,523666,523595,249417.59
2025-05-31,523665,523585,2012.25
2025-05-31,523664,523421,2188.38
2025-05-31,523663,523366,361521.38
2025-05-31,523662,523233,16050.4
2025-05-31,523661,522945,2673.83
2025-05-31,523650,522079,3210.98
2025-05-31,523660,522929,22604.25
2025-05-31,523657,522635,34784.28
2025-05-31,523656,522551,9518.28
2025-05-31,523655,522431,28832.97
2025-05-31,523654,522407,28485.32
2025-05-31,523653,522367,9311.58
2025-05-31,523652,522292,56529.51
2025-05-31,523658,522690,2460.28
2025-05-31,523632,519434,19340.6
2025-05-31,523633,519491,21509.82
2025-05-31,523630,519299,31100.11
2025-05-31,523610,511816,12948.11
2025-05-31,523609,511456,67138.66
2025-05-31,523608,510544,177048.35
2025-05-31,523607,510173,1675.9
2025-05-31,523606,510157,3395.18
2025-05-31,523605,509949,83225.19
2025-05-31,523611,511922,7502.2
2025-05-31,523604,509402,2249.95
2025-05-31,523601,508015,7228.48
2025-05-31,523600,507920,23445.84
2025-05-31,523599,507099,153180.9
2025-05-31,523598,503460,6480.47
2025-05-31,523597,501296,78080.83
2025-05-31,523631,519415,80014.18
2025-05-31,523603,509051,1752.38
2025-05-31,523612,512836,822.49
2025-05-31,523602,508258,106630.93
2025-05-31,523614,514016,4162.96
2025-05-31,523629,518094,120690.92
2025-05-31,523613,513332,3240.97
2025-05-31,523628,517910,36840.63
2025-05-31,523627,517613,22505.05
2025-05-31,523625,517471,2025.44
2025-05-31,523624,516563,12888.5
2025-05-31,523623,516526,127879.78
2025-05-31,523626,517564,3573.16
2025-05-31,523621,515653,3750.22
2025-05-31,523620,515636,2671.4
2025-05-31,523619,515514,71186.34
2025-05-31,523618,515368,123375.4
2025-05-31,523617,514987,39642.27
2025-05-31,523615,514321,15757.59
2025-05-31,523622,515766,143791.53
2025-05-31,523616,514495,1853.71
2025-06-30,524064,521311,209334.36
2025-06-30,524065,521525,3514.45
2025-06-30,524066,521931,3459.58
2025-06-30,524069,522099,119210.12
2025-06-30,524068,522065,78448.77
2025-06-30,524070,522103,3986.94
2025-06-30,524063,521300,2536.16
2025-06-30,524071,522252,201703.76
2025-06-30,524067,521973,155406.45
2025-06-30,524062,521297,40828.12
2025-06-30,524055,520787,32709.43
2025-06-30,524060,521212,4453.31
2025-06-30,524059,521148,2023.09
2025-06-30,524058,521073,29671.93
2025-06-30,524057,520962,3219.25
2025-06-30,524056,520824,79254.43
2025-06-30,524054,520668,136506.44
2025-06-30,524053,520503,98687.29
2025-06-30,524052,520481,3818.9
2025-06-30,524072,522267,42242.08
2025-06-30,524061,521256,2344.92
2025-06-30,524073,522403,5380.15
2025-06-30,524090,523535,107925.77
2025-06-30,524075,522675,3502.42
2025-06-30,524051,520383,33393.75
2025-06-30,524095,523924,34721.66
2025-06-30,524094,523918,1755.35
2025-06-30,524093,523717,91228.34
2025-06-30,524096,523983,2473.71
2025-06-30,524091,523617,8040.22
2025-06-30,524089,523234,18276.14
2025-06-30,524088,523224,40914.34
2025-06-30,524087,523190,34131.2
2025-06-30,524074,522436,302056.72
2025-06-30,524086,523185,3545.9
2025-06-30,524084,523122,31335.36
2025-06-30,524083,522947,184108.78
2025-06-30,524082,522912,10494.49
2025-06-30,524081,522899,200860.58
2025-06-30,524080,522881,4027.19
2025-06-30,524079,522829,1589.06
2025-06-30,524078,522804,305695.16
2025-06-30,524077,522766,1535.65
2025-06-30,524076,522747,23174.91
2025-06-30,524085,523135,225199.13
2025-06-30,524050,520297,1764.16
2025-06-30,524092,523677,2922.94
2025-06-30,524048,520059,180191.88
2025-06-30,524022,515813,67047.23
2025-06-30,524021,515194,31834.2
2025-06-30,524020,514730,20957.48
2025-06-30,524019,513818,11086.95
2025-06-30,524018,513276,1352.16
2025-06-30,524017,513252,2144.4
2025-06-30,524016,513194,8724.95
2025-06-30,524015,512650,1415.28
2025-06-30,524014,512360,136380.84
2025-06-30,524023,515850,164858.99
2025-06-30,524013,512291,101041.06
2025-06-30,524011,511450,1699.05
2025-06-30,524010,510775,2465.19
2025-06-30,524009,510579,4022.61
2025-06-30,524008,508875,30488.42
2025-06-30,524007,507968,11756.07
2025-06-30,524005,507177,862.0
2025-06-30,524004,504495,11484.72
2025-06-30,524003,503462,1913.54
2025-06-30,524049,520262,165333.91
2025-06-30,524012,511603,71122.35
2025-06-30,524024,515869,139496.15
2025-06-30,524006,507630,24295.55
2025-06-30,524026,516485,87803.34
2025-06-30,524025,516183,63179.4
2025-06-30,524047,519825,2192.38
2025-06-30,524046,519505,5202.9
2025-06-30,524044,519371,87446.23
2025-06-30,524043,519211,2030.44
2025-06-30,524042,518748,91195.03
2025-06-30,524041,518694,1164.15
2025-06-30,524040,518623,15777.35
2025-06-30,524039,518433,69485.47
2025-06-30,524038,518103,64738.96
2025-06-30,524045,519485,31013.01
2025-06-30,524036,517804,1795.87
2025-06-30,524037,517950,40903.72
2025-06-30,524028,516828,120362.07
2025-06-30,524030,517174,1254.02
2025-06-30,524031,517355,14718.98
2025-06-30,524029,516961,2352.69
2025-06-30,524033,517429,1831.63
2025-06-30,524034,517721,28374.65
2025-06-30,524035,517729,2201.67
2025-06-30,524032,517381,2948.95
2025-06-30,524027,516746,87901.35
2025-07-31,524481,522598,162142.57
2025-07-31,524480,522564,31844.82
2025-07-31,524474,521021,84845.94
2025-07-31,524479,522520,291661.61
2025-07-31,524478,521659,116237.03
2025-07-31,524477,521590,17220.92
2025-07-31,524476,521260,1269.69
2025-07-31,524475,521130,183146.96
2025-07-31,524470,519938,2300.96
2025-07-31,524472,520254,235775.76
2025-07-31,524471,520097,4052.27
2025-07-31,524469,519902,2163.66
2025-07-31,524468,519843,4167.34
2025-07-31,524467,519486,6946.12
2025-07-31,524482,522660,197462.24
2025-07-31,524466,519401,1809.3
2025-07-31,524473,520421,4458.86
2025-07-31,524483,522897,6107.5
2025-07-31,524494,523967,3729.8
2025-07-31,524485,523241,2166.63
2025-07-31,524465,519189,3818.76
2025-07-31,524501,524263,17419.38
2025-07-31,524500,524230,2049.99
2025-07-31,524499,524030,4266.16
2025-07-31,524498,524024,167597.41
2025-07-31,524497,524015,2305.16
2025-07-31,524496,524014,128117.4
2025-07-31,524484,523166,10011.53
2025-07-31,524495,523992,28733.23
2025-07-31,524492,523744,163026.78
2025-07-31,524491,523632,12268.69
2025-07-31,524490,523555,307320.11
2025-07-31,524489,523546,44835.52
2025-07-31,524488,523474,45843.28
2025-07-31,524487,523292,3780.01
2025-07-31,524486,523269,11534.24
2025-07-31,524493,523815,3292.03
2025-07-31,524464,519082,4011.12
2025-07-31,524461,518888,23140.58
2025-07-31,524462,518896,1526.19
2025-07-31,524441,515670,2551.82
2025-07-31,524440,515531,3220.91
2025-07-31,524439,514554,2380.77
2025-07-31,524438,514122,2668.54
2025-07-31,524437,514017,2364.45
2025-07-31,524436,513746,6092.63
2025-07-31,524435,513740,117793.54
2025-07-31,524442,515832,143505.76
2025-07-31,524433,511790,8341.37
2025-07-31,524431,508758,59179.38
2025-07-31,524430,508514,8509.17
2025-07-31,524429,508275,8903.92
2025-07-31,524428,507494,783.19
2025-07-31,524427,506681,84181.13
2025-07-31,524426,503646,2222.63
2025-07-31,524463,518945,12200.56
2025-07-31,524432,511205,8715.71
2025-07-31,524443,515926,63916.13
2025-07-31,524434,513266,10654.4
2025-07-31,524445,516409,99771.0
2025-07-31,524444,516365,61407.21
2025-07-31,524460,518770,2012.9
2025-07-31,524459,518492,21060.65
2025-07-31,524458,518352,4149.77
2025-07-31,524457,518249,28947.71
2025-07-31,524455,517903,813.23
2025-07-31,524454,517805,32498.42
2025-07-31,524453,517686,64188.89
2025-07-31,524456,518162,58496.65
2025-07-31,524452,517616,28913.7
2025-07-31,524451,517031,3770.67
2025-07-31,524450,517030,2355.22
2025-07-31,524449,516987,76882.82
2025-07-31,524448,516664,121174.78
2025-07-31,524447,516609,9539.85
2025-07-31,524446,516548,114919.12
2025-08-31,524874,521413,6978.63
2025-08-31,524880,521959,3202.72
2025-08-31,524879,521877,138621.14
2025-08-31,524878,521638,18743.62
2025-08-31,524877,521513,1708.13
2025-08-31,524876,521465,2590.03
2025-08-31,524875,521458,14356.88
2025-08-31,524881,522360,105145.5
2025-08-31,524873,521397,24047.03
2025-08-31,524866,520035,237885.58
2025-08-31,524871,521010,2400.09
2025-08-31,524870,520971,238641.04
2025-08-31,524869,520265,1457.12
2025-08-31,524868,520105,2427.6
2025-08-31,524867,520049,3562.32
2025-08-31,524864,519850,81183.78
2025-08-31,524865,519947,3175.54
2025-08-31,524882,522379,34833.34
2025-08-31,524872,521145,17925.7
2025-08-31,524883,522391,17168.5
2025-08-31,524902,524558,33673.77
2025-08-31,524885,522494,1644.87
2025-08-31,524863,519699,48012.32
2025-08-31,524904,524625,149346.96
2025-08-31,524903,524586,60930.51
2025-08-31,524901,524463,6984.72
2025-08-31,524900,524210,3992.16
2025-08-31,524899,524070,2156.93
2025-08-31,524898,523696,253275.92
2025-08-31,524897,523624,9171.36
2025-08-31,524896,523592,11838.44
2025-08-31,524895,523473,3158.55
2025-08-31,524894,523437,2857.59
2025-08-31,524893,523332,30888.26
2025-08-31,524892,523244,1422.83
2025-08-31,524891,523229,11340.34
2025-08-31,524890,523187,243969.2
2025-08-31,524889,522954,28166.18
2025-08-31,524888,522942,20806.66
2025-08-31,524887,522599,2848.21
2025-08-31,524886,522585,17076.98
2025-08-31,524884,522483,31300.72
2025-08-31,524862,519661,4664.65
2025-08-31,524822,511222,3005.85
2025-08-31,524860,519476,68835.72
2025-08-31,524837,516716,47052.76
2025-08-31,524836,516403,173372.93
2025-08-31,524835,516157,123718.64
2025-08-31,524834,515979,32976.88
2025-08-31,524833,515593,1626.3
2025-08-31,524832,514999,23721.56
2025-08-31,524831,514856,3965.38
2025-08-31,524830,514756,3179.59
2025-08-31,524838,516724,122567.06
2025-08-31,524828,513960,3204.84
2025-08-31,524826,513110,4294.15
2025-08-31,524825,512988,2395.2
2025-08-31,524824,512747,1763.76
2025-08-31,524823,511954,4208.96
2025-08-31,524821,511037,6766.54
2025-08-31,524820,510294,15465.57
2025-08-31,524819,504001,3001.92
2025-08-31,524861,519599,28712.96
2025-08-31,524827,513209,13336.55
2025-08-31,524839,516755,38297.16
2025-08-31,524829,514468,51834.53
2025-08-31,524841,516913,2768.71
2025-08-31,524840,516809,11318.5
2025-08-31,524858,519326,7104.12
2025-08-31,524857,519256,2375.5
2025-08-31,524856,519198,1853.7
2025-08-31,524855,519127,5831.02
2025-08-31,524854,518928,189005.44
2025-08-31,524853,518718,2892.67
2025-08-31,524852,518668,4197.63
2025-08-31,524851,518401,23403.27
2025-08-31,524859,519369,2872.1
2025-08-31,524842,516964,2108.46
2025-08-31,524849,518295,62004.05
2025-08-31,524848,518174,83659.42
2025-08-31,524847,518132,2351.86
2025-08-31,524846,517423,3548.04
2025-08-31,524845,517362,89857.55
2025-08-31,524844,517298,22956.96
2025-08-31,524843,517183,1917.63
2025-08-31,524850,518336,5419.83
2025-09-30,525276,521252,2622.46
2025-09-30,525277,521326,3985.02
2025-09-30,525278,521383,140326.34
2025-09-30,525283,522197,7565.1
2025-09-30,525280,521601,3345.98
2025-09-30,525281,521745,310334.9
2025-09-30,525275,521204,3108.04
2025-09-30,525282,522150,25361.39
2025-09-30,525279,521538,8826.28
2025-09-30,525274,521140,2149.43
2025-09-30,525269,520454,9576.88
2025-09-30,525272,520842,1610.0
2025-09-30,525271,520707,10213.91
2025-09-30,525270,520670,2933.71
2025-09-30,525268,520240,245879.87
2025-09-30,525267,520152,38522.34
2025-09-30,525266,520127,234785.45
2025-09-30,525265,520089,2010.66
2025-09-30,525264,520051,87105.86
2025-09-30,525273,521005,133850.64
2025-09-30,525284,522239,19197.28
2025-09-30,525305,525134,346915.53
2025-09-30,525286,522386,2657.76
2025-09-30,525263,519705,1918.18
2025-09-30,525304,524720,21952.56
2025-09-30,525303,524525,45478.2
2025-09-30,525302,524497,2343.84
2025-09-30,525301,524380,247907.85
2025-09-30,525300,524270,3758.61
2025-09-30,525299,524149,2295.9
2025-09-30,525298,524107,9603.4
2025-09-30,525297,524085,247329.77
2025-09-30,525296,524027,136745.2
2025-09-30,525295,523827,2406.15
2025-09-30,525294,523768,28361.27
2025-09-30,525293,523722,43176.47
2025-09-30,525292,523655,31698.31
2025-09-30,525291,523493,3455.4
2025-09-30,525290,523469,2190.29
2025-09-30,525289,523041,3270.67
2025-09-30,525288,522861,2152.0
2025-09-30,525287,522754,3109.48
2025-09-30,525285,522359,17502.25
2025-09-30,525262,519595,1652.58
2025-09-30,525261,519338,26841.69
2025-09-30,525227,511784,33248.49
2025-09-30,525236,513971,111573.07
2025-09-30,525235,513738,52584.28
2025-09-30,525233,513698,25008.53
2025-09-30,525232,513651,2814.59
2025-09-30,525231,512532,65480.76
2025-09-30,525230,512314,13476.29
2025-09-30,525229,512224,1323.78
2025-09-30,525228,512099,30924.1
2025-09-30,525226,511528,1275.3
2025-09-30,525225,510515,152414.55
2025-09-30,525224,510458,1808.47
2025-09-30,525223,510042,1123.87
2025-09-30,525222,509733,10069.4
2025-09-30,525221,508480,21338.57
2025-09-30,525220,507155,149041.85
2025-09-30,525219,506818,75509.88
2025-09-30,525218,505247,53403.23
2025-09-30,525217,503409,8896.2
2025-09-30,525216,502379,64837.17
2025-09-30,525237,514483,124211.7
2025-09-30,525238,514543,4444.39
2025-09-30,525234,513735,2471.16
2025-09-30,525240,514747,2480.06
2025-09-30,525259,518561,37819.64
2025-09-30,525258,518348,110304.16
2025-09-30,525257,518176,2312.59
2025-09-30,525256,518113,2238.82
2025-09-30,525255,518014,2072.18
2025-09-30,525254,517164,107593.21
2025-09-30,525239,514546,3957.16
2025-09-30,525252,516734,92979.05
2025-09-30,525251,516633,12034.93
2025-09-30,525250,516571,7255.92
2025-09-30,525253,516760,134578.24
2025-09-30,525241,514907,4441.41
2025-09-30,525249,516498,53015.55
2025-09-30,525242,515190,107609.24
2025-09-30,525243,515422,32334.72
2025-09-30,525244,515475,27330.16
2025-09-30,525260,518852,102392.86
2025-09-30,525246,516069,104953.78
2025-09-30,525247,516461,110635.0
2025-09-30,525248,516466,156885.48
2025-09-30,525245,515498,2286.36
2025-10-31,525697,522342,2552.51
2025-10-31,525704,523168,1153.85
2025-10-31,525703,523157,3266.68
2025-10-31,525702,523082,12526.94
2025-10-31,525701,522985,3108.64
2025-10-31,525700,522730,1662.82
2025-10-31,525699,522706,3996.95
2025-10-31,525698,522448,149499.15
2025-10-31,525705,523197,3956.8
2025-10-31,525721,524567,26596.79
2025-10-31,525695,522189,2497.99
2025-10-31,525694,522159,143016.65
2025-10-31,525693,522151,149978.89
2025-10-31,525692,522137,96542.54
2025-10-31,525691,522118,3904.88
2025-10-31,525690,521883,2364.69
2025-10-31,525689,521772,2061.93
2025-10-31,525688,521739,2811.5
2025-10-31,525687,521637,2424.21
2025-10-31,525706,523501,2452.27
2025-10-31,525696,522279,15354.25
2025-10-31,525707,523652,70053.78
2025-10-31,525731,525612,16040.19
2025-10-31,525709,523742,3095.05
2025-10-31,525686,521506,7406.63
2025-10-31,525730,525529,150932.42
2025-10-31,525729,525497,307538.86
2025-10-31,525728,525365,431048.91
2025-10-31,525727,525327,2964.4
2025-10-31,525726,525246,257547.36
2025-10-31,525725,525157,13453.16
2025-10-31,525724,525125,13889.94
2025-10-31,525723,525080,2843.33
2025-10-31,525708,523740,41343.25
2025-10-31,525722,525033,41786.42
2025-10-31,525719,524524,38815.08
2025-10-31,525718,524472,68812.96
2025-10-31,525717,524326,3856.54
2025-10-31,525716,524304,220009.97
2025-10-31,525715,524165,37362.87
2025-10-31,525714,524140,2250.26
2025-10-31,525713,524081,302158.1
2025-10-31,525712,523861,56244.61
2025-10-31,525711,523764,5830.53
2025-10-31,525720,524549,42694.66
2025-10-31,525685,521420,179318.05
2025-10-31,525710,523760,26219.39
2025-10-31,525683,521050,272231.35
2025-10-31,525658,517399,2437.47
2025-10-31,525657,516800,70091.67
2025-10-31,525656,516226,90586.81
2025-10-31,525655,515772,133765.18
2025-10-31,525654,515771,86032.8
2025-10-31,525653,515650,24191.96
2025-10-31,525652,514116,17569.14
2025-10-31,525651,511815,138419.57
2025-10-31,525650,511766,23401.52
2025-10-31,525659,517543,3126.53
2025-10-31,525649,511600,2632.72
2025-10-31,525647,509835,2897.64
2025-10-31,525646,509591,537.23
2025-10-31,525645,507669,103890.11
2025-10-31,525644,507335,25905.92
2025-10-31,525642,503323,1035.0
2025-10-31,525641,501571,6675.21
2025-10-31,525640,501099,27698.03
2025-10-31,525639,500761,1121.92
2025-10-31,525684,521288,1362.74
2025-10-31,525648,511563,7409.66
2025-10-31,525660,517555,3216.08
2025-10-31,525643,504457,2065.61
2025-10-31,525679,520627,173122.71
2025-10-31,525682,521019,1844.72
2025-10-31,525681,521016,2987.65
2025-10-31,525680,520746,3211.97
2025-10-31,525678,520592,1513.62
2025-10-31,525677,520422,32801.83
2025-10-31,525676,520303,165242.87
2025-10-31,525675,520107,131924.31
2025-10-31,525673,520021,1556.7
2025-10-31,525672,519982,16758.85
2025-10-31,525674,520066,22879.4
2025-10-31,525670,519549,4127.62
2025-10-31,525662,517909,1479.22
2025-10-31,525663,518169,22382.26
2025-10-31,525664,518521,115234.47
2025-10-31,525671,519923,2015.64
2025-10-31,525665,518726,1709.71
2025-10-31,525661,517861,2979.55
2025-10-31,525666,518730,2839.73
2025-10-31,525667,518909,54035.92
2025-10-31,525668,519446,20689.95
2025-10-31,525669,519475,2359.44
2025-11-30,526136,523663,176627.9
2025-11-30,526139,523792,15230.1
2025-11-30,526138,523777,162528.54
2025-11-30,526137,523667,2588.28
2025-11-30,526141,524106,169515.4
2025-11-30,526140,523972,16064.74
2025-11-30,526162,526077,28186.13
2025-11-30,526134,523445,2724.6
2025-11-30,526133,523352,3899.39
2025-11-30,526132,523286,3849.85
2025-11-30,526131,523099,286632.29
2025-11-30,526130,523019,52474.83
2025-11-30,526129,522966,28881.11
2025-11-30,526142,524115,19851.65
2025-11-30,526128,522931,1817.79
2025-11-30,526135,523627,5114.32
2025-11-30,526143,524123,13000.1
2025-11-30,526154,525354,26824.07
2025-11-30,526145,524498,203883.83
2025-11-30,526127,522679,40458.45
2025-11-30,526161,526024,4248.99
2025-11-30,526160,525764,4105.91
2025-11-30,526159,525717,2537.03
2025-11-30,526158,525670,3873.72
2025-11-30,526157,525628,5358.82
2025-11-30,526156,525555,2798.58
2025-11-30,526144,524314,1835.96
2025-11-30,526155,525457,110965.85
2025-11-30,526152,525261,26735.04
2025-11-30,526151,525208,2488.37
2025-11-30,526150,525196,3554.27
2025-11-30,526149,524864,215554.9
2025-11-30,526148,524769,118659.53
2025-11-30,526147,524751,4341.96
2025-11-30,526146,524535,192157.53
2025-11-30,526153,525308,7005.41
2025-11-30,526126,522426,3719.87
2025-11-30,526112,518959,1585.16
2025-11-30,526124,521290,118723.5
2025-11-30,526102,516436,152623.47
2025-11-30,526101,516003,67898.7
2025-11-30,526100,515294,100856.46
2025-11-30,526099,513180,2329.83
2025-11-30,526098,513085,1416.14
2025-11-30,526097,512958,2508.28
2025-11-30,526096,511378,66685.26
2025-11-30,526125,521514,14273.48
2025-11-30,526094,508287,16970.13
2025-11-30,526093,508214,1352.56
2025-11-30,526092,507677,80578.51
2025-11-30,526091,505043,22755.04
2025-11-30,526090,502984,98653.27
2025-11-30,526089,502411,33586.96
2025-11-30,526088,500957,16482.11
2025-11-30,526103,516588,166025.68
2025-11-30,526104,516855,19041.18
2025-11-30,526095,509092,3266.81
2025-11-30,526106,517109,9637.39
2025-11-30,526105,517023,149528.49
2025-11-30,526123,521214,189810.31
2025-11-30,526122,521085,12551.99
2025-11-30,526121,521024,120093.11
2025-11-30,526119,520863,28171.6
2025-11-30,526118,520662,3863.75
2025-11-30,526117,520589,12314.75
2025-11-30,526116,520198,16073.73
2025-11-30,526120,521015,64792.71
2025-11-30,526114,519455,82650.81
2025-11-30,526115,520129,2425.2
2025-11-30,526108,517180,2777.93
2025-11-30,526109,518057,14311.24
2025-11-30,526107,517153,1832.81
2025-11-30,526111,518464,30708.24
2025-11-30,526113,519403,124786.89
2025-11-30,526110,518188,1860.31
2025-12-31,526540,523504,1691.96
2025-12-31,526547,524351,40603.47
2025-12-31,526546,524203,22893.85
2025-12-31,526545,524200,125829.26
2025-12-31,526544,524194,2455.04
2025-12-31,526543,524142,209783.41
2025-12-31,526542,524101,44079.34
2025-12-31,526541,523530,5891.38
2025-12-31,526539,523459,108040.85
2025-12-31,526530,522211,39005.44
2025-12-31,526537,523265,281301.41
2025-12-31,526536,523240,8903.62
2025-12-31,526535,522671,18135.64
2025-12-31,526534,522574,7831.17
2025-12-31,526533,522402,2170.04
2025-12-31,526532,522350,2751.04
2025-12-31,526531,522235,11446.01
2025-12-31,526548,524553,172765.21
2025-12-31,526538,523295,75495.1
2025-12-31,526549,524600,23290.98
2025-12-31,526529,522192,2765.54
2025-12-31,526551,524883,13401.52
2025-12-31,526570,526355,112899.37
2025-12-31,526569,526223,168785.35
2025-12-31,526571,526389,3112.1
2025-12-31,526567,526157,26593.29
2025-12-31,526566,526134,2142.27
2025-12-31,526565,526048,3516.34
2025-12-31,526564,526046,376397.39
2025-12-31,526563,526013,11371.79
2025-12-31,526562,525948,3839.36
2025-12-31,526561,525892,3401.73
2025-12-31,526560,525852,4056.07
2025-12-31,526559,525778,364576.82
2025-12-31,526558,525703,3746.83
2025-12-31,526557,525597,236946.83
2025-12-31,526556,525545,225705.2
2025-12-31,526555,525499,4485.59
2025-12-31,526554,525258,112274.66
2025-12-31,526553,525121,17054.61
2025-12-31,526552,524948,287437.95
2025-12-31,526550,524745,152484.98
2025-12-31,526528,521844,28704.4
2025-12-31,526568,526163,4069.22
2025-12-31,526526,521706,301495.26
2025-12-31,526502,516965,3842.61
2025-12-31,526501,516767,3916.34
2025-12-31,526500,516621,11586.35
2025-12-31,526499,516495,7958.83
2025-12-31,526498,515403,107469.03
2025-12-31,526497,515387,58647.55
2025-12-31,526496,515132,1710.37
2025-12-31,526495,514731,2106.58
2025-12-31,526503,517041,90383.84
2025-12-31,526494,513341,2801.43
2025-12-31,526492,511063,2469.43
2025-12-31,526491,510714,13359.04
2025-12-31,526490,509903,1498.06
2025-12-31,526489,509713,3465.57
2025-12-31,526488,509479,4222.16
2025-12-31,526487,506632,10272.48
2025-12-31,526486,502108,422.28
2025-12-31,526485,501443,72343.07
2025-12-31,526493,512387,16682.65
2025-12-31,526504,517329,182965.6
2025-12-31,526527,521754,7981.86
2025-12-31,526506,517515,137100.47
2025-12-31,526525,521609,3932.42
2025-12-31,526524,521593,3140.33
2025-12-31,526523,521347,3232.26
2025-12-31,526522,521322,2716.21
2025-12-31,526521,521220,2054.49
2025-12-31,526505,517492,4333.07
2025-12-31,526519,520712,178658.91
2025-12-31,526518,520674,1120.77
2025-12-31,526517,520535,2913.66
2025-12-31,526520,520899,10197.86
2025-12-31,526515,520093,4149.41
2025-12-31,526516,520106,18778.02
2025-12-31,526508,518192,2628.19
2025-12-31,526509,518595,8639.64
2025-12-31,526510,518804,181344.97
2025-12-31,526507,517717,1757.29
2025-12-31,526512,519542,123162.63
2025-12-31,526513,519566,34724.31
2025-12-31,526514,520050,16438.88
2025-12-31,526511,519221,2854.31
2026-01-31,526959,524965,40536.71
2026-01-31,526958,524637,353315.68
2026-01-31,526957,524481,200278.93
2026-01-31,526956,524468,4525.46
2026-01-31,526955,524348,72533.24
2026-01-31,526954,524335,6577.06
2026-01-31,526953,524025,331878.06
2026-01-31,526952,524018,3484.51
2026-01-31,526942,522480,99587.26
2026-01-31,526950,523755,2060.41
2026-01-31,526949,523364,1579.49
2026-01-31,526948,523363,220461.56
2026-01-31,526947,523209,1608.29
2026-01-31,526946,523182,37719.28
2026-01-31,526945,523110,13868.46
2026-01-31,526944,522955,152409.16
2026-01-31,526943,522615,7688.01
2026-01-31,526960,525413,197233.09
2026-01-31,526951,523957,215769.96
2026-01-31,526961,525442,1589.19
2026-01-31,526972,526240,34626.37
2026-01-31,526963,525780,21094.65
2026-01-31,526941,522434,3186.38
2026-01-31,526982,526893,42335.29
2026-01-31,526981,526821,26302.26
2026-01-31,526980,526793,6860.46
2026-01-31,526979,526688,2123.65
2026-01-31,526978,526627,16695.98
2026-01-31,526977,526623,3790.22
2026-01-31,526976,526577,2191.1
2026-01-31,526975,526469,2237.59
2026-01-31,526974,526395,411377.51
2026-01-31,526973,526275,198939.39
2026-01-31,526971,526234,24026.78
2026-01-31,526970,526218,3417.28
2026-01-31,526969,526197,2735.68
2026-01-31,526968,526159,2860.57
2026-01-31,526967,526108,2368.93
2026-01-31,526966,525962,373454.21
2026-01-31,526965,525961,37315.06
2026-01-31,526964,525791,2007.45
2026-01-31,526962,525487,1218.33
2026-01-31,526940,522328,124114.8
2026-01-31,526935,521729,2368.16
2026-01-31,526938,522216,3402.25
2026-01-31,526914,517114,3822.24
2026-01-31,526913,516869,19191.36
2026-01-31,526912,516757,23914.24
2026-01-31,526911,516703,9187.45
2026-01-31,526910,515974,109943.2
2026-01-31,526909,515617,119029.29
2026-01-31,526908,515203,31915.94
2026-01-31,526907,514163,1318.29
2026-01-31,526906,514095,2533.66
2026-01-31,526905,512773,156101.62
2026-01-31,526904,512154,1030.95
2026-01-31,526903,511758,7805.61
2026-01-31,526902,510506,2899.16
2026-01-31,526901,510345,1309.39
2026-01-31,526939,522302,3967.61
2026-01-31,526899,509681,1734.66
2026-01-31,526898,509601,42494.25
2026-01-31,526897,507619,900.88
2026-01-31,526896,505025,1756.93
2026-01-31,526915,517118,33056.86
2026-01-31,526916,517293,42587.45
2026-01-31,526900,509756,25808.72
2026-01-31,526918,518440,37407.33
2026-01-31,526937,522057,64935.55
2026-01-31,526936,521857,100763.86
2026-01-31,526934,521571,183053.45
2026-01-31,526933,521447,178454.84
2026-01-31,526932,521221,31216.8
2026-01-31,526931,521061,19799.47
2026-01-31,526929,520854,1980.95
2026-01-31,526928,520270,15179.45
2026-01-31,526930,521001,2493.24
2026-01-31,526926,519719,147678.56
2026-01-31,526925,519511,112201.8
2026-01-31,526924,519224,204284.27
2026-01-31,526923,519044,33934.83
2026-01-31,526922,518971,4856.87
2026-01-31,526921,518926,67219.24
2026-01-31,526920,518585,63450.93
2026-01-31,526919,518531,1339.19
2026-01-31,526927,520230,64095.66
2026-01-31,526917,517809,79897.91
2026-02-28,527357,522902,4283.4
2026-02-28,527362,524073,13837.66
2026-02-28,527361,523911,3007.9
2026-02-28,527360,523725,6994.24
2026-02-28,527359,523613,3556.99
2026-02-28,527358,523114,10486.89
2026-02-28,527349,521758,3495.49
2026-02-28,527355,522560,3223.45
2026-02-28,527354,522504,272641.65
2026-02-28,527353,522439,32099.43
2026-02-28,527352,522196,1798.46
2026-02-28,527351,522168,135363.6
2026-02-28,527350,521920,9099.8
2026-02-28,527363,524449,112578.41
2026-02-28,527356,522824,129832.72
2026-02-28,527364,524504,10166.79
2026-02-28,527374,525692,162209.05
2026-02-28,527366,524942,172220.58
2026-02-28,527348,521631,62494.61
2026-02-28,527381,527125,30061.7
2026-02-28,527380,527044,30409.98
2026-02-28,527379,527031,2135.06
2026-02-28,527378,526216,11558.9
2026-02-28,527377,526215,2595.81
2026-02-28,527376,525718,85280.86
2026-02-28,527375,525701,3474.64
2026-02-28,527373,525632,23388.56
2026-02-28,527372,525624,6582.4
2026-02-28,527371,525429,159128.83
2026-02-28,527370,525266,222780.43
2026-02-28,527369,525224,3145.38
2026-02-28,527368,525084,2718.99
2026-02-28,527367,525062,132613.04
2026-02-28,527365,524896,4941.85
2026-02-28,527347,521549,2332.09
2026-02-28,527341,519477,1565.22
2026-02-28,527345,520864,261134.94
2026-02-28,527326,515301,29650.81
2026-02-28,527325,515195,2239.11
2026-02-28,527324,514724,6299.93
2026-02-28,527323,514346,3139.91
2026-02-28,527322,513434,1789.92
2026-02-28,527321,513204,15154.4
2026-02-28,527327,515729,144977.57
2026-02-28,527319,511940,2563.3
2026-02-28,527317,511075,21599.72
2026-02-28,527316,510662,1759.02
2026-02-28,527315,510172,4160.52
2026-02-28,527314,509129,6623.46
2026-02-28,527313,508608,1244.56
2026-02-28,527312,507891,69966.06
2026-02-28,527318,511853,3687.42
2026-02-28,527328,516089,196208.26
2026-02-28,527320,512474,25516.57
2026-02-28,527330,516353,147358.64
2026-02-28,527329,516175,93358.62
2026-02-28,527344,520766,1801.86
2026-02-28,527343,520433,2695.6
2026-02-28,527342,519512,103876.56
2026-02-28,527346,520880,131814.73
2026-02-28,527339,518936,18736.96
2026-02-28,527338,518377,16355.17
2026-02-28,527340,519047,8481.79
2026-02-28,527336,517767,148007.59
2026-02-28,527335,517707,164511.1
2026-02-28,527334,517397,9919.37
2026-02-28,527333,517379,7015.27
2026-02-28,527332,516975,171018.78
2026-02-28,527331,516766,64372.43
2026-02-28,527337,517822,4413.34
2026-03-31,527733,525746,113492.56
2026-03-31,527727,525188,4370.14
2026-03-31,527732,525700,3048.28
2026-03-31,527731,525650,38611.39
2026-03-31,527730,525560,31881.99
2026-03-31,527729,525553,322714.78
2026-03-31,527728,525283,20680.82
2026-03-31,527726,525013,14264.77
2026-03-31,527718,523985,42651.36
2026-03-31,527724,524925,185150.7
2026-03-31,527723,524878,34834.02
2026-03-31,527722,524659,3295.02
2026-03-31,527721,524531,70691.01
2026-03-31,527720,524363,29782.7
2026-03-31,527719,524174,2281.66
2026-03-31,527734,525826,163477.03
2026-03-31,527725,524973,12603.92
2026-03-31,527735,525838,157965.15
2026-03-31,527751,527452,9549.59
2026-03-31,527737,526032,2733.35
2026-03-31,527754,527667,4089.82
2026-03-31,527753,527632,16701.0
2026-03-31,527752,527480,29127.5
2026-03-31,527716,523441,2132.16
2026-03-31,527750,527190,230743.69
2026-03-31,527749,527079,2106.28
2026-03-31,527748,527055,2894.02
2026-03-31,527747,526606,44065.86
2026-03-31,527746,526604,120644.81
2026-03-31,527745,526532,2649.41
2026-03-31,527744,526529,4383.2
2026-03-31,527743,526454,32070.36
2026-03-31,527742,526206,2240.03
2026-03-31,527741,526178,219839.06
2026-03-31,527740,526169,14666.68
2026-03-31,527739,526135,9818.0
2026-03-31,527738,526116,28984.95
2026-03-31,527736,526016,3664.24
2026-03-31,527715,523407,165205.77
2026-03-31,527717,523690,189630.38
2026-03-31,527713,522913,212817.82
2026-03-31,527691,514918,85760.04
2026-03-31,527690,514725,26135.88
2026-03-31,527689,514663,2329.33
2026-03-31,527688,514173,2525.7
2026-03-31,527687,514165,22595.21
2026-03-31,527686,513214,1309.98
2026-03-31,527685,513027,23893.59
2026-03-31,527683,510893,74900.31
2026-03-31,527682,510807,2213.8
2026-03-31,527681,510686,1833.36
2026-03-31,527680,510379,2208.62
2026-03-31,527679,510353,1535.32
2026-03-31,527678,509643,3655.33
2026-03-31,527677,507065,2005.79
2026-03-31,527676,506994,10249.21
2026-03-31,527675,500615,872.24
2026-03-31,527714,523174,10360.16
2026-03-31,527692,515154,2410.63
2026-03-31,527693,515250,9613.3
2026-03-31,527684,512746,1514.53
2026-03-31,527695,516648,33604.19
2026-03-31,527694,516643,5448.02
2026-03-31,527711,522788,207668.13
2026-03-31,527710,521865,108436.57
2026-03-31,527709,521762,75719.02
2026-03-31,527708,521741,17740.84
2026-03-31,527707,521523,180734.45
2026-03-31,527706,521509,2157.7
2026-03-31,527705,521411,7081.32
2026-03-31,527704,521375,118522.26
2026-03-31,527712,522905,9177.69
2026-03-31,527702,520856,143457.23
2026-03-31,527701,520615,129193.97
2026-03-31,527700,519050,2085.6
2026-03-31,527699,518876,3186.49
2026-03-31,527698,518830,3152.86
2026-03-31,527697,518608,2217.95
2026-03-31,527696,517050,137090.31
2026-03-31,527703,521238,181954.85
2026-04-30,528120,525868,2486.1
2026-04-30,528114,524873,24340.23
2026-04-30,528115,525349,277311.64
2026-04-30,528119,525831,1365.56
2026-04-30,528117,525657,225238.73
2026-04-30,528118,525824,2315.66
2026-04-30,528113,524852,2224.06
2026-04-30,528116,525592,31752.81
2026-04-30,528112,524775,3600.46
2026-04-30,528108,524090,279919.14
2026-04-30,528110,524575,3200.0
2026-04-30,528109,524269,1310.16
2026-04-30,528107,523410,15081.26
2026-04-30,528106,523109,3127.22
2026-04-30,528105,523002,33848.68
2026-04-30,528104,522981,3444.36
2026-04-30,528103,522971,134318.16
2026-04-30,528111,524772,14747.15
2026-04-30,528121,525894,277851.8
2026-04-30,528102,522764,196568.39
2026-04-30,528123,526314,40033.85
2026-04-30,528139,527761,3008.99
2026-04-30,528138,527759,1735.29
2026-04-30,528137,527702,226262.42
2026-04-30,528136,527691,430095.61
2026-04-30,528135,527617,299113.52
2026-04-30,528134,527579,3864.05
2026-04-30,528133,527413,341963.81
2026-04-30,528132,527393,331731.47
2026-04-30,528131,527372,8833.03
2026-04-30,528130,527332,170688.16
2026-04-30,528129,527181,35232.43
2026-04-30,528128,526971,24128.52
2026-04-30,528127,526962,3591.67
2026-04-30,528126,526869,24680.2
2026-04-30,528125,526600,6960.9
2026-04-30,528140,528002,6595.62
2026-04-30,528124,526343,82555.18
2026-04-30,528122,526273,2768.46
2026-04-30,528101,522521,147622.73
2026-04-30,528076,517456,3540.1
2026-04-30,528099,522219,1738.97
2026-04-30,528077,517608,154711.84
2026-04-30,528075,517068,123909.21
2026-04-30,528074,517029,84510.84
2026-04-30,528073,516704,82642.08
2026-04-30,528072,515962,120512.63
2026-04-30,528071,515904,96150.63
2026-04-30,528070,515859,50096.05
2026-04-30,528078,517888,2014.69
2026-04-30,528069,515851,158618.34
2026-04-30,528067,515425,22569.27
2026-04-30,528066,513652,22068.46
2026-04-30,528065,509274,135589.35
2026-04-30,528064,507449,14030.53
2026-04-30,528063,507296,1905.73
2026-04-30,528062,504158,1154.15
2026-04-30,528100,522282,2603.46
2026-04-30,528068,515548,14256.2
2026-04-30,528079,517961,10800.19
2026-04-30,528061,502733,2248.23
2026-04-30,528081,519787,64486.25
2026-04-30,528098,522187,3943.24
2026-04-30,528097,521828,25046.36
2026-04-30,528096,521816,36421.13
2026-04-30,528095,521704,173295.17
2026-04-30,528094,521541,2483.54
2026-04-30,528080,518922,102612.56
2026-04-30,528092,521349,2606.47
2026-04-30,528091,521248,1498.15
2026-04-30,528093,521505,2985.43
2026-04-30,528089,521125,9917.98
2026-04-30,528088,520786,1957.23
2026-04-30,528087,520162,5120.06
2026-04-30,528086,520154,2954.66
2026-04-30,528085,520123,133889.48
2026-04-30,528084,519998,6908.72
2026-04-30,528083,519968,1044.54
2026-04-30,528082,519954,23078.51
2026-04-30,528090,521213,19939.47
2026-05-31,528511,526243,6424.71
2026-05-31,528510,526185,3721.11
2026-05-31,528509,526103,241999.65
2026-05-31,528508,526086,383893.05
2026-05-31,528507,525934,99461.34
2026-05-31,528506,525760,19001.31
2026-05-31,528505,525641,9907.05
2026-05-31,528497,524072,15334.69
2026-05-31,528503,525284,29465.04
2026-05-31,528502,525113,14272.73
2026-05-31,528501,524966,139640.57
2026-05-31,528500,524860,169335.11
2026-05-31,528499,524725,254853.76
2026-05-31,528498,524137,3068.85
2026-05-31,528512,526376,1510.97
2026-05-31,528504,525377,271614.13
2026-05-31,528513,526462,17380.86
2026-05-31,528522,527349,3437.71
2026-05-31,528515,526706,175369.88
2026-05-31,528496,524049,342715.22
2026-05-31,528530,528337,89507.71
2026-05-31,528529,528271,2744.18
2026-05-31,528528,528256,28155.07
2026-05-31,528527,527863,383362.23
2026-05-31,528526,527811,358763.96
2026-05-31,528525,527660,27371.8
2026-05-31,528524,527575,2856.3
2026-05-31,528523,527427,1817.62
2026-05-31,528521,527132,2754.48
2026-05-31,528520,527120,1711.05
2026-05-31,528519,526915,39708.04
2026-05-31,528518,526910,247669.82
2026-05-31,528517,526765,13823.53
2026-05-31,528516,526750,233099.58
2026-05-31,528514,526545,203857.82
2026-05-31,528495,523956,13816.13
2026-05-31,528494,523833,262094.92
2026-05-31,528493,523601,29987.71
2026-05-31,528473,519745,2748.85
2026-05-31,528472,519721,1632.45
2026-05-31,528471,518583,11352.88
2026-05-31,528470,518418,2737.51
2026-05-31,528469,518335,135875.88
2026-05-31,528468,517697,39447.31
2026-05-31,528474,520217,15984.04
2026-05-31,528466,516740,71914.51
2026-05-31,528464,515366,2499.47
2026-05-31,528463,515130,2915.97
2026-05-31,528462,514943,17453.45
2026-05-31,528461,513446,29133.68
2026-05-31,528460,512028,22774.81
2026-05-31,528459,504730,2192.15
2026-05-31,528465,516164,108669.95
2026-05-31,528475,520243,2201.81
2026-05-31,528467,517500,57075.13
2026-05-31,528477,520506,28113.22
2026-05-31,528476,520390,28750.86
2026-05-31,528492,523570,18084.62
2026-05-31,528491,523509,4445.71
2026-05-31,528490,523497,3303.52
2026-05-31,528489,523378,8226.14
2026-05-31,528487,522982,15429.25
2026-05-31,528486,522750,2173.34
2026-05-31,528485,522711,6040.11
2026-05-31,528488,523134,8521.44
2026-05-31,528484,522458,4558.7
2026-05-31,528483,521899,2629.31
2026-05-31,528482,521871,4195.22
2026-05-31,528481,521535,279610.15
2026-05-31,528480,521410,30079.06
2026-05-31,528479,521348,30509.06
2026-05-31,528478,520539,2675.88
2026-06-30,528873,525503,1743.99
2026-06-30,528877,525721,5899.83
2026-06-30,528900,528727,3036.51
2026-06-30,528876,525673,4227.59
2026-06-30,528875,525516,3991.96
2026-06-30,528874,525508,29871.5
2026-06-30,528878,525897,35927.65
2026-06-30,528872,525424,30996.5
2026-06-30,528864,524548,2109.46
2026-06-30,528870,525016,1892.22
2026-06-30,528869,524934,1928.62
2026-06-30,528868,524902,22076.66
2026-06-30,528867,524753,158463.21
2026-06-30,528866,524673,157487.64
2026-06-30,528865,524552,23750.02
2026-06-30,528879,526193,377181.48
2026-06-30,528871,525248,171038.36
2026-06-30,528880,526194,3572.41
2026-06-30,528898,528579,4178.43
2026-06-30,528882,526673,6876.71
2026-06-30,528899,528613,329499.57
2026-06-30,528863,524546,6828.18
2026-06-30,528897,528508,250500.32
2026-06-30,528896,528070,321226.31
2026-06-30,528895,527981,2833.0
2026-06-30,528894,527951,395358.87
2026-06-30,528893,527838,3846.23
2026-06-30,528892,527382,38511.4
2026-06-30,528891,527378,13364.27
2026-06-30,528890,527355,2862.02
2026-06-30,528889,527338,12273.12
2026-06-30,528888,527306,80657.23
2026-06-30,528887,527192,3497.96
2026-06-30,528886,526968,2886.01
2026-06-30,528885,526916,297627.04
2026-06-30,528884,526702,180241.2
2026-06-30,528883,526696,4718.21
2026-06-30,528881,526310,12613.62
2026-06-30,528862,524407,6012.75
2026-06-30,528846,521841,48295.89
2026-06-30,528860,524124,202619.67
2026-06-30,528838,520751,12351.67
2026-06-30,528837,520643,3123.22
2026-06-30,528836,520443,86271.6
2026-06-30,528835,519743,235210.22
2026-06-30,528834,519234,6996.13
2026-06-30,528833,518303,8417.52
2026-06-30,528831,516308,59851.69
2026-06-30,528839,520870,2877.17
2026-06-30,528830,515877,74522.12
2026-06-30,528828,515140,1172.12
2026-06-30,528827,515126,4733.99
2026-06-30,528826,514353,14695.86
2026-06-30,528825,512655,87464.69
2026-06-30,528824,509693,10587.97
2026-06-30,528823,502211,43219.44
2026-06-30,528861,524340,85685.9
2026-06-30,528829,515686,72252.5
2026-06-30,528840,521009,3587.34
2026-06-30,528832,517485,70877.1
2026-06-30,528842,521189,3653.94
2026-06-30,528859,524078,67500.26
2026-06-30,528841,521129,32726.76
2026-06-30,528858,523963,4403.03
2026-06-30,528857,523689,2780.34
2026-06-30,528856,523566,25281.05
2026-06-30,528855,523334,2502.03
2026-06-30,528853,522962,30813.52
2026-06-30,528852,522699,12367.46
2026-06-30,528854,523255,223228.56
2026-06-30,528850,522454,1118.2
2026-06-30,528849,522384,175921.79
2026-06-30,528848,522156,3642.39
2026-06-30,528847,522021,69484.68
2026-06-30,528845,521732,1597.95
2026-06-30,528844,521561,2616.41
2026-06-30,528843,521394,174373.13
2026-06-30,528851,522515,3106.92
2026-07-31,529245,526889,21841.88
2026-07-31,529240,526154,22038.46
2026-07-31,529244,526598,137925.42
2026-07-31,529243,526423,79030.27
2026-07-31,529242,526418,23824.87
2026-07-31,529241,526369,2321.27
2026-07-31,529239,525889,11791.46
2026-07-31,529230,525034,341197.93
2026-07-31,529237,525604,4090.93
2026-07-31,529236,525379,2915.27
2026-07-31,529235,525323,2227.75
2026-07-31,529234,525289,2482.81
2026-07-31,529233,525189,30235.52
2026-07-31,529232,525092,2612.32
2026-07-31,529231,525057,11375.52
2026-07-31,529246,527068,15577.96
2026-07-31,529238,525713,187899.71
2026-07-31,529247,527140,2938.28
2026-07-31,529265,528544,32738.44
2026-07-31,529249,527261,45202.79
2026-07-31,529266,528705,201910.24
2026-07-31,529229,524961,10514.23
2026-07-31,529264,528303,4185.44
2026-07-31,529263,528237,88996.95
2026-07-31,529262,528204,9448.72
2026-07-31,529261,528091,3625.83
2026-07-31,529260,528007,204806.14
2026-07-31,529259,527978,8750.37
2026-07-31,529258,527834,17773.12
2026-07-31,529257,527780,17065.08
2026-07-31,529256,527762,2599.9
2026-07-31,529255,527725,35324.43
2026-07-31,529254,527379,3765.11
2026-07-31,529253,527316,3665.48
2026-07-31,529252,527312,234801.63
2026-07-31,529251,527308,136885.83
2026-07-31,529250,527262,319418.32
2026-07-31,529248,527198,184461.0
2026-07-31,529228,524822,1366.09
2026-07-31,529209,521853,66811.3
2026-07-31,529226,524582,25641.34
2026-07-31,529203,519597,1230.21
2026-07-31,529202,519305,24975.48
2026-07-31,529201,519260,3872.98
2026-07-31,529200,519254,3945.64
2026-07-31,529199,519231,59545.9
2026-07-31,529198,517980,65630.51
2026-07-31,529197,517499,18327.0
2026-07-31,529196,517254,123729.07
2026-07-31,529195,517127,12932.88
2026-07-31,529194,517059,95852.08
2026-07-31,529193,515977,81185.1
2026-07-31,529192,515938,125793.55
2026-07-31,529191,513609,1237.0
2026-07-31,529190,512318,137319.07
2026-07-31,529189,511055,2595.86
2026-07-31,529188,506797,2567.01
2026-07-31,529267,528914,4333.53
2026-07-31,529204,520299,181601.67
2026-07-31,529227,524669,271115.26
2026-07-31,529205,520518,8776.38
2026-07-31,529207,520769,1288.55
2026-07-31,529225,524280,143128.03
2026-07-31,529224,524254,2807.91
2026-07-31,529223,524196,248552.67
2026-07-31,529222,524084,30611.52
2026-07-31,529221,523953,97675.34
2026-07-31,529220,523771,3087.26
2026-07-31,529219,523691,1565.71
2026-07-31,529218,523637,20211.09
2026-07-31,529217,523602,373880.8
2026-07-31,529216,523358,2655.63
2026-07-31,529215,523339,294780.92
2026-07-31,529214,523181,2221.08
2026-07-31,529213,522874,141699.62
2026-07-31,529212,522314,1820.51
2026-07-31,529211,522206,76459.21
2026-07-31,529210,522145,6210.25
2026-07-31,529208,521807,2375.34
2026-07-31,529206,520672,84982.89
2026-07-31,529268,529171,1467.27
