HIST_DATE,DEAL_NO,REST_TYPE
2020-02-29,500066,LVL2
2020-02-29,500143,LVL3
2020-02-29,500244,LVL1
2020-03-31,500169,LVL1
2020-03-31,500238,LVL1
2020-03-31,500421,LVL3
2020-03-31,500519,LVL1
2020-04-30,500035,LVL1
2020-04-30,500036,LVL1
2020-04-30,500058,LVL3
2020-04-30,500196,LVL1
2020-04-30,500235,LVL1
2020-04-30,500259,LVL1
2020-04-30,500268,LVL1
2020-04-30,500292,LVL1
2020-04-30,500309,LVL1
2020-04-30,500353,LVL1
2020-04-30,500379,LVL1
2020-04-30,500387,LVL2
2020-04-30,500403,LVL1
2020-04-30,500424,LVL2
2020-04-30,500436,LVL2
2020-04-30,500446,LVL1
2020-04-30,500574,LVL1
2020-04-30,500758,LVL1
2020-04-30,500762,LVL1
2020-04-30,500815,LVL1
2020-04-30,500898,LVL1
2020-04-30,500903,LVL1
2020-05-31,500104,LVL1
2020-05-31,500116,LVL1
2020-05-31,500134,LVL3
2020-05-31,500229,LVL2
2020-05-31,500242,LVL1
2020-05-31,500247,LVL1
2020-05-31,500304,LVL1
2020-05-31,500316,LVL1
2020-05-31,500320,LVL1
2020-05-31,500357,LVL3
2020-05-31,500484,LVL1
2020-05-31,500675,LVL1
2020-05-31,500802,LVL1
2020-05-31,500860,LVL1
2020-05-31,500891,LVL1
2020-05-31,500935,LVL1
2020-05-31,500974,LVL3
2020-05-31,500994,LVL2
2020-05-31,501066,LVL1
2020-05-31,501151,LVL1
2020-06-30,500036,LVL1
2020-06-30,500150,LVL1
2020-06-30,500175,LVL3
2020-06-30,500183,LVL3
2020-06-30,500214,LVL3
2020-06-30,500252,LVL3
2020-06-30,500286,LVL1
2020-06-30,500296,LVL1
2020-06-30,500437,LVL1
2020-06-30,500493,LVL3
2020-06-30,500589,LVL1
2020-06-30,500631,LVL1
2020-06-30,500746,LVL1
2020-06-30,500794,LVL1
2020-06-30,500947,LVL1
2020-06-30,501007,LVL3
2020-06-30,501029,LVL1
2020-06-30,501075,LVL2
2020-06-30,501190,LVL2
2020-06-30,501203,LVL1
2020-06-30,501217,LVL1
2020-06-30,501333,LVL1
2020-06-30,501359,LVL1
2020-07-31,500215,LVL1
2020-07-31,500232,LVL1
2020-07-31,500325,LVL1
2020-07-31,500415,LVL1
2020-07-31,500418,LVL1
2020-07-31,500421,LVL1
2020-07-31,500426,LVL1
2020-07-31,500434,LVL1
2020-07-31,500477,LVL1
2020-07-31,500500,LVL1
2020-07-31,500531,LVL1
2020-07-31,500534,LVL1
2020-07-31,500654,LVL1
2020-07-31,500672,LVL1
2020-07-31,500791,LVL1
2020-07-31,500931,LVL1
2020-07-31,500986,LVL2
2020-07-31,501072,LVL1
2020-07-31,501152,LVL1
2020-07-31,501211,LVL2
2020-07-31,501343,LVL1
2020-07-31,501369,LVL1
2020-07-31,501376,LVL1
2020-07-31,501444,LVL3
2020-07-31,501449,LVL1
2020-07-31,501501,LVL1
2020-07-31,501533,LVL1
2020-07-31,501573,LVL1
2020-07-31,501638,LVL1
2020-07-31,501808,LVL1
2020-08-31,500017,LVL1
2020-08-31,500044,LVL3
2020-08-31,500054,LVL1
2020-08-31,500136,LVL1
2020-08-31,500241,LVL3
2020-08-31,500251,LVL3
2020-08-31,500376,LVL2
2020-08-31,500439,LVL1
2020-08-31,500480,LVL1
2020-08-31,500738,LVL3
2020-08-31,500746,LVL1
2020-08-31,500848,LVL1
2020-08-31,500850,LVL1
2020-08-31,500864,LVL1
2020-08-31,500877,LVL1
2020-08-31,500917,LVL1
2020-08-31,500994,LVL2
2020-08-31,501012,LVL2
2020-08-31,501066,LVL1
2020-08-31,501077,LVL1
2020-08-31,501263,LVL2
2020-08-31,501334,LVL1
2020-08-31,501427,LVL2
2020-08-31,501429,LVL1
2020-08-31,501561,LVL3
2020-08-31,501605,LVL1
2020-08-31,501631,LVL1
2020-08-31,501661,LVL1
2020-08-31,501701,LVL1
2020-08-31,501703,LVL1
2020-08-31,501798,LVL1
2020-08-31,501865,LVL3
2020-08-31,501992,LVL1
2020-08-31,501997,LVL3
2020-08-31,502004,LVL1
2020-08-31,502043,LVL3
2020-09-30,500093,LVL1
2020-09-30,500153,LVL1
2020-09-30,500162,LVL1
2020-09-30,500163,LVL1
2020-09-30,500374,LVL3
2020-09-30,500494,LVL1
2020-09-30,500498,LVL1
2020-09-30,500517,LVL1
2020-09-30,500530,LVL3
2020-09-30,500611,LVL1
2020-09-30,500714,LVL2
2020-09-30,500735,LVL3
2020-09-30,500771,LVL3
2020-09-30,500785,LVL2
2020-09-30,500789,LVL3
2020-09-30,500910,LVL1
2020-09-30,500918,LVL1
2020-09-30,500988,LVL1
2020-09-30,501046,LVL1
2020-09-30,501050,LVL1
2020-09-30,501074,LVL1
2020-09-30,501076,LVL1
2020-09-30,501136,LVL1
2020-09-30,501211,LVL3
2020-09-30,501343,LVL3
2020-09-30,501378,LVL3
2020-09-30,501407,LVL3
2020-09-30,501535,LVL3
2020-09-30,501558,LVL1
2020-09-30,501600,LVL3
2020-09-30,501612,LVL1
2020-09-30,501751,LVL1
2020-09-30,501763,LVL1
2020-09-30,501773,LVL1
2020-09-30,501808,LVL1
2020-09-30,501814,LVL1
2020-09-30,501825,LVL2
2020-09-30,501856,LVL1
2020-09-30,501997,LVL1
2020-09-30,502015,LVL1
2020-09-30,502232,LVL3
2020-09-30,502294,LVL2
2020-09-30,502361,LVL1
2020-09-30,502426,LVL3
2020-10-31,500134,LVL1
2020-10-31,500322,LVL3
2020-10-31,500328,LVL1
2020-10-31,500366,LVL1
2020-10-31,500424,LVL3
2020-10-31,500445,LVL1
2020-10-31,500639,LVL3
2020-10-31,500877,LVL2
2020-10-31,500959,LVL2
2020-10-31,501004,LVL1
2020-10-31,501010,LVL1
2020-10-31,501011,LVL1
2020-10-31,501069,LVL1
2020-10-31,501072,LVL1
2020-10-31,501075,LVL3
2020-10-31,501123,LVL3
2020-10-31,501133,LVL3
2020-10-31,501154,LVL1
2020-10-31,501171,LVL1
2020-10-31,501208,LVL3
2020-10-31,501262,LVL1
2020-10-31,501298,LVL1
2020-10-31,501424,LVL1
2020-10-31,501497,LVL1
2020-10-31,501514,LVL3
2020-10-31,501571,LVL1
2020-10-31,501648,LVL1
2020-10-31,501706,LVL3
2020-10-31,501760,LVL2
2020-10-31,501826,LVL1
2020-10-31,501917,LVL2
2020-10-31,502168,LVL3
2020-10-31,502283,LVL1
2020-10-31,502316,LVL3
2020-10-31,502352,LVL1
2020-10-31,502354,LVL3
2020-10-31,502376,LVL1
2020-10-31,502584,LVL1
2020-10-31,502677,LVL3
2020-10-31,502714,LVL3
2020-10-31,502717,LVL2
2020-10-31,502806,LVL1
2020-11-30,500004,LVL3
2020-11-30,500048,LVL1
2020-11-30,500111,LVL1
2020-11-30,500266,LVL3
2020-11-30,500318,LVL3
2020-11-30,500421,LVL3
2020-11-30,500528,LVL2
2020-11-30,500679,LVL1
2020-11-30,500727,LVL1
2020-11-30,500730,LVL3
2020-11-30,500804,LVL1
2020-11-30,500850,LVL1
2020-11-30,500977,LVL1
2020-11-30,500994,LVL1
2020-11-30,501042,LVL1
2020-11-30,501139,LVL1
2020-11-30,501509,LVL1
2020-11-30,501530,LVL1
2020-11-30,501536,LVL1
2020-11-30,501538,LVL1
2020-11-30,501585,LVL1
2020-11-30,501648,LVL1
2020-11-30,501831,LVL1
2020-11-30,501834,LVL1
2020-11-30,501843,LVL1
2020-11-30,501885,LVL1
2020-11-30,501960,LVL3
2020-11-30,502077,LVL1
2020-11-30,502303,LVL1
2020-11-30,502351,LVL1
2020-11-30,502391,LVL1
2020-11-30,502395,LVL1
2020-11-30,502398,LVL1
2020-11-30,502401,LVL1
2020-11-30,502481,LVL1
2020-11-30,502500,LVL1
2020-11-30,502503,LVL1
2020-11-30,502602,LVL3
2020-11-30,502654,LVL1
2020-11-30,502667,LVL3
2020-11-30,502683,LVL1
2020-11-30,502736,LVL1
2020-11-30,502742,LVL1
2020-11-30,502769,LVL1
2020-11-30,502815,LVL1
2020-11-30,502845,LVL1
2020-11-30,502916,LVL3
2020-11-30,502949,LVL3
2020-11-30,502951,LVL1
2020-11-30,502970,LVL1
2020-11-30,502972,LVL1
2020-12-31,500069,LVL1
2020-12-31,500156,LVL2
2020-12-31,500234,LVL1
2020-12-31,500299,LVL1
2020-12-31,500381,LVL1
2020-12-31,500483,LVL1
2020-12-31,500560,LVL2
2020-12-31,500589,LVL1
2020-12-31,500620,LVL3
2020-12-31,500630,LVL1
2020-12-31,500645,LVL1
2020-12-31,500647,LVL1
2020-12-31,500651,LVL3
2020-12-31,500790,LVL1
2020-12-31,500804,LVL1
2020-12-31,500825,LVL3
2020-12-31,500880,LVL3
2020-12-31,500884,LVL1
2020-12-31,501153,LVL1
2020-12-31,501244,LVL1
2020-12-31,501301,LVL1
2020-12-31,501380,LVL1
2020-12-31,501524,LVL1
2020-12-31,501637,LVL3
2020-12-31,501661,LVL1
2020-12-31,501685,LVL1
2020-12-31,501703,LVL1
2020-12-31,501809,LVL1
2020-12-31,501958,LVL1
2020-12-31,501995,LVL1
2020-12-31,502014,LVL1
2020-12-31,502109,LVL1
2020-12-31,502117,LVL1
2020-12-31,502201,LVL3
2020-12-31,502207,LVL1
2020-12-31,502319,LVL1
2020-12-31,502354,LVL1
2020-12-31,502515,LVL1
2020-12-31,502523,LVL1
2020-12-31,502524,LVL1
2020-12-31,502658,LVL1
2020-12-31,502661,LVL1
2020-12-31,502883,LVL1
2020-12-31,502927,LVL1
2020-12-31,502936,LVL1
2020-12-31,502972,LVL1
2020-12-31,502981,LVL1
2020-12-31,503031,LVL1
2020-12-31,503078,LVL1
2020-12-31,503085,LVL1
2020-12-31,503330,LVL2
2020-12-31,503348,LVL1
2020-12-31,503361,LVL1
2020-12-31,503373,LVL1
2021-01-31,500055,LVL1
2021-01-31,500163,LVL3
2021-01-31,500218,LVL1
2021-01-31,500246,LVL1
2021-01-31,500256,LVL3
2021-01-31,500297,LVL1
2021-01-31,500513,LVL1
2021-01-31,500536,LVL3
2021-01-31,500571,LVL1
2021-01-31,500572,LVL1
2021-01-31,500716,LVL1
2021-01-31,500724,LVL1
2021-01-31,500875,LVL1
2021-01-31,500904,LVL1
2021-01-31,500930,LVL3
2021-01-31,501174,LVL3
2021-01-31,501322,LVL1
2021-01-31,501351,LVL3
2021-01-31,501434,LVL3
2021-01-31,501477,LVL1
2021-01-31,501516,LVL1
2021-01-31,501584,LVL3
2021-01-31,501603,LVL1
2021-01-31,501631,LVL1
2021-01-31,501640,LVL1
2021-01-31,501738,LVL1
2021-01-31,501745,LVL1
2021-01-31,501749,LVL1
2021-01-31,501802,LVL1
2021-01-31,501884,LVL1
2021-01-31,501984,LVL1
2021-01-31,501988,LVL1
2021-01-31,502003,LVL1
2021-01-31,502096,LVL1
2021-01-31,502137,LVL1
2021-01-31,502244,LVL1
2021-01-31,502504,LVL1
2021-01-31,502526,LVL1
2021-01-31,502578,LVL3
2021-01-31,502647,LVL3
2021-01-31,502706,LVL1
2021-01-31,502808,LVL1
2021-01-31,502819,LVL1
2021-01-31,502902,LVL3
2021-01-31,502955,LVL1
2021-01-31,503047,LVL3
2021-01-31,503100,LVL2
2021-01-31,503428,LVL1
2021-01-31,503467,LVL3
2021-01-31,503535,LVL2
2021-01-31,503538,LVL3
2021-01-31,503609,LVL3
2021-01-31,503623,LVL1
2021-01-31,503751,LVL1
2021-02-28,500022,LVL1
2021-02-28,500035,LVL1
2021-02-28,500058,LVL3
2021-02-28,500360,LVL1
2021-02-28,500384,LVL1
2021-02-28,500541,LVL3
2021-02-28,500559,LVL3
2021-02-28,500585,LVL3
2021-02-28,500615,LVL1
2021-02-28,500624,LVL1
2021-02-28,500873,LVL1
2021-02-28,500963,LVL1
2021-02-28,501090,LVL3
2021-02-28,501204,LVL3
2021-02-28,501222,LVL1
2021-02-28,501241,LVL1
2021-02-28,501309,LVL1
2021-02-28,501381,LVL1
2021-02-28,501432,LVL1
2021-02-28,501488,LVL3
2021-02-28,501512,LVL1
2021-02-28,501639,LVL1
2021-02-28,501644,LVL1
2021-02-28,501691,LVL2
2021-02-28,501698,LVL1
2021-02-28,501747,LVL1
2021-02-28,501814,LVL1
2021-02-28,501858,LVL3
2021-02-28,501920,LVL1
2021-02-28,501924,LVL1
2021-02-28,501959,LVL1
2021-02-28,501966,LVL1
2021-02-28,502026,LVL2
2021-02-28,502108,LVL1
2021-02-28,502191,LVL3
2021-02-28,502203,LVL1
2021-02-28,502224,LVL1
2021-02-28,502419,LVL1
2021-02-28,502545,LVL1
2021-02-28,502557,LVL3
2021-02-28,502594,LVL1
2021-02-28,502615,LVL1
2021-02-28,502657,LVL3
2021-02-28,502681,LVL1
2021-02-28,502763,LVL2
2021-02-28,502797,LVL2
2021-02-28,502800,LVL3
2021-02-28,502831,LVL1
2021-02-28,503005,LVL1
2021-02-28,503062,LVL1
2021-02-28,503396,LVL1
2021-02-28,503434,LVL3
2021-02-28,503436,LVL1
2021-02-28,503507,LVL1
2021-02-28,503523,LVL1
2021-02-28,503904,LVL1
2021-02-28,503955,LVL1
2021-02-28,503956,LVL1
2021-02-28,503989,LVL1
2021-02-28,504006,LVL3
2021-03-31,500017,LVL1
2021-03-31,500118,LVL1
2021-03-31,500128,LVL1
2021-03-31,500154,LVL2
2021-03-31,500245,LVL3
2021-03-31,500289,LVL3
2021-03-31,500294,LVL3
2021-03-31,500383,LVL1
2021-03-31,500404,LVL1
2021-03-31,500550,LVL1
2021-03-31,500727,LVL3
2021-03-31,500886,LVL1
2021-03-31,500913,LVL1
2021-03-31,500968,LVL3
2021-03-31,501092,LVL1
2021-03-31,501131,LVL1
2021-03-31,501143,LVL1
2021-03-31,501224,LVL3
2021-03-31,501264,LVL2
2021-03-31,501349,LVL1
2021-03-31,501363,LVL1
2021-03-31,501421,LVL1
2021-03-31,501423,LVL1
2021-03-31,501671,LVL3
2021-03-31,501688,LVL2
2021-03-31,501786,LVL2
2021-03-31,501898,LVL3
2021-03-31,502012,LVL1
2021-03-31,502133,LVL1
2021-03-31,502295,LVL1
2021-03-31,502335,LVL1
2021-03-31,502401,LVL1
2021-03-31,502501,LVL1
2021-03-31,502525,LVL3
2021-03-31,502593,LVL1
2021-03-31,502787,LVL1
2021-03-31,502822,LVL1
2021-03-31,502887,LVL1
2021-03-31,502940,LVL2
2021-03-31,503002,LVL3
2021-03-31,503046,LVL1
2021-03-31,503070,LVL1
2021-03-31,503071,LVL1
2021-03-31,503077,LVL1
2021-03-31,503123,LVL3
2021-03-31,503156,LVL3
2021-03-31,503168,LVL3
2021-03-31,503212,LVL1
2021-03-31,503215,LVL1
2021-03-31,503273,LVL3
2021-03-31,503413,LVL1
2021-03-31,503489,LVL1
2021-03-31,503492,LVL1
2021-03-31,503536,LVL1
2021-03-31,503610,LVL3
2021-03-31,503689,LVL3
2021-03-31,503712,LVL3
2021-03-31,503806,LVL1
2021-03-31,503860,LVL1
2021-03-31,503872,LVL1
2021-03-31,503873,LVL1
2021-03-31,503924,LVL1
2021-03-31,503991,LVL1
2021-03-31,503996,LVL1
2021-03-31,504025,LVL1
2021-03-31,504120,LVL3
2021-03-31,504387,LVL1
2021-04-30,500045,LVL1
2021-04-30,500056,LVL1
2021-04-30,500107,LVL1
2021-04-30,500223,LVL1
2021-04-30,500306,LVL3
2021-04-30,500418,LVL3
2021-04-30,500503,LVL2
2021-04-30,500557,LVL3
2021-04-30,500659,LVL3
2021-04-30,500718,LVL3
2021-04-30,500724,LVL1
2021-04-30,500770,LVL1
2021-04-30,500827,LVL3
2021-04-30,500878,LVL1
2021-04-30,500939,LVL3
2021-04-30,500948,LVL1
2021-04-30,501004,LVL1
2021-04-30,501082,LVL1
2021-04-30,501126,LVL1
2021-04-30,501237,LVL3
2021-04-30,501239,LVL1
2021-04-30,501393,LVL1
2021-04-30,501447,LVL2
2021-04-30,501606,LVL1
2021-04-30,501693,LVL1
2021-04-30,501730,LVL1
2021-04-30,501809,LVL1
2021-04-30,501847,LVL1
2021-04-30,501903,LVL1
2021-04-30,502014,LVL2
2021-04-30,502090,LVL1
2021-04-30,502210,LVL1
2021-04-30,502276,LVL3
2021-04-30,502287,LVL3
2021-04-30,502346,LVL1
2021-04-30,502401,LVL1
2021-04-30,502434,LVL3
2021-04-30,502584,LVL1
2021-04-30,502687,LVL3
2021-04-30,502690,LVL1
2021-04-30,502696,LVL1
2021-04-30,502717,LVL3
2021-04-30,502720,LVL3
2021-04-30,502776,LVL1
2021-04-30,502818,LVL1
2021-04-30,502867,LVL1
2021-04-30,502914,LVL1
2021-04-30,502958,LVL3
2021-04-30,502990,LVL1
2021-04-30,503042,LVL1
2021-04-30,503126,LVL1
2021-04-30,503167,LVL1
2021-04-30,503385,LVL1
2021-04-30,503401,LVL3
2021-04-30,503452,LVL1
2021-04-30,503570,LVL1
2021-04-30,503592,LVL1
2021-04-30,503706,LVL1
2021-04-30,503762,LVL1
2021-04-30,503908,LVL2
2021-04-30,503925,LVL1
2021-04-30,503961,LVL1
2021-04-30,503973,LVL1
2021-04-30,503989,LVL1
2021-04-30,504050,LVL3
2021-04-30,504136,LVL1
2021-04-30,504147,LVL1
2021-04-30,504246,LVL1
2021-04-30,504269,LVL1
2021-04-30,504393,LVL3
2021-04-30,504548,LVL1
2021-04-30,504610,LVL1
2021-04-30,504710,LVL1
2021-05-31,500079,LVL1
2021-05-31,500102,LVL1
2021-05-31,500294,LVL1
2021-05-31,500624,LVL2
2021-05-31,500768,LVL1
2021-05-31,500793,LVL3
2021-05-31,500941,LVL1
2021-05-31,501041,LVL1
2021-05-31,501079,LVL1
2021-05-31,501089,LVL1
2021-05-31,501200,LVL1
2021-05-31,501246,LVL3
2021-05-31,501266,LVL1
2021-05-31,501284,LVL3
2021-05-31,501316,LVL3
2021-05-31,501379,LVL1
2021-05-31,501832,LVL1
2021-05-31,501867,LVL1
2021-05-31,501952,LVL1
2021-05-31,502024,LVL1
2021-05-31,502116,LVL3
2021-05-31,502241,LVL2
2021-05-31,502432,LVL3
2021-05-31,502466,LVL1
2021-05-31,502494,LVL1
2021-05-31,502527,LVL1
2021-05-31,502576,LVL1
2021-05-31,502604,LVL3
2021-05-31,502664,LVL3
2021-05-31,502682,LVL3
2021-05-31,502775,LVL1
2021-05-31,502805,LVL1
2021-05-31,502876,LVL3
2021-05-31,502906,LVL1
2021-05-31,502909,LVL1
2021-05-31,502946,LVL1
2021-05-31,503092,LVL1
2021-05-31,503173,LVL1
2021-05-31,503285,LVL1
2021-05-31,503367,LVL1
2021-05-31,503395,LVL3
2021-05-31,503492,LVL1
2021-05-31,503507,LVL3
2021-05-31,503835,LVL1
2021-05-31,503909,LVL1
2021-05-31,503932,LVL3
2021-05-31,503962,LVL3
2021-05-31,504170,LVL1
2021-05-31,504195,LVL1
2021-05-31,504277,LVL1
2021-05-31,504282,LVL2
2021-05-31,504335,LVL1
2021-05-31,504491,LVL1
2021-05-31,504504,LVL1
2021-05-31,504582,LVL1
2021-05-31,504593,LVL1
2021-05-31,504661,LVL1
2021-05-31,504691,LVL3
2021-05-31,504702,LVL1
2021-05-31,504768,LVL2
2021-05-31,504829,LVL1
2021-05-31,504909,LVL1
2021-05-31,504917,LVL1
2021-05-31,505021,LVL1
2021-05-31,505060,LVL1
2021-06-30,500003,LVL3
2021-06-30,500024,LVL1
2021-06-30,500171,LVL1
2021-06-30,500221,LVL1
2021-06-30,500277,LVL1
2021-06-30,500294,LVL3
2021-06-30,500390,LVL1
2021-06-30,500401,LVL1
2021-06-30,500411,LVL3
2021-06-30,500456,LVL1
2021-06-30,500509,LVL1
2021-06-30,500546,LVL1
2021-06-30,500764,LVL1
2021-06-30,500964,LVL3
2021-06-30,500971,LVL2
2021-06-30,500972,LVL3
2021-06-30,501114,LVL2
2021-06-30,501132,LVL1
2021-06-30,501139,LVL3
2021-06-30,501238,LVL1
2021-06-30,501244,LVL2
2021-06-30,501259,LVL1
2021-06-30,501307,LVL3
2021-06-30,501359,LVL1
2021-06-30,501419,LVL1
2021-06-30,501518,LVL1
2021-06-30,501528,LVL3
2021-06-30,501611,LVL3
2021-06-30,501777,LVL1
2021-06-30,501806,LVL1
2021-06-30,501845,LVL1
2021-06-30,502129,LVL1
2021-06-30,502170,LVL1
2021-06-30,502339,LVL3
2021-06-30,502415,LVL3
2021-06-30,502424,LVL1
2021-06-30,502496,LVL1
2021-06-30,502534,LVL1
2021-06-30,502615,LVL1
2021-06-30,502752,LVL1
2021-06-30,502815,LVL3
2021-06-30,502874,LVL1
2021-06-30,502925,LVL3
2021-06-30,502953,LVL1
2021-06-30,502977,LVL1
2021-06-30,502993,LVL1
2021-06-30,503005,LVL1
2021-06-30,503047,LVL1
2021-06-30,503066,LVL1
2021-06-30,503069,LVL1
2021-06-30,503137,LVL3
2021-06-30,503190,LVL3
2021-06-30,503262,LVL1
2021-06-30,503322,LVL1
2021-06-30,503337,LVL1
2021-06-30,503619,LVL3
2021-06-30,503681,LVL1
2021-06-30,503784,LVL1
2021-06-30,503836,LVL2
2021-06-30,503842,LVL1
2021-06-30,503861,LVL1
2021-06-30,503882,LVL1
2021-06-30,503906,LVL3
2021-06-30,503954,LVL1
2021-06-30,503984,LVL1
2021-06-30,504005,LVL1
2021-06-30,504070,LVL3
2021-06-30,504108,LVL1
2021-06-30,504248,LVL1
2021-06-30,504277,LVL1
2021-06-30,504287,LVL1
2021-06-30,504346,LVL1
2021-06-30,504416,LVL1
2021-06-30,504634,LVL1
2021-06-30,504644,LVL1
2021-06-30,504693,LVL1
2021-06-30,504728,LVL1
2021-06-30,504839,LVL1
2021-06-30,504849,LVL1
2021-06-30,504883,LVL1
2021-06-30,504951,LVL1
2021-06-30,505001,LVL1
2021-06-30,505014,LVL3
2021-06-30,505039,LVL1
2021-06-30,505066,LVL1
2021-06-30,505088,LVL1
2021-06-30,505146,LVL1
2021-06-30,505190,LVL3
2021-06-30,505266,LVL1
2021-07-31,500101,LVL1
2021-07-31,500112,LVL1
2021-07-31,500211,LVL3
2021-07-31,500230,LVL3
2021-07-31,500234,LVL1
2021-07-31,500352,LVL1
2021-07-31,500553,LVL1
2021-07-31,500605,LVL1
2021-07-31,500729,LVL1
2021-07-31,500793,LVL1
2021-07-31,500819,LVL1
2021-07-31,500921,LVL1
2021-07-31,501029,LVL3
2021-07-31,501057,LVL3
2021-07-31,501089,LVL3
2021-07-31,501105,LVL1
2021-07-31,501162,LVL1
2021-07-31,501163,LVL1
2021-07-31,501339,LVL1
2021-07-31,501347,LVL1
2021-07-31,501520,LVL1
2021-07-31,501521,LVL1
2021-07-31,501626,LVL1
2021-07-31,501769,LVL1
2021-07-31,501837,LVL1
2021-07-31,501927,LVL1
2021-07-31,501946,LVL1
2021-07-31,502051,LVL3
2021-07-31,502152,LVL1
2021-07-31,502222,LVL3
2021-07-31,502397,LVL3
2021-07-31,502602,LVL1
2021-07-31,502710,LVL1
2021-07-31,502786,LVL1
2021-07-31,502848,LVL1
2021-07-31,502980,LVL3
2021-07-31,503035,LVL1
2021-07-31,503060,LVL2
2021-07-31,503062,LVL3
2021-07-31,503149,LVL1
2021-07-31,503188,LVL1
2021-07-31,503248,LVL1
2021-07-31,503320,LVL1
2021-07-31,503358,LVL3
2021-07-31,503370,LVL2
2021-07-31,503481,LVL1
2021-07-31,503548,LVL3
2021-07-31,503592,LVL1
2021-07-31,503682,LVL3
2021-07-31,503734,LVL3
2021-07-31,503766,LVL3
2021-07-31,503809,LVL3
2021-07-31,503826,LVL1
2021-07-31,504070,LVL1
2021-07-31,504122,LVL2
2021-07-31,504275,LVL1
2021-07-31,504539,LVL1
2021-07-31,504592,LVL3
2021-07-31,504698,LVL1
2021-07-31,504718,LVL2
2021-07-31,504731,LVL1
2021-07-31,504887,LVL1
2021-07-31,504970,LVL1
2021-07-31,505055,LVL1
2021-07-31,505060,LVL1
2021-07-31,505087,LVL2
2021-07-31,505121,LVL1
2021-07-31,505206,LVL1
2021-07-31,505315,LVL1
2021-07-31,505393,LVL1
2021-07-31,505414,LVL1
2021-07-31,505454,LVL1
2021-07-31,505460,LVL3
2021-07-31,505572,LVL1
2021-07-31,505597,LVL3
2021-07-31,505608,LVL3
2021-07-31,505612,LVL1
2021-07-31,505680,LVL1
2021-08-31,500021,LVL3
2021-08-31,500087,LVL1
2021-08-31,500295,LVL1
2021-08-31,500342,LVL1
2021-08-31,500358,LVL1
2021-08-31,500468,LVL1
2021-08-31,500505,LVL3
2021-08-31,500775,LVL1
2021-08-31,500883,LVL1
2021-08-31,501024,LVL1
2021-08-31,501037,LVL3
2021-08-31,501067,LVL1
2021-08-31,501125,LVL1
2021-08-31,501216,LVL3
2021-08-31,501229,LVL1
2021-08-31,501268,LVL3
2021-08-31,501306,LVL3
2021-08-31,501526,LVL1
2021-08-31,501626,LVL1
2021-08-31,501738,LVL1
2021-08-31,501782,LVL2
2021-08-31,501812,LVL1
2021-08-31,501833,LVL1
2021-08-31,501921,LVL1
2021-08-31,501945,LVL3
2021-08-31,501954,LVL1
2021-08-31,502030,LVL3
2021-08-31,502103,LVL1
2021-08-31,502257,LVL1
2021-08-31,502348,LVL1
2021-08-31,502398,LVL3
2021-08-31,502429,LVL3
2021-08-31,502536,LVL1
2021-08-31,502636,LVL3
2021-08-31,502690,LVL1
2021-08-31,502701,LVL2
2021-08-31,502706,LVL1
2021-08-31,502742,LVL1
2021-08-31,502808,LVL1
2021-08-31,502849,LVL1
2021-08-31,502853,LVL3
2021-08-31,502858,LVL1
2021-08-31,503005,LVL3
2021-08-31,503022,LVL3
2021-08-31,503035,LVL3
2021-08-31,503146,LVL3
2021-08-31,503273,LVL1
2021-08-31,503330,LVL2
2021-08-31,503360,LVL3
2021-08-31,503397,LVL1
2021-08-31,503486,LVL3
2021-08-31,503528,LVL1
2021-08-31,503590,LVL1
2021-08-31,503663,LVL1
2021-08-31,503899,LVL1
2021-08-31,503947,LVL3
2021-08-31,503988,LVL1
2021-08-31,504001,LVL2
2021-08-31,504025,LVL1
2021-08-31,504084,LVL3
2021-08-31,504096,LVL1
2021-08-31,504103,LVL1
2021-08-31,504287,LVL1
2021-08-31,504335,LVL1
2021-08-31,504339,LVL1
2021-08-31,504354,LVL1
2021-08-31,504406,LVL1
2021-08-31,504450,LVL1
2021-08-31,504459,LVL1
2021-08-31,504521,LVL1
2021-08-31,504530,LVL1
2021-08-31,504556,LVL1
2021-08-31,504625,LVL3
2021-08-31,504717,LVL1
2021-08-31,504734,LVL1
2021-08-31,504910,LVL1
2021-08-31,504960,LVL1
2021-08-31,505067,LVL1
2021-08-31,505127,LVL1
2021-08-31,505155,LVL1
2021-08-31,505218,LVL1
2021-08-31,505253,LVL3
2021-08-31,505331,LVL3
2021-08-31,505600,LVL3
2021-08-31,505660,LVL1
2021-08-31,505681,LVL3
2021-08-31,505685,LVL1
2021-08-31,505830,LVL1
2021-08-31,505841,LVL2
2021-08-31,505897,LVL3
2021-08-31,505921,LVL1
2021-08-31,505991,LVL2
2021-08-31,505996,LVL1
2021-08-31,506000,LVL3
2021-09-30,500091,LVL1
2021-09-30,500100,LVL3
2021-09-30,500138,LVL1
2021-09-30,500197,LVL3
2021-09-30,500365,LVL1
2021-09-30,500651,LVL1
2021-09-30,500790,LVL1
2021-09-30,500797,LVL3
2021-09-30,500981,LVL1
2021-09-30,501021,LVL3
2021-09-30,501182,LVL1
2021-09-30,501303,LVL3
2021-09-30,501373,LVL1
2021-09-30,501405,LVL1
2021-09-30,501429,LVL1
2021-09-30,501479,LVL1
2021-09-30,501491,LVL1
2021-09-30,501542,LVL1
2021-09-30,501571,LVL1
2021-09-30,501713,LVL1
2021-09-30,501727,LVL1
2021-09-30,501848,LVL3
2021-09-30,501870,LVL1
2021-09-30,501945,LVL1
2021-09-30,502001,LVL2
2021-09-30,502015,LVL1
2021-09-30,502053,LVL3
2021-09-30,502180,LVL3
2021-09-30,502225,LVL1
2021-09-30,502295,LVL1
2021-09-30,502439,LVL1
2021-09-30,502521,LVL3
2021-09-30,502530,LVL1
2021-09-30,502720,LVL1
2021-09-30,502856,LVL1
2021-09-30,502943,LVL1
2021-09-30,502968,LVL1
2021-09-30,503046,LVL3
2021-09-30,503081,LVL2
2021-09-30,503100,LVL3
2021-09-30,503216,LVL3
2021-09-30,503237,LVL3
2021-09-30,503316,LVL1
2021-09-30,503470,LVL3
2021-09-30,503491,LVL3
2021-09-30,503571,LVL2
2021-09-30,503605,LVL1
2021-09-30,503694,LVL1
2021-09-30,503768,LVL1
2021-09-30,503849,LVL1
2021-09-30,503940,LVL1
2021-09-30,503991,LVL1
2021-09-30,504011,LVL3
2021-09-30,504030,LVL1
2021-09-30,504042,LVL1
2021-09-30,504101,LVL1
2021-09-30,504102,LVL1
2021-09-30,504151,LVL2
2021-09-30,504192,LVL1
2021-09-30,504521,LVL1
2021-09-30,504550,LVL1
2021-09-30,504596,LVL2
2021-09-30,504634,LVL1
2021-09-30,504671,LVL1
2021-09-30,504699,LVL1
2021-09-30,504762,LVL1
2021-09-30,504860,LVL3
2021-09-30,504923,LVL1
2021-09-30,505229,LVL1
2021-09-30,505382,LVL1
2021-09-30,505390,LVL3
2021-09-30,505400,LVL1
2021-09-30,505420,LVL1
2021-09-30,505486,LVL1
2021-09-30,505577,LVL1
2021-09-30,505649,LVL3
2021-09-30,505655,LVL1
2021-09-30,505832,LVL1
2021-09-30,505915,LVL1
2021-09-30,505921,LVL1
2021-09-30,505939,LVL1
2021-09-30,505997,LVL2
2021-09-30,506072,LVL1
2021-09-30,506228,LVL1
2021-09-30,506379,LVL1
2021-10-31,500268,LVL1
2021-10-31,500435,LVL1
2021-10-31,500520,LVL2
2021-10-31,500818,LVL2
2021-10-31,501014,LVL3
2021-10-31,501167,LVL3
2021-10-31,501244,LVL1
2021-10-31,501275,LVL1
2021-10-31,501818,LVL1
2021-10-31,501855,LVL1
2021-10-31,501940,LVL1
2021-10-31,502038,LVL1
2021-10-31,502152,LVL1
2021-10-31,502274,LVL3
2021-10-31,502289,LVL1
2021-10-31,502315,LVL3
2021-10-31,502365,LVL1
2021-10-31,502372,LVL1
2021-10-31,502467,LVL1
2021-10-31,502505,LVL1
2021-10-31,502547,LVL1
2021-10-31,502562,LVL3
2021-10-31,502601,LVL2
2021-10-31,502675,LVL3
2021-10-31,502780,LVL1
2021-10-31,502922,LVL1
2021-10-31,503081,LVL3
2021-10-31,503092,LVL2
2021-10-31,503149,LVL1
2021-10-31,503152,LVL3
2021-10-31,503202,LVL1
2021-10-31,503249,LVL1
2021-10-31,503286,LVL1
2021-10-31,503397,LVL1
2021-10-31,503488,LVL1
2021-10-31,503599,LVL1
2021-10-31,503721,LVL1
2021-10-31,503726,LVL1
2021-10-31,503771,LVL1
2021-10-31,503881,LVL1
2021-10-31,503932,LVL1
2021-10-31,504051,LVL1
2021-10-31,504079,LVL3
2021-10-31,504210,LVL1
2021-10-31,504251,LVL1
2021-10-31,504271,LVL2
2021-10-31,504355,LVL1
2021-10-31,504410,LVL1
2021-10-31,504461,LVL1
2021-10-31,504573,LVL1
2021-10-31,504659,LVL3
2021-10-31,504680,LVL1
2021-10-31,504683,LVL1
2021-10-31,504721,LVL1
2021-10-31,504774,LVL1
2021-10-31,504829,LVL1
2021-10-31,504850,LVL2
2021-10-31,504885,LVL1
2021-10-31,504918,LVL1
2021-10-31,504929,LVL1
2021-10-31,505023,LVL1
2021-10-31,505044,LVL1
2021-10-31,505086,LVL3
2021-10-31,505150,LVL1
2021-10-31,505165,LVL1
2021-10-31,505217,LVL2
2021-10-31,505247,LVL1
2021-10-31,505252,LVL1
2021-10-31,505257,LVL3
2021-10-31,505272,LVL1
2021-10-31,505288,LVL1
2021-10-31,505450,LVL3
2021-10-31,505600,LVL3
2021-10-31,505710,LVL1
2021-10-31,505832,LVL1
2021-10-31,505935,LVL1
2021-10-31,506132,LVL1
2021-10-31,506238,LVL1
2021-10-31,506285,LVL1
2021-10-31,506289,LVL1
2021-10-31,506302,LVL1
2021-10-31,506417,LVL1
2021-10-31,506548,LVL1
2021-10-31,506595,LVL3
2021-10-31,506596,LVL3
2021-10-31,506607,LVL1
2021-10-31,506684,LVL3
2021-10-31,506730,LVL1
2021-11-30,500180,LVL1
2021-11-30,500411,LVL1
2021-11-30,500512,LVL2
2021-11-30,500709,LVL1
2021-11-30,500772,LVL1
2021-11-30,500861,LVL1
2021-11-30,501010,LVL1
2021-11-30,501187,LVL1
2021-11-30,501390,LVL3
2021-11-30,501710,LVL3
2021-11-30,501854,LVL1
2021-11-30,501893,LVL3
2021-11-30,501932,LVL1
2021-11-30,501969,LVL1
2021-11-30,502173,LVL3
2021-11-30,502193,LVL3
2021-11-30,502229,LVL1
2021-11-30,502256,LVL3
2021-11-30,502295,LVL3
2021-11-30,502315,LVL1
2021-11-30,502368,LVL1
2021-11-30,502397,LVL1
2021-11-30,502646,LVL1
2021-11-30,502702,LVL3
2021-11-30,502779,LVL3
2021-11-30,502792,LVL1
2021-11-30,502855,LVL3
2021-11-30,503063,LVL3
2021-11-30,503099,LVL1
2021-11-30,503178,LVL1
2021-11-30,503277,LVL1
2021-11-30,503549,LVL1
2021-11-30,503621,LVL1
2021-11-30,503778,LVL1
2021-11-30,503931,LVL2
2021-11-30,503950,LVL1
2021-11-30,503952,LVL3
2021-11-30,504107,LVL1
2021-11-30,504163,LVL3
2021-11-30,504197,LVL3
2021-11-30,504349,LVL2
2021-11-30,504445,LVL3
2021-11-30,504520,LVL1
2021-11-30,504603,LVL1
2021-11-30,504619,LVL2
2021-11-30,504645,LVL1
2021-11-30,505189,LVL2
2021-11-30,505221,LVL1
2021-11-30,505232,LVL1
2021-11-30,505237,LVL1
2021-11-30,505313,LVL1
2021-11-30,505379,LVL3
2021-11-30,505525,LVL1
2021-11-30,505570,LVL3
2021-11-30,505584,LVL3
2021-11-30,505664,LVL3
2021-11-30,505714,LVL1
2021-11-30,505751,LVL1
2021-11-30,505778,LVL3
2021-11-30,505844,LVL3
2021-11-30,505846,LVL2
2021-11-30,505886,LVL3
2021-11-30,505979,LVL1
2021-11-30,506087,LVL1
2021-11-30,506184,LVL1
2021-11-30,506237,LVL1
2021-11-30,506247,LVL1
2021-11-30,506272,LVL1
2021-11-30,506274,LVL1
2021-11-30,506515,LVL3
2021-11-30,506623,LVL1
2021-11-30,506768,LVL1
2021-11-30,506900,LVL1
2021-12-31,500063,LVL1
2021-12-31,500068,LVL1
2021-12-31,500091,LVL1
2021-12-31,500123,LVL1
2021-12-31,500470,LVL1
2021-12-31,500612,LVL3
2021-12-31,500699,LVL1
2021-12-31,500706,LVL3
2021-12-31,500980,LVL3
2021-12-31,500998,LVL3
2021-12-31,501005,LVL3
2021-12-31,501121,LVL3
2021-12-31,501180,LVL1
2021-12-31,501353,LVL3
2021-12-31,501386,LVL2
2021-12-31,501425,LVL3
2021-12-31,501787,LVL1
2021-12-31,501796,LVL3
2021-12-31,501812,LVL3
2021-12-31,501813,LVL1
2021-12-31,501829,LVL3
2021-12-31,501900,LVL1
2021-12-31,501945,LVL1
2021-12-31,501950,LVL1
2021-12-31,502151,LVL2
2021-12-31,502165,LVL3
2021-12-31,502208,LVL3
2021-12-31,502213,LVL3
2021-12-31,502315,LVL1
2021-12-31,502446,LVL1
2021-12-31,502529,LVL1
2021-12-31,502573,LVL1
2021-12-31,502606,LVL1
2021-12-31,502699,LVL1
2021-12-31,502741,LVL1
2021-12-31,502773,LVL1
2021-12-31,502954,LVL1
2021-12-31,503074,LVL1
2021-12-31,503117,LVL1
2021-12-31,503182,LVL1
2021-12-31,503217,LVL1
2021-12-31,503227,LVL1
2021-12-31,503264,LVL1
2021-12-31,503394,LVL3
2021-12-31,503469,LVL1
2021-12-31,503515,LVL3
2021-12-31,503560,LVL1
2021-12-31,503571,LVL3
2021-12-31,503802,LVL1
2021-12-31,504061,LVL1
2021-12-31,504076,LVL1
2021-12-31,504080,LVL3
2021-12-31,504278,LVL1
2021-12-31,504499,LVL3
2021-12-31,504581,LVL3
2021-12-31,504623,LVL1
2021-12-31,504652,LVL3
2021-12-31,504836,LVL2
2021-12-31,504864,LVL1
2021-12-31,505184,LVL1
2021-12-31,505185,LVL3
2021-12-31,505243,LVL1
2021-12-31,505284,LVL1
2021-12-31,505517,LVL1
2021-12-31,505533,LVL1
2021-12-31,505595,LVL3
2021-12-31,505650,LVL1
2021-12-31,505726,LVL1
2021-12-31,505762,LVL1
2021-12-31,505820,LVL1
2021-12-31,505822,LVL1
2021-12-31,505890,LVL1
2021-12-31,505912,LVL1
2021-12-31,505943,LVL3
2021-12-31,505967,LVL1
2021-12-31,506034,LVL1
2021-12-31,506132,LVL1
2021-12-31,506140,LVL3
2021-12-31,506242,LVL1
2021-12-31,506348,LVL1
2021-12-31,506389,LVL1
2021-12-31,506460,LVL2
2021-12-31,506462,LVL3
2021-12-31,506514,LVL3
2021-12-31,506727,LVL3
2021-12-31,506802,LVL1
2021-12-31,506836,LVL1
2021-12-31,507031,LVL3
2021-12-31,507049,LVL1
2021-12-31,507107,LVL2
2021-12-31,507143,LVL1
2022-01-31,500036,LVL1
2022-01-31,500297,LVL1
2022-01-31,500383,LVL1
2022-01-31,500640,LVL1
2022-01-31,500872,LVL1
2022-01-31,501265,LVL1
2022-01-31,501581,LVL1
2022-01-31,501608,LVL1
2022-01-31,501713,LVL3
2022-01-31,501726,LVL3
2022-01-31,501905,LVL3
2022-01-31,501912,LVL1
2022-01-31,501963,LVL1
2022-01-31,502096,LVL3
2022-01-31,502144,LVL2
2022-01-31,502151,LVL3
2022-01-31,502480,LVL3
2022-01-31,502552,LVL2
2022-01-31,502691,LVL1
2022-01-31,502847,LVL1
2022-01-31,502891,LVL1
2022-01-31,502953,LVL1
2022-01-31,503341,LVL1
2022-01-31,503721,LVL3
2022-01-31,503730,LVL3
2022-01-31,503755,LVL1
2022-01-31,503818,LVL1
2022-01-31,503891,LVL3
2022-01-31,503985,LVL1
2022-01-31,504189,LVL1
2022-01-31,504205,LVL1
2022-01-31,504242,LVL1
2022-01-31,504302,LVL1
2022-01-31,504436,LVL1
2022-01-31,504475,LVL1
2022-01-31,504488,LVL1
2022-01-31,504516,LVL1
2022-01-31,504601,LVL1
2022-01-31,504617,LVL1
2022-01-31,504618,LVL1
2022-01-31,504635,LVL1
2022-01-31,504662,LVL1
2022-01-31,504725,LVL3
2022-01-31,504779,LVL1
2022-01-31,504790,LVL3
2022-01-31,504988,LVL1
2022-01-31,504999,LVL1
2022-01-31,505087,LVL3
2022-01-31,505244,LVL1
2022-01-31,505249,LVL1
2022-01-31,505287,LVL1
2022-01-31,505319,LVL1
2022-01-31,505320,LVL1
2022-01-31,505379,LVL1
2022-01-31,505403,LVL3
2022-01-31,505467,LVL1
2022-01-31,505522,LVL1
2022-01-31,505605,LVL1
2022-01-31,505622,LVL1
2022-01-31,505626,LVL1
2022-01-31,505790,LVL2
2022-01-31,505973,LVL3
2022-01-31,506127,LVL3
2022-01-31,506158,LVL1
2022-01-31,506190,LVL1
2022-01-31,506191,LVL1
2022-01-31,506222,LVL1
2022-01-31,506238,LVL2
2022-01-31,506244,LVL1
2022-01-31,506278,LVL1
2022-01-31,506343,LVL3
2022-01-31,506408,LVL3
2022-01-31,506446,LVL1
2022-01-31,506465,LVL1
2022-01-31,506469,LVL3
2022-01-31,506517,LVL1
2022-01-31,506518,LVL3
2022-01-31,506689,LVL1
2022-01-31,506827,LVL1
2022-01-31,506872,LVL1
2022-01-31,507045,LVL1
2022-01-31,507048,LVL3
2022-01-31,507140,LVL3
2022-01-31,507193,LVL1
2022-01-31,507257,LVL2
2022-01-31,507263,LVL1
2022-01-31,507315,LVL3
2022-01-31,507490,LVL1
2022-01-31,507555,LVL1
2022-01-31,507575,LVL1
2022-01-31,507593,LVL1
2022-01-31,507594,LVL1
2022-01-31,507672,LVL1
2022-01-31,507687,LVL1
2022-01-31,507696,LVL1
2022-01-31,507722,LVL2
2022-01-31,507730,LVL1
2022-02-28,500314,LVL1
2022-02-28,500401,LVL3
2022-02-28,500695,LVL3
2022-02-28,500891,LVL3
2022-02-28,501158,LVL1
2022-02-28,501235,LVL3
2022-02-28,501239,LVL1
2022-02-28,501427,LVL3
2022-02-28,502073,LVL1
2022-02-28,502081,LVL1
2022-02-28,502140,LVL1
2022-02-28,502217,LVL3
2022-02-28,502529,LVL1
2022-02-28,502540,LVL1
2022-02-28,502591,LVL3
2022-02-28,502824,LVL1
2022-02-28,502839,LVL1
2022-02-28,502890,LVL1
2022-02-28,502952,LVL1
2022-02-28,503020,LVL3
2022-02-28,503251,LVL3
2022-02-28,503336,LVL1
2022-02-28,503346,LVL1
2022-02-28,503377,LVL1
2022-02-28,503412,LVL3
2022-02-28,503461,LVL1
2022-02-28,503520,LVL3
2022-02-28,503569,LVL1
2022-02-28,503805,LVL3
2022-02-28,504116,LVL3
2022-02-28,504213,LVL3
2022-02-28,504282,LVL3
2022-02-28,504422,LVL3
2022-02-28,504443,LVL3
2022-02-28,504544,LVL1
2022-02-28,504897,LVL1
2022-02-28,505013,LVL2
2022-02-28,505113,LVL1
2022-02-28,505115,LVL1
2022-02-28,505169,LVL1
2022-02-28,505471,LVL1
2022-02-28,505481,LVL3
2022-02-28,505629,LVL1
2022-02-28,505856,LVL3
2022-02-28,505903,LVL1
2022-02-28,505920,LVL1
2022-02-28,505935,LVL3
2022-02-28,505961,LVL1
2022-02-28,506006,LVL3
2022-02-28,506009,LVL1
2022-02-28,506024,LVL1
2022-02-28,506288,LVL1
2022-02-28,506380,LVL2
2022-02-28,506460,LVL3
2022-02-28,506519,LVL2
2022-02-28,506580,LVL3
2022-02-28,506616,LVL3
2022-02-28,506725,LVL3
2022-02-28,506761,LVL1
2022-02-28,506924,LVL1
2022-02-28,507133,LVL1
2022-02-28,507135,LVL1
2022-02-28,507150,LVL1
2022-02-28,507238,LVL1
2022-02-28,507375,LVL1
2022-02-28,507444,LVL1
2022-02-28,507454,LVL1
2022-02-28,507463,LVL1
2022-02-28,507464,LVL2
2022-02-28,507505,LVL1
2022-02-28,507608,LVL1
2022-02-28,507610,LVL1
2022-02-28,507611,LVL3
2022-02-28,507740,LVL3
2022-02-28,507761,LVL3
2022-02-28,507866,LVL1
2022-02-28,507903,LVL3
2022-02-28,507912,LVL1
2022-02-28,507967,LVL1
2022-02-28,507991,LVL1
2022-02-28,507993,LVL1
2022-03-31,500101,LVL1
2022-03-31,500408,LVL3
2022-03-31,500439,LVL3
2022-03-31,500531,LVL1
2022-03-31,500604,LVL2
2022-03-31,500841,LVL3
2022-03-31,500994,LVL1
2022-03-31,501016,LVL3
2022-03-31,501147,LVL1
2022-03-31,501404,LVL3
2022-03-31,501463,LVL1
2022-03-31,501539,LVL1
2022-03-31,501642,LVL1
2022-03-31,501790,LVL1
2022-03-31,501837,LVL1
2022-03-31,501974,LVL1
2022-03-31,502045,LVL1
2022-03-31,502288,LVL1
2022-03-31,502327,LVL3
2022-03-31,502423,LVL3
2022-03-31,502481,LVL3
2022-03-31,502630,LVL1
2022-03-31,502691,LVL3
2022-03-31,502733,LVL1
2022-03-31,502804,LVL1
2022-03-31,502874,LVL3
2022-03-31,502893,LVL1
2022-03-31,503093,LVL3
2022-03-31,503466,LVL2
2022-03-31,503591,LVL1
2022-03-31,503638,LVL3
2022-03-31,503676,LVL2
2022-03-31,503863,LVL1
2022-03-31,503886,LVL1
2022-03-31,503951,LVL1
2022-03-31,504180,LVL1
2022-03-31,504181,LVL3
2022-03-31,504183,LVL3
2022-03-31,504240,LVL3
2022-03-31,504574,LVL1
2022-03-31,504610,LVL3
2022-03-31,504728,LVL1
2022-03-31,504997,LVL1
2022-03-31,505014,LVL3
2022-03-31,505106,LVL1
2022-03-31,505125,LVL3
2022-03-31,505136,LVL1
2022-03-31,505225,LVL1
2022-03-31,505273,LVL2
2022-03-31,505275,LVL1
2022-03-31,505490,LVL1
2022-03-31,505593,LVL3
2022-03-31,505726,LVL1
2022-03-31,505736,LVL3
2022-03-31,505865,LVL1
2022-03-31,505939,LVL3
2022-03-31,505954,LVL1
2022-03-31,506001,LVL3
2022-03-31,506009,LVL1
2022-03-31,506054,LVL2
2022-03-31,506121,LVL1
2022-03-31,506240,LVL3
2022-03-31,506292,LVL1
2022-03-31,506368,LVL1
2022-03-31,506375,LVL1
2022-03-31,506376,LVL1
2022-03-31,506380,LVL3
2022-03-31,506478,LVL1
2022-03-31,506546,LVL1
2022-03-31,506594,LVL3
2022-03-31,506621,LVL1
2022-03-31,506733,LVL3
2022-03-31,506812,LVL2
2022-03-31,506832,LVL1
2022-03-31,506841,LVL1
2022-03-31,506909,LVL1
2022-03-31,506990,LVL3
2022-03-31,507000,LVL3
2022-03-31,507003,LVL3
2022-03-31,507009,LVL1
2022-03-31,507013,LVL1
2022-03-31,507062,LVL3
2022-03-31,507252,LVL1
2022-03-31,507343,LVL3
2022-03-31,507351,LVL3
2022-03-31,507398,LVL1
2022-03-31,507416,LVL1
2022-03-31,507448,LVL1
2022-03-31,507450,LVL1
2022-03-31,507477,LVL3
2022-03-31,507512,LVL1
2022-03-31,507559,LVL1
2022-03-31,507640,LVL2
2022-03-31,507831,LVL3
2022-03-31,507935,LVL1
2022-03-31,508002,LVL1
2022-03-31,508026,LVL1
2022-03-31,508101,LVL1
2022-03-31,508165,LVL2
2022-03-31,508188,LVL1
2022-03-31,508196,LVL1
2022-03-31,508294,LVL1
2022-03-31,508335,LVL3
2022-04-30,500017,LVL3
2022-04-30,500180,LVL1
2022-04-30,500197,LVL1
2022-04-30,500200,LVL1
2022-04-30,500384,LVL1
2022-04-30,500499,LVL1
2022-04-30,500784,LVL1
2022-04-30,500971,LVL3
2022-04-30,500984,LVL1
2022-04-30,501318,LVL3
2022-04-30,501322,LVL1
2022-04-30,501443,LVL1
2022-04-30,501539,LVL1
2022-04-30,501588,LVL3
2022-04-30,501695,LVL1
2022-04-30,502465,LVL1
2022-04-30,502540,LVL1
2022-04-30,502808,LVL1
2022-04-30,502866,LVL1
2022-04-30,502881,LVL1
2022-04-30,502885,LVL1
2022-04-30,502944,LVL1
2022-04-30,502949,LVL3
2022-04-30,503249,LVL1
2022-04-30,503382,LVL1
2022-04-30,503548,LVL1
2022-04-30,503605,LVL1
2022-04-30,503755,LVL1
2022-04-30,503760,LVL1
2022-04-30,503762,LVL1
2022-04-30,504248,LVL2
2022-04-30,504267,LVL1
2022-04-30,504276,LVL1
2022-04-30,504312,LVL1
2022-04-30,504322,LVL1
2022-04-30,504364,LVL3
2022-04-30,504468,LVL3
2022-04-30,504607,LVL1
2022-04-30,504681,LVL3
2022-04-30,504699,LVL1
2022-04-30,504776,LVL1
2022-04-30,504973,LVL3
2022-04-30,504981,LVL2
2022-04-30,505472,LVL1
2022-04-30,505505,LVL1
2022-04-30,505550,LVL2
2022-04-30,505571,LVL3
2022-04-30,505573,LVL1
2022-04-30,505623,LVL1
2022-04-30,505704,LVL1
2022-04-30,505710,LVL3
2022-04-30,505717,LVL3
2022-04-30,505795,LVL1
2022-04-30,505796,LVL1
2022-04-30,505863,LVL1
2022-04-30,506015,LVL2
2022-04-30,506062,LVL1
2022-04-30,506304,LVL1
2022-04-30,506329,LVL1
2022-04-30,506367,LVL1
2022-04-30,506373,LVL1
2022-04-30,506404,LVL1
2022-04-30,506410,LVL3
2022-04-30,506446,LVL1
2022-04-30,506559,LVL1
2022-04-30,506793,LVL1
2022-04-30,506811,LVL1
2022-04-30,506839,LVL1
2022-04-30,506916,LVL3
2022-04-30,507024,LVL2
2022-04-30,507033,LVL1
2022-04-30,507046,LVL1
2022-04-30,507074,LVL1
2022-04-30,507199,LVL1
2022-04-30,507208,LVL3
2022-04-30,507213,LVL1
2022-04-30,507457,LVL1
2022-04-30,507566,LVL1
2022-04-30,507670,LVL2
2022-04-30,507677,LVL1
2022-04-30,507704,LVL1
2022-04-30,507706,LVL1
2022-04-30,507838,LVL1
2022-04-30,507992,LVL1
2022-04-30,507993,LVL1
2022-04-30,508059,LVL3
2022-04-30,508094,LVL2
2022-04-30,508117,LVL1
2022-04-30,508144,LVL1
2022-04-30,508174,LVL1
2022-04-30,508461,LVL3
2022-04-30,508498,LVL1
2022-04-30,508648,LVL2
2022-04-30,508686,LVL1
2022-04-30,508735,LVL1
2022-05-31,500067,LVL1
2022-05-31,500289,LVL1
2022-05-31,500306,LVL1
2022-05-31,500340,LVL1
2022-05-31,500444,LVL1
2022-05-31,500494,LVL3
2022-05-31,500617,LVL3
2022-05-31,500872,LVL1
2022-05-31,500935,LVL1
2022-05-31,501078,LVL1
2022-05-31,501365,LVL3
2022-05-31,501366,LVL1
2022-05-31,501581,LVL2
2022-05-31,501621,LVL3
2022-05-31,501756,LVL3
2022-05-31,501817,LVL3
2022-05-31,501863,LVL1
2022-05-31,502056,LVL3
2022-05-31,502140,LVL3
2022-05-31,502210,LVL1
2022-05-31,502290,LVL1
2022-05-31,502318,LVL1
2022-05-31,502379,LVL1
2022-05-31,502405,LVL1
2022-05-31,502722,LVL1
2022-05-31,502880,LVL1
2022-05-31,502891,LVL1
2022-05-31,502898,LVL1
2022-05-31,502914,LVL1
2022-05-31,503011,LVL3
2022-05-31,503071,LVL1
2022-05-31,503212,LVL3
2022-05-31,503222,LVL1
2022-05-31,503223,LVL1
2022-05-31,503323,LVL1
2022-05-31,503398,LVL1
2022-05-31,503538,LVL1
2022-05-31,503688,LVL3
2022-05-31,503825,LVL1
2022-05-31,503827,LVL3
2022-05-31,503846,LVL1
2022-05-31,503853,LVL1
2022-05-31,503983,LVL1
2022-05-31,504134,LVL1
2022-05-31,504323,LVL1
2022-05-31,504328,LVL3
2022-05-31,504348,LVL1
2022-05-31,504468,LVL1
2022-05-31,504506,LVL3
2022-05-31,504548,LVL1
2022-05-31,504574,LVL3
2022-05-31,504605,LVL1
2022-05-31,504607,LVL2
2022-05-31,504647,LVL3
2022-05-31,504716,LVL1
2022-05-31,504761,LVL3
2022-05-31,504901,LVL1
2022-05-31,505183,LVL3
2022-05-31,505236,LVL1
2022-05-31,505246,LVL1
2022-05-31,505317,LVL3
2022-05-31,505485,LVL3
2022-05-31,505511,LVL3
2022-05-31,505551,LVL3
2022-05-31,505749,LVL1
2022-05-31,505880,LVL1
2022-05-31,505886,LVL1
2022-05-31,506004,LVL1
2022-05-31,506162,LVL1
2022-05-31,506312,LVL1
2022-05-31,506315,LVL2
2022-05-31,506479,LVL1
2022-05-31,506523,LVL1
2022-05-31,506567,LVL1
2022-05-31,506678,LVL3
2022-05-31,506688,LVL1
2022-05-31,506757,LVL2
2022-05-31,506774,LVL1
2022-05-31,506781,LVL2
2022-05-31,506807,LVL1
2022-05-31,506829,LVL1
2022-05-31,507010,LVL2
2022-05-31,507040,LVL1
2022-05-31,507046,LVL1
2022-05-31,507053,LVL1
2022-05-31,507175,LVL1
2022-05-31,507342,LVL1
2022-05-31,507355,LVL1
2022-05-31,507448,LVL1
2022-05-31,507455,LVL1
2022-05-31,507458,LVL1
2022-05-31,507513,LVL1
2022-05-31,507619,LVL3
2022-05-31,507672,LVL1
2022-05-31,507719,LVL1
2022-05-31,507826,LVL1
2022-05-31,507897,LVL2
2022-05-31,507912,LVL2
2022-05-31,507936,LVL1
2022-05-31,508044,LVL1
2022-05-31,508263,LVL1
2022-05-31,508264,LVL1
2022-05-31,508321,LVL1
2022-05-31,508355,LVL1
2022-05-31,508377,LVL3
2022-05-31,508484,LVL1
2022-05-31,508512,LVL1
2022-05-31,508527,LVL2
2022-05-31,508625,LVL3
2022-05-31,508632,LVL1
2022-05-31,508711,LVL1
2022-05-31,508712,LVL1
2022-05-31,508782,LVL3
2022-05-31,508813,LVL1
2022-05-31,508827,LVL1
2022-05-31,508903,LVL3
2022-05-31,508909,LVL3
2022-05-31,509058,LVL3
2022-05-31,509078,LVL1
2022-05-31,509110,LVL1
2022-06-30,500203,LVL3
2022-06-30,500391,LVL3
2022-06-30,500486,LVL1
2022-06-30,500502,LVL3
2022-06-30,500840,LVL3
2022-06-30,501234,LVL1
2022-06-30,501787,LVL3
2022-06-30,501845,LVL1
2022-06-30,501868,LVL3
2022-06-30,501988,LVL3
2022-06-30,502136,LVL3
2022-06-30,502212,LVL1
2022-06-30,502217,LVL3
2022-06-30,502254,LVL1
2022-06-30,502422,LVL1
2022-06-30,502599,LVL1
2022-06-30,502650,LVL3
2022-06-30,502750,LVL1
2022-06-30,502897,LVL1
2022-06-30,502922,LVL3
2022-06-30,503120,LVL1
2022-06-30,503190,LVL1
2022-06-30,503193,LVL1
2022-06-30,503306,LVL1
2022-06-30,503310,LVL3
2022-06-30,503835,LVL3
2022-06-30,503885,LVL3
2022-06-30,503908,LVL3
2022-06-30,503968,LVL1
2022-06-30,504074,LVL3
2022-06-30,504327,LVL1
2022-06-30,504506,LVL3
2022-06-30,504545,LVL1
2022-06-30,504722,LVL3
2022-06-30,504733,LVL1
2022-06-30,504786,LVL1
2022-06-30,504917,LVL1
2022-06-30,505008,LVL1
2022-06-30,505089,LVL1
2022-06-30,505091,LVL1
2022-06-30,505247,LVL1
2022-06-30,505270,LVL1
2022-06-30,505316,LVL3
2022-06-30,505550,LVL3
2022-06-30,505629,LVL1
2022-06-30,505703,LVL1
2022-06-30,505747,LVL1
2022-06-30,505807,LVL1
2022-06-30,505977,LVL1
2022-06-30,506044,LVL1
2022-06-30,506170,LVL3
2022-06-30,506231,LVL1
2022-06-30,506239,LVL1
2022-06-30,506271,LVL3
2022-06-30,506286,LVL1
2022-06-30,506287,LVL3
2022-06-30,506311,LVL3
2022-06-30,506325,LVL1
2022-06-30,506359,LVL1
2022-06-30,506458,LVL1
2022-06-30,506468,LVL1
2022-06-30,506580,LVL1
2022-06-30,506585,LVL1
2022-06-30,506616,LVL1
2022-06-30,506636,LVL1
2022-06-30,506697,LVL3
2022-06-30,506708,LVL3
2022-06-30,506722,LVL2
2022-06-30,506811,LVL1
2022-06-30,506814,LVL1
2022-06-30,506847,LVL1
2022-06-30,506876,LVL1
2022-06-30,507212,LVL3
2022-06-30,507487,LVL1
2022-06-30,507511,LVL1
2022-06-30,507539,LVL1
2022-06-30,507553,LVL1
2022-06-30,507606,LVL1
2022-06-30,507658,LVL1
2022-06-30,507682,LVL1
2022-06-30,507798,LVL3
2022-06-30,507801,LVL1
2022-06-30,507962,LVL1
2022-06-30,508042,LVL1
2022-06-30,508107,LVL3
2022-06-30,508234,LVL1
2022-06-30,508252,LVL1
2022-06-30,508313,LVL1
2022-06-30,508422,LVL1
2022-06-30,508454,LVL1
2022-06-30,508559,LVL1
2022-06-30,508722,LVL1
2022-06-30,508757,LVL1
2022-06-30,509043,LVL1
2022-06-30,509044,LVL1
2022-07-31,500006,LVL3
2022-07-31,500021,LVL3
2022-07-31,500242,LVL1
2022-07-31,500281,LVL3
2022-07-31,500285,LVL3
2022-07-31,500333,LVL1
2022-07-31,500435,LVL1
2022-07-31,500456,LVL3
2022-07-31,500528,LVL3
2022-07-31,500542,LVL1
2022-07-31,500651,LVL3
2022-07-31,500663,LVL3
2022-07-31,500756,LVL1
2022-07-31,500985,LVL1
2022-07-31,501071,LVL1
2022-07-31,501184,LVL3
2022-07-31,501244,LVL3
2022-07-31,501358,LVL3
2022-07-31,501661,LVL1
2022-07-31,501783,LVL3
2022-07-31,501924,LVL1
2022-07-31,501951,LVL1
2022-07-31,501955,LVL3
2022-07-31,502053,LVL3
2022-07-31,502092,LVL1
2022-07-31,502292,LVL3
2022-07-31,502344,LVL1
2022-07-31,502362,LVL3
2022-07-31,502463,LVL1
2022-07-31,502563,LVL1
2022-07-31,502824,LVL1
2022-07-31,503085,LVL1
2022-07-31,503408,LVL1
2022-07-31,503553,LVL1
2022-07-31,503715,LVL3
2022-07-31,503883,LVL1
2022-07-31,503932,LVL3
2022-07-31,504223,LVL3
2022-07-31,504443,LVL1
2022-07-31,504448,LVL1
2022-07-31,504525,LVL1
2022-07-31,504594,LVL1
2022-07-31,504618,LVL3
2022-07-31,504833,LVL1
2022-07-31,504938,LVL1
2022-07-31,504961,LVL1
2022-07-31,505016,LVL1
2022-07-31,505153,LVL1
2022-07-31,505232,LVL2
2022-07-31,505280,LVL1
2022-07-31,505307,LVL1
2022-07-31,505472,LVL1
2022-07-31,505535,LVL2
2022-07-31,505604,LVL1
2022-07-31,505623,LVL1
2022-07-31,505632,LVL3
2022-07-31,505659,LVL1
2022-07-31,505706,LVL1
2022-07-31,505735,LVL1
2022-07-31,505828,LVL3
2022-07-31,505831,LVL1
2022-07-31,505833,LVL1
2022-07-31,506071,LVL3
2022-07-31,506129,LVL2
2022-07-31,506144,LVL1
2022-07-31,506155,LVL3
2022-07-31,506156,LVL3
2022-07-31,506300,LVL2
2022-07-31,506346,LVL3
2022-07-31,506464,LVL1
2022-07-31,506495,LVL1
2022-07-31,506583,LVL3
2022-07-31,506690,LVL1
2022-07-31,506763,LVL3
2022-07-31,506864,LVL1
2022-07-31,506921,LVL1
2022-07-31,507033,LVL1
2022-07-31,507062,LVL1
2022-07-31,507106,LVL1
2022-07-31,507222,LVL1
2022-07-31,507463,LVL1
2022-07-31,507549,LVL1
2022-07-31,507610,LVL1
2022-07-31,507619,LVL1
2022-07-31,507765,LVL3
2022-07-31,507912,LVL1
2022-07-31,508147,LVL1
2022-07-31,508183,LVL1
2022-07-31,508188,LVL1
2022-07-31,508223,LVL1
2022-07-31,508243,LVL1
2022-07-31,508266,LVL1
2022-07-31,508362,LVL1
2022-07-31,508410,LVL2
2022-07-31,508465,LVL1
2022-07-31,508508,LVL3
2022-07-31,508531,LVL1
2022-07-31,508667,LVL1
2022-07-31,508757,LVL1
2022-07-31,508798,LVL3
2022-07-31,508818,LVL3
2022-07-31,508897,LVL1
2022-07-31,508943,LVL1
2022-07-31,509016,LVL1
2022-07-31,509073,LVL2
2022-07-31,509089,LVL1
2022-07-31,509196,LVL1
2022-07-31,509317,LVL1
2022-07-31,509413,LVL1
2022-07-31,509435,LVL1
2022-07-31,509570,LVL2
2022-07-31,509599,LVL3
2022-07-31,509660,LVL3
2022-07-31,509688,LVL1
2022-07-31,509733,LVL3
2022-07-31,509827,LVL3
2022-08-31,500033,LVL3
2022-08-31,500209,LVL1
2022-08-31,500221,LVL1
2022-08-31,500258,LVL1
2022-08-31,500418,LVL3
2022-08-31,500526,LVL1
2022-08-31,500739,LVL3
2022-08-31,500880,LVL2
2022-08-31,500906,LVL3
2022-08-31,500964,LVL1
2022-08-31,501012,LVL1
2022-08-31,501046,LVL1
2022-08-31,501546,LVL1
2022-08-31,501671,LVL1
2022-08-31,501818,LVL1
2022-08-31,501936,LVL3
2022-08-31,502300,LVL3
2022-08-31,502383,LVL1
2022-08-31,502523,LVL1
2022-08-31,502551,LVL3
2022-08-31,502556,LVL3
2022-08-31,503066,LVL3
2022-08-31,503217,LVL1
2022-08-31,503230,LVL1
2022-08-31,503350,LVL1
2022-08-31,503479,LVL3
2022-08-31,503573,LVL3
2022-08-31,503599,LVL1
2022-08-31,503613,LVL1
2022-08-31,503689,LVL3
2022-08-31,503925,LVL2
2022-08-31,504114,LVL1
2022-08-31,504316,LVL3
2022-08-31,504393,LVL3
2022-08-31,504805,LVL3
2022-08-31,504960,LVL1
2022-08-31,505013,LVL3
2022-08-31,505147,LVL3
2022-08-31,505279,LVL3
2022-08-31,505338,LVL1
2022-08-31,505345,LVL1
2022-08-31,505398,LVL2
2022-08-31,505403,LVL1
2022-08-31,505444,LVL1
2022-08-31,505507,LVL3
2022-08-31,505513,LVL2
2022-08-31,505697,LVL3
2022-08-31,505722,LVL3
2022-08-31,505740,LVL1
2022-08-31,505749,LVL1
2022-08-31,505796,LVL1
2022-08-31,505822,LVL1
2022-08-31,505846,LVL3
2022-08-31,505959,LVL3
2022-08-31,506114,LVL3
2022-08-31,506172,LVL1
2022-08-31,506398,LVL1
2022-08-31,506432,LVL1
2022-08-31,506445,LVL1
2022-08-31,506486,LVL1
2022-08-31,506545,LVL1
2022-08-31,506552,LVL1
2022-08-31,506672,LVL3
2022-08-31,506683,LVL1
2022-08-31,506786,LVL3
2022-08-31,506821,LVL1
2022-08-31,506855,LVL1
2022-08-31,506991,LVL2
2022-08-31,507398,LVL1
2022-08-31,507547,LVL3
2022-08-31,507636,LVL2
2022-08-31,507674,LVL3
2022-08-31,507694,LVL1
2022-08-31,507696,LVL1
2022-08-31,507701,LVL3
2022-08-31,507735,LVL1
2022-08-31,507819,LVL3
2022-08-31,507942,LVL1
2022-08-31,507997,LVL1
2022-08-31,508034,LVL1
2022-08-31,508041,LVL1
2022-08-31,508330,LVL1
2022-08-31,508501,LVL3
2022-08-31,508527,LVL3
2022-08-31,508709,LVL1
2022-08-31,508723,LVL1
2022-08-31,508744,LVL3
2022-08-31,508795,LVL3
2022-08-31,508987,LVL1
2022-08-31,509009,LVL3
2022-08-31,509127,LVL2
2022-08-31,509154,LVL3
2022-08-31,509159,LVL1
2022-08-31,509228,LVL1
2022-08-31,509252,LVL1
2022-08-31,509323,LVL1
2022-08-31,509354,LVL1
2022-08-31,509371,LVL3
2022-08-31,509600,LVL1
2022-08-31,509629,LVL1
2022-08-31,509689,LVL2
2022-08-31,509707,LVL1
2022-08-31,509730,LVL1
2022-08-31,509735,LVL1
2022-08-31,509835,LVL3
2022-08-31,509842,LVL1
2022-08-31,509949,LVL1
2022-08-31,510060,LVL3
2022-08-31,510098,LVL3
2022-08-31,510107,LVL1
2022-08-31,510117,LVL1
2022-08-31,510157,LVL1
2022-09-30,500639,LVL1
2022-09-30,501037,LVL1
2022-09-30,501162,LVL1
2022-09-30,501376,LVL1
2022-09-30,501532,LVL3
2022-09-30,501558,LVL3
2022-09-30,501643,LVL3
2022-09-30,501836,LVL1
2022-09-30,501989,LVL1
2022-09-30,502045,LVL3
2022-09-30,502304,LVL1
2022-09-30,502405,LVL3
2022-09-30,502446,LVL3
2022-09-30,502449,LVL3
2022-09-30,502586,LVL1
2022-09-30,502592,LVL3
2022-09-30,502712,LVL1
2022-09-30,502728,LVL3
2022-09-30,502769,LVL1
2022-09-30,503140,LVL1
2022-09-30,503243,LVL3
2022-09-30,503277,LVL1
2022-09-30,503676,LVL3
2022-09-30,503722,LVL3
2022-09-30,503728,LVL1
2022-09-30,503833,LVL1
2022-09-30,503917,LVL2
2022-09-30,503992,LVL1
2022-09-30,504256,LVL2
2022-09-30,504292,LVL3
2022-09-30,504327,LVL1
2022-09-30,504359,LVL1
2022-09-30,504541,LVL1
2022-09-30,504689,LVL3
2022-09-30,504713,LVL1
2022-09-30,504763,LVL3
2022-09-30,504887,LVL3
2022-09-30,505072,LVL3
2022-09-30,505107,LVL3
2022-09-30,505135,LVL3
2022-09-30,505152,LVL1
2022-09-30,505249,LVL1
2022-09-30,505260,LVL3
2022-09-30,505496,LVL1
2022-09-30,505564,LVL3
2022-09-30,505570,LVL1
2022-09-30,505665,LVL1
2022-09-30,505766,LVL1
2022-09-30,505799,LVL1
2022-09-30,506006,LVL1
2022-09-30,506032,LVL1
2022-09-30,506052,LVL1
2022-09-30,506079,LVL1
2022-09-30,506115,LVL1
2022-09-30,506125,LVL1
2022-09-30,506132,LVL1
2022-09-30,506177,LVL1
2022-09-30,506248,LVL1
2022-09-30,506362,LVL1
2022-09-30,506478,LVL3
2022-09-30,506504,LVL1
2022-09-30,506626,LVL3
2022-09-30,506629,LVL1
2022-09-30,506768,LVL1
2022-09-30,506770,LVL2
2022-09-30,506859,LVL1
2022-09-30,506866,LVL1
2022-09-30,506902,LVL1
2022-09-30,506921,LVL1
2022-09-30,506924,LVL3
2022-09-30,506981,LVL2
2022-09-30,507034,LVL3
2022-09-30,507052,LVL3
2022-09-30,507115,LVL1
2022-09-30,507244,LVL2
2022-09-30,507277,LVL1
2022-09-30,507301,LVL1
2022-09-30,507552,LVL1
2022-09-30,507614,LVL1
2022-09-30,507656,LVL1
2022-09-30,507699,LVL1
2022-09-30,507705,LVL2
2022-09-30,507745,LVL1
2022-09-30,507802,LVL1
2022-09-30,507864,LVL3
2022-09-30,507970,LVL1
2022-09-30,507973,LVL3
2022-09-30,508083,LVL1
2022-09-30,508198,LVL1
2022-09-30,508212,LVL1
2022-09-30,508229,LVL3
2022-09-30,508346,LVL1
2022-09-30,508347,LVL1
2022-09-30,508404,LVL3
2022-09-30,508448,LVL1
2022-09-30,508486,LVL2
2022-09-30,508549,LVL1
2022-09-30,508748,LVL2
2022-09-30,508752,LVL1
2022-09-30,508778,LVL1
2022-09-30,508807,LVL1
2022-09-30,508875,LVL3
2022-09-30,509040,LVL1
2022-09-30,509127,LVL3
2022-09-30,509261,LVL1
2022-09-30,509284,LVL1
2022-09-30,509288,LVL1
2022-09-30,509306,LVL1
2022-09-30,509402,LVL1
2022-09-30,509444,LVL1
2022-09-30,509525,LVL1
2022-09-30,509606,LVL1
2022-09-30,509723,LVL1
2022-09-30,509733,LVL1
2022-09-30,509741,LVL1
2022-09-30,509759,LVL3
2022-09-30,509767,LVL1
2022-09-30,509815,LVL1
2022-09-30,509842,LVL3
2022-09-30,509879,LVL1
2022-09-30,509939,LVL1
2022-09-30,509954,LVL1
2022-09-30,509986,LVL1
2022-09-30,510041,LVL1
2022-09-30,510108,LVL3
2022-09-30,510126,LVL1
2022-09-30,510178,LVL1
2022-09-30,510243,LVL1
2022-09-30,510295,LVL1
2022-09-30,510404,LVL1
2022-09-30,510405,LVL1
2022-09-30,510446,LVL1
2022-10-31,500381,LVL1
2022-10-31,500421,LVL1
2022-10-31,500544,LVL1
2022-10-31,500560,LVL3
2022-10-31,500768,LVL1
2022-10-31,500813,LVL3
2022-10-31,500876,LVL1
2022-10-31,500887,LVL1
2022-10-31,501439,LVL1
2022-10-31,501584,LVL1
2022-10-31,501844,LVL1
2022-10-31,502295,LVL1
2022-10-31,502509,LVL3
2022-10-31,502845,LVL1
2022-10-31,502898,LVL1
2022-10-31,502946,LVL1
2022-10-31,503218,LVL1
2022-10-31,503286,LVL1
2022-10-31,503479,LVL3
2022-10-31,503609,LVL1
2022-10-31,503718,LVL2
2022-10-31,503762,LVL1
2022-10-31,503849,LVL3
2022-10-31,504603,LVL3
2022-10-31,504604,LVL3
2022-10-31,504613,LVL3
2022-10-31,504620,LVL1
2022-10-31,504764,LVL1
2022-10-31,504989,LVL1
2022-10-31,505071,LVL1
2022-10-31,505153,LVL2
2022-10-31,505177,LVL1
2022-10-31,505319,LVL1
2022-10-31,505339,LVL3
2022-10-31,505376,LVL1
2022-10-31,505953,LVL2
2022-10-31,505983,LVL1
2022-10-31,505985,LVL1
2022-10-31,506180,LVL1
2022-10-31,506196,LVL1
2022-10-31,506291,LVL3
2022-10-31,506312,LVL3
2022-10-31,506348,LVL1
2022-10-31,506425,LVL3
2022-10-31,506472,LVL1
2022-10-31,506483,LVL3
2022-10-31,506544,LVL1
2022-10-31,506613,LVL1
2022-10-31,506817,LVL3
2022-10-31,506849,LVL1
2022-10-31,506954,LVL1
2022-10-31,506984,LVL3
2022-10-31,507099,LVL1
2022-10-31,507126,LVL1
2022-10-31,507250,LVL1
2022-10-31,507288,LVL3
2022-10-31,507481,LVL3
2022-10-31,507485,LVL3
2022-10-31,507809,LVL3
2022-10-31,507888,LVL1
2022-10-31,507900,LVL1
2022-10-31,507907,LVL1
2022-10-31,507919,LVL1
2022-10-31,507928,LVL1
2022-10-31,507964,LVL3
2022-10-31,508029,LVL1
2022-10-31,508143,LVL3
2022-10-31,508189,LVL1
2022-10-31,508255,LVL1
2022-10-31,508339,LVL3
2022-10-31,508479,LVL3
2022-10-31,508884,LVL1
2022-10-31,508996,LVL1
2022-10-31,509022,LVL3
2022-10-31,509085,LVL2
2022-10-31,509190,LVL1
2022-10-31,509204,LVL3
2022-10-31,509302,LVL1
2022-10-31,509485,LVL1
2022-10-31,509606,LVL1
2022-10-31,509619,LVL3
2022-10-31,509639,LVL1
2022-10-31,509675,LVL1
2022-10-31,509735,LVL2
2022-10-31,509769,LVL1
2022-10-31,509858,LVL1
2022-10-31,509872,LVL1
2022-10-31,509899,LVL3
2022-10-31,509982,LVL1
2022-10-31,510290,LVL1
2022-10-31,510299,LVL1
2022-10-31,510305,LVL3
2022-10-31,510446,LVL1
2022-10-31,510609,LVL1
2022-10-31,510686,LVL3
2022-10-31,510707,LVL1
2022-10-31,510857,LVL1
2022-11-30,500246,LVL1
2022-11-30,500383,LVL1
2022-11-30,500564,LVL1
2022-11-30,500660,LVL1
2022-11-30,500669,LVL1
2022-11-30,500786,LVL3
2022-11-30,500819,LVL1
2022-11-30,500840,LVL1
2022-11-30,501123,LVL1
2022-11-30,501192,LVL3
2022-11-30,501205,LVL1
2022-11-30,501254,LVL1
2022-11-30,501379,LVL1
2022-11-30,501443,LVL1
2022-11-30,501583,LVL3
2022-11-30,501641,LVL2
2022-11-30,501847,LVL1
2022-11-30,501912,LVL1
2022-11-30,502139,LVL1
2022-11-30,502242,LVL1
2022-11-30,502267,LVL1
2022-11-30,502631,LVL1
2022-11-30,502826,LVL3
2022-11-30,502927,LVL3
2022-11-30,502944,LVL3
2022-11-30,503321,LVL1
2022-11-30,503401,LVL1
2022-11-30,503595,LVL3
2022-11-30,503644,LVL1
2022-11-30,503980,LVL3
2022-11-30,504097,LVL3
2022-11-30,504144,LVL1
2022-11-30,504292,LVL3
2022-11-30,504408,LVL1
2022-11-30,504666,LVL1
2022-11-30,504690,LVL1
2022-11-30,504795,LVL1
2022-11-30,504952,LVL1
2022-11-30,505199,LVL1
2022-11-30,505202,LVL3
2022-11-30,505301,LVL2
2022-11-30,505351,LVL3
2022-11-30,505535,LVL3
2022-11-30,505630,LVL3
2022-11-30,505690,LVL1
2022-11-30,505751,LVL1
2022-11-30,505803,LVL3
2022-11-30,505834,LVL1
2022-11-30,506129,LVL3
2022-11-30,506189,LVL1
2022-11-30,506235,LVL1
2022-11-30,506517,LVL1
2022-11-30,506530,LVL1
2022-11-30,506631,LVL3
2022-11-30,506933,LVL1
2022-11-30,507096,LVL1
2022-11-30,507201,LVL2
2022-11-30,507218,LVL1
2022-11-30,507509,LVL1
2022-11-30,507659,LVL1
2022-11-30,507754,LVL3
2022-11-30,507822,LVL3
2022-11-30,507853,LVL1
2022-11-30,507928,LVL1
2022-11-30,508035,LVL3
2022-11-30,508100,LVL3
2022-11-30,508156,LVL1
2022-11-30,508209,LVL1
2022-11-30,508223,LVL1
2022-11-30,508343,LVL3
2022-11-30,508360,LVL1
2022-11-30,508383,LVL2
2022-11-30,508454,LVL1
2022-11-30,508614,LVL3
2022-11-30,508677,LVL1
2022-11-30,508812,LVL1
2022-11-30,508874,LVL1
2022-11-30,508902,LVL3
2022-11-30,509005,LVL1
2022-11-30,509135,LVL1
2022-11-30,509152,LVL1
2022-11-30,509196,LVL1
2022-11-30,509249,LVL1
2022-11-30,509395,LVL1
2022-11-30,509439,LVL1
2022-11-30,509499,LVL3
2022-11-30,509604,LVL1
2022-11-30,509664,LVL1
2022-11-30,509692,LVL3
2022-11-30,509695,LVL3
2022-11-30,509811,LVL1
2022-11-30,509848,LVL1
2022-11-30,509917,LVL1
2022-11-30,509989,LVL1
2022-11-30,510335,LVL3
2022-11-30,510395,LVL3
2022-11-30,510534,LVL1
2022-11-30,510605,LVL1
2022-11-30,510609,LVL1
2022-11-30,510616,LVL1
2022-11-30,510757,LVL1
2022-11-30,510892,LVL1
2022-11-30,510921,LVL1
2022-11-30,511188,LVL1
2022-12-31,500897,LVL2
2022-12-31,501625,LVL1
2022-12-31,501805,LVL3
2022-12-31,502002,LVL3
2022-12-31,502048,LVL3
2022-12-31,502267,LVL1
2022-12-31,502355,LVL1
2022-12-31,502360,LVL1
2022-12-31,502490,LVL1
2022-12-31,502570,LVL3
2022-12-31,502604,LVL3
2022-12-31,502898,LVL1
2022-12-31,502977,LVL1
2022-12-31,503026,LVL3
2022-12-31,503299,LVL1
2022-12-31,503551,LVL1
2022-12-31,503948,LVL1
2022-12-31,504401,LVL1
2022-12-31,504448,LVL1
2022-12-31,504571,LVL1
2022-12-31,504592,LVL2
2022-12-31,504684,LVL3
2022-12-31,504850,LVL3
2022-12-31,505121,LVL3
2022-12-31,505243,LVL1
2022-12-31,505557,LVL1
2022-12-31,505605,LVL3
2022-12-31,506028,LVL1
2022-12-31,506446,LVL1
2022-12-31,506482,LVL1
2022-12-31,506518,LVL1
2022-12-31,506529,LVL1
2022-12-31,506530,LVL1
2022-12-31,506764,LVL3
2022-12-31,506792,LVL3
2022-12-31,506818,LVL3
2022-12-31,506921,LVL1
2022-12-31,507472,LVL1
2022-12-31,507515,LVL3
2022-12-31,507531,LVL1
2022-12-31,507611,LVL1
2022-12-31,507670,LVL3
2022-12-31,507687,LVL3
2022-12-31,507700,LVL1
2022-12-31,507701,LVL1
2022-12-31,507705,LVL2
2022-12-31,507755,LVL3
2022-12-31,507810,LVL1
2022-12-31,507817,LVL3
2022-12-31,507841,LVL1
2022-12-31,507944,LVL1
2022-12-31,507995,LVL1
2022-12-31,508022,LVL1
2022-12-31,508087,LVL1
2022-12-31,508092,LVL1
2022-12-31,508111,LVL1
2022-12-31,508241,LVL1
2022-12-31,508248,LVL3
2022-12-31,508318,LVL3
2022-12-31,508322,LVL3
2022-12-31,508489,LVL1
2022-12-31,508532,LVL1
2022-12-31,508570,LVL3
2022-12-31,508591,LVL1
2022-12-31,508598,LVL3
2022-12-31,508620,LVL3
2022-12-31,508991,LVL1
2022-12-31,509067,LVL2
2022-12-31,509110,LVL1
2022-12-31,509115,LVL1
2022-12-31,509225,LVL1
2022-12-31,509469,LVL3
2022-12-31,509493,LVL3
2022-12-31,509514,LVL1
2022-12-31,509692,LVL1
2022-12-31,509752,LVL2
2022-12-31,509791,LVL1
2022-12-31,509944,LVL1
2022-12-31,509961,LVL1
2022-12-31,509980,LVL1
2022-12-31,510051,LVL1
2022-12-31,510137,LVL3
2022-12-31,510242,LVL1
2022-12-31,510300,LVL1
2022-12-31,510364,LVL1
2022-12-31,510450,LVL1
2022-12-31,510522,LVL1
2022-12-31,510580,LVL1
2022-12-31,510647,LVL1
2022-12-31,510696,LVL3
2022-12-31,510714,LVL1
2022-12-31,510738,LVL1
2022-12-31,510810,LVL1
2022-12-31,511063,LVL3
2022-12-31,511081,LVL1
2022-12-31,511128,LVL1
2022-12-31,511228,LVL1
2022-12-31,511359,LVL1
2022-12-31,511556,LVL1
2022-12-31,511569,LVL1
2023-01-31,500366,LVL2
2023-01-31,500564,LVL1
2023-01-31,500649,LVL1
2023-01-31,500824,LVL1
2023-01-31,501075,LVL2
2023-01-31,501125,LVL1
2023-01-31,501360,LVL3
2023-01-31,501754,LVL3
2023-01-31,501822,LVL1
2023-01-31,502096,LVL1
2023-01-31,502285,LVL1
2023-01-31,502394,LVL3
2023-01-31,502465,LVL1
2023-01-31,503092,LVL3
2023-01-31,503120,LVL1
2023-01-31,503202,LVL1
2023-01-31,503397,LVL1
2023-01-31,503601,LVL1
2023-01-31,503705,LVL3
2023-01-31,503783,LVL1
2023-01-31,503906,LVL3
2023-01-31,503975,LVL1
2023-01-31,504141,LVL3
2023-01-31,504176,LVL1
2023-01-31,504179,LVL3
2023-01-31,504543,LVL3
2023-01-31,504672,LVL1
2023-01-31,504815,LVL3
2023-01-31,504858,LVL3
2023-01-31,504902,LVL3
2023-01-31,505113,LVL3
2023-01-31,505313,LVL3
2023-01-31,505564,LVL3
2023-01-31,505636,LVL1
2023-01-31,505724,LVL1
2023-01-31,505795,LVL1
2023-01-31,505955,LVL3
2023-01-31,506021,LVL1
2023-01-31,506059,LVL1
2023-01-31,506073,LVL1
2023-01-31,506109,LVL1
2023-01-31,506180,LVL1
2023-01-31,506215,LVL3
2023-01-31,506287,LVL1
2023-01-31,506325,LVL3
2023-01-31,506698,LVL1
2023-01-31,506706,LVL3
2023-01-31,506792,LVL1
2023-01-31,506854,LVL3
2023-01-31,506986,LVL1
2023-01-31,507015,LVL3
2023-01-31,507072,LVL3
2023-01-31,507450,LVL3
2023-01-31,507580,LVL1
2023-01-31,507592,LVL3
2023-01-31,507759,LVL1
2023-01-31,507794,LVL3
2023-01-31,507796,LVL3
2023-01-31,507804,LVL1
2023-01-31,507957,LVL1
2023-01-31,507958,LVL3
2023-01-31,508001,LVL1
2023-01-31,508008,LVL3
2023-01-31,508109,LVL1
2023-01-31,508188,LVL3
2023-01-31,508278,LVL3
2023-01-31,508409,LVL1
2023-01-31,508458,LVL3
2023-01-31,508522,LVL3
2023-01-31,508540,LVL1
2023-01-31,508657,LVL1
2023-01-31,508676,LVL3
2023-01-31,508764,LVL1
2023-01-31,508899,LVL1
2023-01-31,508977,LVL1
2023-01-31,509225,LVL1
2023-01-31,509329,LVL3
2023-01-31,509366,LVL1
2023-01-31,509402,LVL1
2023-01-31,509512,LVL1
2023-01-31,509586,LVL1
2023-01-31,509800,LVL1
2023-01-31,509898,LVL1
2023-01-31,509946,LVL3
2023-01-31,509975,LVL1
2023-01-31,510047,LVL3
2023-01-31,510227,LVL1
2023-01-31,510380,LVL1
2023-01-31,510423,LVL1
2023-01-31,510436,LVL1
2023-01-31,510615,LVL3
2023-01-31,510643,LVL1
2023-01-31,510792,LVL1
2023-01-31,511049,LVL1
2023-01-31,511089,LVL1
2023-01-31,511197,LVL1
2023-01-31,511249,LVL1
2023-01-31,511310,LVL2
2023-01-31,511323,LVL1
2023-01-31,511538,LVL1
2023-01-31,511564,LVL1
2023-01-31,511571,LVL1
2023-01-31,511578,LVL3
2023-01-31,511580,LVL3
2023-01-31,511645,LVL1
2023-01-31,511703,LVL1
2023-01-31,511764,LVL1
2023-01-31,511769,LVL1
2023-01-31,511811,LVL1
2023-02-28,500184,LVL3
2023-02-28,500215,LVL1
2023-02-28,500258,LVL1
2023-02-28,500384,LVL1
2023-02-28,501539,LVL1
2023-02-28,502109,LVL1
2023-02-28,502212,LVL1
2023-02-28,502286,LVL1
2023-02-28,502362,LVL3
2023-02-28,502655,LVL1
2023-02-28,502746,LVL1
2023-02-28,502893,LVL1
2023-02-28,502911,LVL1
2023-02-28,503214,LVL3
2023-02-28,503218,LVL1
2023-02-28,503507,LVL1
2023-02-28,503628,LVL1
2023-02-28,503697,LVL1
2023-02-28,503699,LVL3
2023-02-28,503826,LVL3
2023-02-28,504138,LVL1
2023-02-28,504196,LVL1
2023-02-28,504267,LVL1
2023-02-28,504269,LVL1
2023-02-28,504333,LVL1
2023-02-28,504354,LVL1
2023-02-28,504620,LVL1
2023-02-28,504659,LVL2
2023-02-28,504678,LVL3
2023-02-28,504920,LVL3
2023-02-28,505049,LVL1
2023-02-28,505089,LVL1
2023-02-28,505114,LVL1
2023-02-28,505156,LVL3
2023-02-28,505310,LVL1
2023-02-28,505605,LVL3
2023-02-28,505655,LVL1
2023-02-28,505680,LVL1
2023-02-28,505841,LVL3
2023-02-28,505882,LVL1
2023-02-28,505991,LVL3
2023-02-28,506152,LVL1
2023-02-28,506302,LVL1
2023-02-28,506314,LVL1
2023-02-28,506454,LVL1
2023-02-28,506489,LVL1
2023-02-28,506491,LVL1
2023-02-28,506496,LVL3
2023-02-28,506578,LVL1
2023-02-28,506617,LVL3
2023-02-28,506648,LVL3
2023-02-28,506742,LVL1
2023-02-28,506747,LVL1
2023-02-28,506786,LVL1
2023-02-28,506876,LVL3
2023-02-28,506960,LVL1
2023-02-28,507140,LVL1
2023-02-28,507417,LVL3
2023-02-28,507457,LVL1
2023-02-28,507467,LVL3
2023-02-28,507490,LVL3
2023-02-28,507492,LVL1
2023-02-28,507510,LVL3
2023-02-28,507654,LVL3
2023-02-28,507769,LVL1
2023-02-28,507919,LVL3
2023-02-28,507955,LVL3
2023-02-28,507970,LVL1
2023-02-28,508089,LVL1
2023-02-28,508143,LVL1
2023-02-28,508225,LVL3
2023-02-28,508280,LVL1
2023-02-28,508336,LVL3
2023-02-28,508353,LVL3
2023-02-28,508406,LVL3
2023-02-28,508433,LVL1
2023-02-28,508541,LVL1
2023-02-28,508542,LVL1
2023-02-28,508549,LVL2
2023-02-28,508628,LVL3
2023-02-28,508666,LVL1
2023-02-28,508685,LVL3
2023-02-28,508709,LVL2
2023-02-28,508896,LVL1
2023-02-28,508934,LVL3
2023-02-28,509064,LVL1
2023-02-28,509110,LVL1
2023-02-28,509119,LVL2
2023-02-28,509149,LVL1
2023-02-28,509176,LVL3
2023-02-28,509242,LVL1
2023-02-28,509265,LVL3
2023-02-28,509290,LVL3
2023-02-28,509401,LVL3
2023-02-28,509413,LVL1
2023-02-28,509698,LVL3
2023-02-28,509705,LVL2
2023-02-28,509716,LVL1
2023-02-28,509828,LVL2
2023-02-28,509876,LVL1
2023-02-28,509895,LVL3
2023-02-28,509899,LVL1
2023-02-28,509908,LVL1
2023-02-28,509980,LVL1
2023-02-28,510016,LVL1
2023-02-28,510029,LVL3
2023-02-28,510106,LVL1
2023-02-28,510109,LVL1
2023-02-28,510224,LVL1
2023-02-28,510341,LVL1
2023-02-28,510414,LVL3
2023-02-28,510482,LVL1
2023-02-28,510512,LVL1
2023-02-28,510561,LVL3
2023-02-28,510624,LVL1
2023-02-28,510651,LVL1
2023-02-28,510659,LVL1
2023-02-28,510723,LVL3
2023-02-28,510728,LVL2
2023-02-28,510760,LVL1
2023-02-28,510796,LVL1
2023-02-28,510833,LVL3
2023-02-28,510852,LVL1
2023-02-28,510943,LVL1
2023-02-28,510947,LVL1
2023-02-28,511117,LVL3
2023-02-28,511184,LVL1
2023-02-28,511331,LVL1
2023-02-28,511386,LVL1
2023-02-28,511518,LVL3
2023-02-28,511694,LVL1
2023-02-28,511752,LVL1
2023-02-28,511759,LVL3
2023-02-28,511985,LVL1
2023-02-28,512055,LVL1
2023-02-28,512093,LVL1
2023-02-28,512100,LVL1
2023-02-28,512131,LVL1
2023-02-28,512179,LVL3
2023-03-31,500219,LVL1
2023-03-31,500246,LVL3
2023-03-31,500419,LVL1
2023-03-31,500426,LVL3
2023-03-31,500500,LVL3
2023-03-31,500613,LVL1
2023-03-31,500854,LVL1
2023-03-31,500897,LVL3
2023-03-31,500944,LVL1
2023-03-31,501014,LVL1
2023-03-31,501408,LVL1
2023-03-31,501645,LVL3
2023-03-31,501734,LVL1
2023-03-31,501780,LVL1
2023-03-31,501871,LVL1
2023-03-31,502153,LVL1
2023-03-31,502176,LVL1
2023-03-31,502208,LVL3
2023-03-31,502444,LVL1
2023-03-31,502504,LVL3
2023-03-31,502539,LVL3
2023-03-31,502677,LVL3
2023-03-31,502769,LVL1
2023-03-31,502906,LVL1
2023-03-31,502926,LVL1
2023-03-31,503028,LVL1
2023-03-31,503082,LVL3
2023-03-31,503220,LVL1
2023-03-31,503275,LVL3
2023-03-31,503366,LVL1
2023-03-31,503503,LVL3
2023-03-31,503533,LVL1
2023-03-31,503555,LVL1
2023-03-31,503601,LVL3
2023-03-31,503883,LVL3
2023-03-31,504018,LVL1
2023-03-31,504173,LVL1
2023-03-31,504520,LVL1
2023-03-31,504576,LVL1
2023-03-31,504582,LVL1
2023-03-31,504594,LVL1
2023-03-31,504661,LVL1
2023-03-31,504670,LVL3
2023-03-31,504692,LVL1
2023-03-31,504714,LVL1
2023-03-31,504726,LVL3
2023-03-31,504756,LVL3
2023-03-31,504887,LVL1
2023-03-31,504919,LVL3
2023-03-31,505000,LVL1
2023-03-31,505264,LVL3
2023-03-31,505295,LVL1
2023-03-31,505660,LVL2
2023-03-31,505775,LVL3
2023-03-31,505873,LVL3
2023-03-31,505874,LVL1
2023-03-31,505902,LVL1
2023-03-31,505953,LVL3
2023-03-31,506026,LVL1
2023-03-31,506165,LVL1
2023-03-31,506279,LVL1
2023-03-31,506326,LVL3
2023-03-31,506457,LVL3
2023-03-31,506647,LVL3
2023-03-31,506761,LVL3
2023-03-31,506880,LVL1
2023-03-31,506929,LVL3
2023-03-31,506930,LVL2
2023-03-31,506975,LVL3
2023-03-31,507050,LVL1
2023-03-31,507114,LVL1
2023-03-31,507175,LVL1
2023-03-31,507238,LVL1
2023-03-31,507272,LVL1
2023-03-31,507410,LVL1
2023-03-31,507580,LVL3
2023-03-31,507836,LVL1
2023-03-31,507886,LVL2
2023-03-31,507891,LVL1
2023-03-31,508010,LVL1
2023-03-31,508018,LVL1
2023-03-31,508189,LVL1
2023-03-31,508350,LVL3
2023-03-31,508431,LVL1
2023-03-31,508531,LVL1
2023-03-31,508585,LVL1
2023-03-31,508635,LVL1
2023-03-31,508848,LVL1
2023-03-31,508881,LVL1
2023-03-31,508895,LVL1
2023-03-31,508981,LVL1
2023-03-31,508985,LVL1
2023-03-31,509108,LVL3
2023-03-31,509261,LVL1
2023-03-31,509518,LVL1
2023-03-31,509655,LVL3
2023-03-31,509675,LVL3
2023-03-31,509705,LVL3
2023-03-31,509750,LVL3
2023-03-31,509794,LVL1
2023-03-31,509911,LVL1
2023-03-31,509948,LVL1
2023-03-31,510037,LVL3
2023-03-31,510052,LVL3
2023-03-31,510053,LVL1
2023-03-31,510064,LVL1
2023-03-31,510089,LVL1
2023-03-31,510115,LVL3
2023-03-31,510132,LVL2
2023-03-31,510152,LVL1
2023-03-31,510246,LVL1
2023-03-31,510253,LVL1
2023-03-31,510284,LVL1
2023-03-31,510286,LVL1
2023-03-31,510479,LVL1
2023-03-31,510490,LVL1
2023-03-31,510604,LVL3
2023-03-31,510750,LVL1
2023-03-31,510779,LVL2
2023-03-31,510929,LVL2
2023-03-31,510946,LVL1
2023-03-31,511018,LVL1
2023-03-31,511041,LVL1
2023-03-31,511215,LVL1
2023-03-31,511444,LVL1
2023-03-31,511662,LVL1
2023-03-31,511666,LVL1
2023-03-31,511674,LVL1
2023-03-31,511720,LVL1
2023-03-31,511761,LVL1
2023-03-31,511762,LVL1
2023-03-31,511807,LVL1
2023-03-31,511837,LVL3
2023-03-31,511856,LVL1
2023-03-31,511889,LVL1
2023-03-31,512293,LVL2
2023-03-31,512356,LVL3
2023-03-31,512415,LVL1
2023-03-31,512588,LVL1
2023-04-30,500431,LVL1
2023-04-30,501019,LVL1
2023-04-30,501075,LVL3
2023-04-30,501200,LVL1
2023-04-30,501256,LVL1
2023-04-30,501506,LVL1
2023-04-30,501699,LVL3
2023-04-30,501736,LVL1
2023-04-30,501771,LVL1
2023-04-30,501904,LVL2
2023-04-30,502096,LVL1
2023-04-30,502391,LVL1
2023-04-30,502822,LVL1
2023-04-30,502838,LVL3
2023-04-30,503001,LVL1
2023-04-30,503122,LVL3
2023-04-30,503299,LVL1
2023-04-30,503500,LVL3
2023-04-30,503772,LVL3
2023-04-30,504044,LVL3
2023-04-30,504176,LVL1
2023-04-30,504344,LVL3
2023-04-30,504521,LVL3
2023-04-30,504598,LVL1
2023-04-30,504692,LVL1
2023-04-30,504741,LVL3
2023-04-30,504759,LVL3
2023-04-30,504871,LVL3
2023-04-30,505111,LVL1
2023-04-30,505194,LVL1
2023-04-30,505382,LVL1
2023-04-30,505398,LVL3
2023-04-30,505566,LVL1
2023-04-30,505710,LVL1
2023-04-30,505716,LVL3
2023-04-30,505746,LVL1
2023-04-30,505774,LVL3
2023-04-30,505915,LVL3
2023-04-30,506040,LVL3
2023-04-30,506068,LVL3
2023-04-30,506088,LVL1
2023-04-30,506257,LVL3
2023-04-30,506378,LVL1
2023-04-30,506402,LVL1
2023-04-30,506523,LVL1
2023-04-30,506536,LVL3
2023-04-30,506718,LVL1
2023-04-30,506797,LVL1
2023-04-30,506835,LVL1
2023-04-30,506883,LVL1
2023-04-30,507041,LVL1
2023-04-30,507235,LVL1
2023-04-30,507252,LVL2
2023-04-30,507288,LVL3
2023-04-30,507332,LVL2
2023-04-30,507355,LVL1
2023-04-30,507482,LVL1
2023-04-30,507532,LVL3
2023-04-30,507630,LVL1
2023-04-30,507923,LVL1
2023-04-30,508052,LVL3
2023-04-30,508228,LVL3
2023-04-30,508247,LVL1
2023-04-30,508262,LVL1
2023-04-30,508449,LVL1
2023-04-30,508666,LVL2
2023-04-30,508801,LVL1
2023-04-30,508885,LVL1
2023-04-30,508922,LVL1
2023-04-30,508930,LVL1
2023-04-30,508956,LVL1
2023-04-30,508974,LVL1
2023-04-30,508978,LVL1
2023-04-30,509073,LVL3
2023-04-30,509098,LVL1
2023-04-30,509152,LVL3
2023-04-30,509197,LVL3
2023-04-30,509211,LVL1
2023-04-30,509266,LVL1
2023-04-30,509343,LVL1
2023-04-30,509357,LVL1
2023-04-30,509441,LVL1
2023-04-30,509649,LVL1
2023-04-30,509666,LVL1
2023-04-30,509791,LVL1
2023-04-30,509865,LVL1
2023-04-30,509945,LVL1
2023-04-30,509978,LVL1
2023-04-30,510009,LVL1
2023-04-30,510102,LVL2
2023-04-30,510180,LVL1
2023-04-30,510337,LVL3
2023-04-30,510350,LVL1
2023-04-30,510432,LVL1
2023-04-30,510454,LVL1
2023-04-30,510672,LVL3
2023-04-30,510712,LVL1
2023-04-30,510801,LVL3
2023-04-30,510956,LVL1
2023-04-30,510983,LVL1
2023-04-30,510986,LVL1
2023-04-30,511016,LVL1
2023-04-30,511056,LVL1
2023-04-30,511172,LVL1
2023-04-30,511192,LVL1
2023-04-30,511241,LVL3
2023-04-30,511305,LVL1
2023-04-30,511496,LVL1
2023-04-30,511506,LVL3
2023-04-30,511706,LVL1
2023-04-30,511716,LVL3
2023-04-30,511724,LVL1
2023-04-30,511727,LVL3
2023-04-30,511750,LVL1
2023-04-30,511795,LVL1
2023-04-30,512046,LVL2
2023-04-30,512059,LVL3
2023-04-30,512100,LVL1
2023-04-30,512253,LVL1
2023-04-30,512303,LVL1
2023-04-30,512306,LVL1
2023-04-30,512404,LVL1
2023-04-30,512417,LVL1
2023-04-30,512434,LVL1
2023-04-30,512497,LVL1
2023-04-30,512518,LVL3
2023-04-30,512693,LVL3
2023-04-30,512746,LVL1
2023-04-30,512802,LVL1
2023-04-30,512803,LVL1
2023-04-30,512817,LVL1
2023-04-30,512842,LVL1
2023-04-30,512892,LVL1
2023-04-30,512993,LVL1
2023-05-31,500009,LVL1
2023-05-31,500100,LVL2
2023-05-31,500419,LVL3
2023-05-31,500542,LVL1
2023-05-31,500628,LVL1
2023-05-31,500838,LVL1
2023-05-31,500842,LVL3
2023-05-31,500895,LVL3
2023-05-31,501184,LVL1
2023-05-31,501373,LVL3
2023-05-31,501409,LVL1
2023-05-31,501573,LVL3
2023-05-31,502210,LVL3
2023-05-31,502360,LVL1
2023-05-31,502746,LVL1
2023-05-31,502791,LVL1
2023-05-31,502852,LVL1
2023-05-31,502853,LVL3
2023-05-31,502909,LVL3
2023-05-31,503189,LVL2
2023-05-31,503341,LVL1
2023-05-31,503671,LVL3
2023-05-31,503771,LVL1
2023-05-31,503816,LVL3
2023-05-31,504095,LVL1
2023-05-31,504360,LVL3
2023-05-31,504791,LVL1
2023-05-31,504893,LVL3
2023-05-31,504986,LVL1
2023-05-31,505073,LVL3
2023-05-31,505232,LVL3
2023-05-31,505289,LVL2
2023-05-31,505387,LVL1
2023-05-31,505459,LVL1
2023-05-31,505477,LVL1
2023-05-31,505496,LVL1
2023-05-31,505659,LVL1
2023-05-31,505861,LVL3
2023-05-31,505912,LVL1
2023-05-31,506057,LVL1
2023-05-31,506088,LVL1
2023-05-31,506128,LVL1
2023-05-31,506307,LVL3
2023-05-31,506330,LVL1
2023-05-31,506334,LVL3
2023-05-31,506479,LVL1
2023-05-31,506491,LVL3
2023-05-31,506507,LVL3
2023-05-31,506597,LVL3
2023-05-31,506632,LVL1
2023-05-31,506636,LVL3
2023-05-31,506657,LVL3
2023-05-31,506676,LVL3
2023-05-31,506678,LVL3
2023-05-31,506754,LVL1
2023-05-31,506885,LVL3
2023-05-31,506888,LVL1
2023-05-31,506909,LVL1
2023-05-31,507140,LVL1
2023-05-31,507170,LVL1
2023-05-31,507200,LVL3
2023-05-31,507460,LVL3
2023-05-31,507498,LVL1
2023-05-31,507680,LVL1
2023-05-31,507833,LVL1
2023-05-31,507856,LVL3
2023-05-31,507882,LVL1
2023-05-31,507932,LVL3
2023-05-31,507935,LVL1
2023-05-31,508001,LVL1
2023-05-31,508078,LVL3
2023-05-31,508082,LVL1
2023-05-31,508169,LVL1
2023-05-31,508376,LVL3
2023-05-31,508395,LVL1
2023-05-31,508470,LVL3
2023-05-31,508611,LVL1
2023-05-31,508663,LVL1
2023-05-31,508781,LVL1
2023-05-31,508874,LVL1
2023-05-31,508967,LVL2
2023-05-31,509442,LVL1
2023-05-31,509450,LVL1
2023-05-31,509498,LVL1
2023-05-31,509590,LVL1
2023-05-31,509646,LVL1
2023-05-31,509688,LVL1
2023-05-31,509796,LVL3
2023-05-31,509835,LVL1
2023-05-31,510006,LVL1
2023-05-31,510009,LVL3
2023-05-31,510101,LVL3
2023-05-31,510291,LVL1
2023-05-31,510351,LVL3
2023-05-31,510394,LVL1
2023-05-31,510419,LVL1
2023-05-31,510476,LVL1
2023-05-31,510480,LVL1
2023-05-31,510695,LVL1
2023-05-31,510714,LVL3
2023-05-31,510868,LVL3
2023-05-31,510969,LVL1
2023-05-31,511210,LVL1
2023-05-31,511220,LVL1
2023-05-31,511270,LVL1
2023-05-31,511294,LVL2
2023-05-31,511407,LVL1
2023-05-31,511520,LVL3
2023-05-31,511526,LVL1
2023-05-31,511600,LVL1
2023-05-31,511694,LVL3
2023-05-31,511730,LVL1
2023-05-31,511753,LVL3
2023-05-31,511778,LVL1
2023-05-31,511780,LVL1
2023-05-31,511882,LVL2
2023-05-31,511901,LVL1
2023-05-31,512081,LVL1
2023-05-31,512114,LVL1
2023-05-31,512160,LVL1
2023-05-31,512231,LVL1
2023-05-31,512295,LVL1
2023-05-31,512443,LVL3
2023-05-31,512523,LVL2
2023-05-31,512615,LVL1
2023-05-31,512916,LVL1
2023-05-31,512943,LVL1
2023-05-31,512963,LVL1
2023-05-31,513036,LVL1
2023-05-31,513042,LVL1
2023-05-31,513280,LVL1
2023-06-30,500434,LVL1
2023-06-30,500985,LVL1
2023-06-30,501084,LVL1
2023-06-30,501588,LVL1
2023-06-30,501619,LVL1
2023-06-30,501896,LVL3
2023-06-30,502193,LVL3
2023-06-30,502655,LVL1
2023-06-30,503056,LVL3
2023-06-30,503120,LVL2
2023-06-30,503326,LVL3
2023-06-30,503385,LVL3
2023-06-30,503523,LVL3
2023-06-30,503790,LVL1
2023-06-30,503846,LVL3
2023-06-30,503917,LVL3
2023-06-30,503931,LVL3
2023-06-30,504049,LVL1
2023-06-30,504333,LVL2
2023-06-30,504399,LVL1
2023-06-30,504554,LVL3
2023-06-30,504641,LVL1
2023-06-30,504774,LVL1
2023-06-30,504836,LVL3
2023-06-30,505431,LVL1
2023-06-30,505573,LVL1
2023-06-30,505578,LVL1
2023-06-30,505631,LVL1
2023-06-30,506175,LVL3
2023-06-30,506468,LVL3
2023-06-30,506715,LVL1
2023-06-30,506730,LVL1
2023-06-30,506786,LVL1
2023-06-30,506926,LVL1
2023-06-30,506971,LVL1
2023-06-30,507010,LVL3
2023-06-30,507130,LVL3
2023-06-30,507384,LVL1
2023-06-30,507392,LVL1
2023-06-30,507489,LVL1
2023-06-30,507545,LVL3
2023-06-30,507561,LVL3
2023-06-30,507692,LVL1
2023-06-30,507903,LVL1
2023-06-30,508102,LVL1
2023-06-30,508273,LVL1
2023-06-30,508287,LVL3
2023-06-30,508491,LVL3
2023-06-30,508526,LVL3
2023-06-30,508671,LVL3
2023-06-30,508717,LVL3
2023-06-30,508780,LVL1
2023-06-30,508847,LVL1
2023-06-30,508856,LVL2
2023-06-30,509109,LVL3
2023-06-30,509181,LVL1
2023-06-30,509237,LVL3
2023-06-30,509272,LVL1
2023-06-30,509283,LVL1
2023-06-30,509345,LVL3
2023-06-30,509352,LVL1
2023-06-30,509370,LVL3
2023-06-30,509394,LVL1
2023-06-30,509639,LVL3
2023-06-30,509680,LVL1
2023-06-30,509909,LVL1
2023-06-30,510135,LVL1
2023-06-30,510224,LVL1
2023-06-30,510352,LVL1
2023-06-30,510487,LVL1
2023-06-30,510538,LVL1
2023-06-30,510547,LVL2
2023-06-30,510618,LVL1
2023-06-30,510670,LVL1
2023-06-30,510705,LVL2
2023-06-30,510773,LVL1
2023-06-30,510812,LVL1
2023-06-30,510959,LVL1
2023-06-30,510960,LVL1
2023-06-30,511036,LVL1
2023-06-30,511037,LVL1
2023-06-30,511115,LVL1
2023-06-30,511123,LVL1
2023-06-30,511136,LVL1
2023-06-30,511140,LVL1
2023-06-30,511148,LVL3
2023-06-30,511213,LVL1
2023-06-30,511220,LVL1
2023-06-30,511359,LVL1
2023-06-30,511461,LVL1
2023-06-30,511478,LVL3
2023-06-30,511632,LVL1
2023-06-30,511792,LVL1
2023-06-30,511797,LVL3
2023-06-30,511868,LVL1
2023-06-30,511944,LVL1
2023-06-30,512066,LVL1
2023-06-30,512115,LVL1
2023-06-30,512125,LVL1
2023-06-30,512159,LVL1
2023-06-30,512210,LVL1
2023-06-30,512323,LVL1
2023-06-30,512460,LVL1
2023-06-30,512669,LVL1
2023-06-30,512727,LVL1
2023-06-30,512823,LVL1
2023-06-30,512824,LVL3
2023-06-30,512868,LVL3
2023-06-30,512936,LVL3
2023-06-30,513163,LVL1
2023-06-30,513208,LVL3
2023-06-30,513245,LVL3
2023-06-30,513290,LVL1
2023-06-30,513306,LVL1
2023-06-30,513369,LVL1
2023-06-30,513422,LVL2
2023-06-30,513423,LVL1
2023-06-30,513441,LVL1
2023-06-30,513503,LVL3
2023-06-30,513518,LVL1
2023-06-30,513564,LVL1
2023-06-30,513674,LVL1
2023-07-31,500047,LVL3
2023-07-31,500664,LVL1
2023-07-31,500782,LVL3
2023-07-31,501167,LVL1
2023-07-31,501206,LVL1
2023-07-31,501607,LVL1
2023-07-31,501767,LVL3
2023-07-31,502177,LVL1
2023-07-31,502358,LVL1
2023-07-31,502523,LVL1
2023-07-31,502660,LVL1
2023-07-31,503113,LVL1
2023-07-31,503383,LVL1
2023-07-31,503598,LVL1
2023-07-31,504026,LVL3
2023-07-31,504158,LVL1
2023-07-31,504357,LVL1
2023-07-31,504528,LVL3
2023-07-31,504719,LVL3
2023-07-31,504947,LVL1
2023-07-31,505105,LVL1
2023-07-31,505235,LVL1
2023-07-31,505580,LVL3
2023-07-31,505589,LVL1
2023-07-31,505640,LVL1
2023-07-31,505904,LVL3
2023-07-31,506042,LVL2
2023-07-31,506057,LVL2
2023-07-31,506103,LVL1
2023-07-31,506215,LVL1
2023-07-31,506388,LVL1
2023-07-31,506590,LVL3
2023-07-31,506656,LVL1
2023-07-31,506770,LVL1
2023-07-31,506779,LVL3
2023-07-31,506872,LVL3
2023-07-31,507151,LVL1
2023-07-31,507282,LVL1
2023-07-31,507333,LVL3
2023-07-31,507364,LVL1
2023-07-31,507412,LVL1
2023-07-31,507440,LVL3
2023-07-31,507748,LVL1
2023-07-31,507935,LVL1
2023-07-31,507995,LVL1
2023-07-31,508041,LVL1
2023-07-31,508097,LVL1
2023-07-31,508275,LVL1
2023-07-31,508294,LVL1
2023-07-31,508340,LVL1
2023-07-31,508400,LVL1
2023-07-31,508431,LVL1
2023-07-31,508597,LVL1
2023-07-31,508813,LVL1
2023-07-31,508835,LVL1
2023-07-31,508903,LVL1
2023-07-31,508922,LVL1
2023-07-31,508970,LVL1
2023-07-31,508985,LVL1
2023-07-31,509037,LVL1
2023-07-31,509076,LVL1
2023-07-31,509125,LVL3
2023-07-31,509214,LVL1
2023-07-31,509271,LVL3
2023-07-31,509300,LVL1
2023-07-31,509383,LVL1
2023-07-31,509474,LVL1
2023-07-31,509488,LVL1
2023-07-31,509522,LVL2
2023-07-31,509599,LVL2
2023-07-31,509663,LVL1
2023-07-31,509743,LVL1
2023-07-31,509752,LVL3
2023-07-31,509761,LVL3
2023-07-31,509800,LVL1
2023-07-31,509829,LVL1
2023-07-31,509938,LVL1
2023-07-31,509994,LVL1
2023-07-31,510025,LVL1
2023-07-31,510249,LVL3
2023-07-31,510278,LVL1
2023-07-31,510310,LVL2
2023-07-31,510321,LVL1
2023-07-31,510361,LVL1
2023-07-31,510714,LVL1
2023-07-31,510811,LVL1
2023-07-31,510845,LVL1
2023-07-31,510885,LVL3
2023-07-31,510925,LVL1
2023-07-31,510929,LVL3
2023-07-31,510996,LVL3
2023-07-31,511075,LVL1
2023-07-31,511287,LVL1
2023-07-31,511361,LVL3
2023-07-31,511459,LVL3
2023-07-31,511586,LVL2
2023-07-31,511678,LVL1
2023-07-31,511689,LVL1
2023-07-31,511708,LVL3
2023-07-31,511734,LVL1
2023-07-31,511806,LVL1
2023-07-31,511810,LVL1
2023-07-31,511871,LVL3
2023-07-31,511943,LVL3
2023-07-31,511948,LVL3
2023-07-31,512003,LVL1
2023-07-31,512024,LVL3
2023-07-31,512209,LVL1
2023-07-31,512271,LVL3
2023-07-31,512348,LVL2
2023-07-31,512468,LVL3
2023-07-31,512569,LVL1
2023-07-31,512575,LVL3
2023-07-31,512595,LVL2
2023-07-31,512614,LVL1
2023-07-31,512674,LVL1
2023-07-31,512747,LVL1
2023-07-31,512818,LVL1
2023-07-31,512973,LVL1
2023-07-31,512980,LVL3
2023-07-31,513009,LVL1
2023-07-31,513139,LVL1
2023-07-31,513476,LVL1
2023-07-31,513608,LVL1
2023-07-31,513643,LVL1
2023-07-31,513841,LVL1
2023-07-31,513848,LVL1
2023-07-31,513852,LVL1
2023-07-31,513981,LVL1
2023-07-31,513987,LVL3
2023-07-31,514006,LVL1
2023-07-31,514008,LVL1
2023-07-31,514045,LVL1
2023-08-31,500401,LVL2
2023-08-31,501184,LVL1
2023-08-31,501236,LVL1
2023-08-31,501459,LVL1
2023-08-31,501962,LVL1
2023-08-31,502044,LVL3
2023-08-31,502109,LVL1
2023-08-31,502563,LVL1
2023-08-31,502616,LVL3
2023-08-31,503150,LVL1
2023-08-31,503250,LVL1
2023-08-31,503592,LVL1
2023-08-31,503603,LVL1
2023-08-31,503795,LVL1
2023-08-31,503969,LVL2
2023-08-31,503979,LVL3
2023-08-31,504429,LVL3
2023-08-31,504520,LVL1
2023-08-31,504595,LVL1
2023-08-31,504716,LVL1
2023-08-31,504844,LVL1
2023-08-31,505165,LVL1
2023-08-31,505302,LVL3
2023-08-31,505443,LVL1
2023-08-31,505462,LVL1
2023-08-31,506056,LVL1
2023-08-31,506286,LVL1
2023-08-31,506413,LVL2
2023-08-31,506438,LVL1
2023-08-31,506834,LVL3
2023-08-31,506953,LVL1
2023-08-31,507052,LVL2
2023-08-31,507252,LVL3
2023-08-31,507282,LVL1
2023-08-31,507344,LVL3
2023-08-31,507508,LVL1
2023-08-31,507581,LVL1
2023-08-31,507718,LVL1
2023-08-31,507780,LVL1
2023-08-31,507820,LVL1
2023-08-31,507833,LVL1
2023-08-31,508015,LVL1
2023-08-31,508062,LVL3
2023-08-31,508478,LVL2
2023-08-31,508680,LVL1
2023-08-31,508726,LVL1
2023-08-31,508768,LVL1
2023-08-31,508823,LVL1
2023-08-31,508903,LVL1
2023-08-31,508970,LVL1
2023-08-31,509060,LVL1
2023-08-31,509084,LVL1
2023-08-31,509088,LVL1
2023-08-31,509120,LVL1
2023-08-31,509146,LVL3
2023-08-31,509279,LVL1
2023-08-31,509318,LVL3
2023-08-31,509409,LVL3
2023-08-31,509411,LVL1
2023-08-31,509476,LVL1
2023-08-31,509615,LVL1
2023-08-31,509712,LVL1
2023-08-31,510100,LVL1
2023-08-31,510186,LVL3
2023-08-31,510206,LVL2
2023-08-31,510317,LVL1
2023-08-31,510364,LVL3
2023-08-31,510400,LVL1
2023-08-31,510418,LVL1
2023-08-31,510439,LVL3
2023-08-31,510441,LVL1
2023-08-31,510445,LVL1
2023-08-31,510448,LVL3
2023-08-31,510456,LVL1
2023-08-31,510512,LVL3
2023-08-31,510668,LVL3
2023-08-31,510694,LVL3
2023-08-31,510849,LVL1
2023-08-31,510966,LVL3
2023-08-31,510986,LVL1
2023-08-31,511037,LVL1
2023-08-31,511086,LVL1
2023-08-31,511134,LVL1
2023-08-31,511140,LVL1
2023-08-31,511171,LVL1
2023-08-31,511176,LVL3
2023-08-31,511322,LVL3
2023-08-31,511539,LVL1
2023-08-31,511630,LVL1
2023-08-31,511716,LVL1
2023-08-31,511870,LVL3
2023-08-31,511883,LVL1
2023-08-31,511886,LVL3
2023-08-31,511894,LVL1
2023-08-31,511901,LVL3
2023-08-31,511930,LVL1
2023-08-31,511947,LVL1
2023-08-31,512074,LVL1
2023-08-31,512076,LVL3
2023-08-31,512107,LVL1
2023-08-31,512143,LVL3
2023-08-31,512170,LVL2
2023-08-31,512184,LVL1
2023-08-31,512221,LVL1
2023-08-31,512310,LVL1
2023-08-31,512512,LVL1
2023-08-31,512526,LVL3
2023-08-31,512570,LVL1
2023-08-31,512821,LVL3
2023-08-31,512863,LVL3
2023-08-31,512864,LVL1
2023-08-31,512882,LVL3
2023-08-31,512885,LVL1
2023-08-31,512951,LVL1
2023-08-31,512988,LVL1
2023-08-31,513029,LVL1
2023-08-31,513216,LVL1
2023-08-31,513248,LVL3
2023-08-31,513250,LVL3
2023-08-31,513261,LVL1
2023-08-31,513331,LVL1
2023-08-31,513349,LVL3
2023-08-31,513385,LVL1
2023-08-31,513534,LVL1
2023-08-31,513558,LVL1
2023-08-31,513672,LVL1
2023-08-31,513681,LVL1
2023-08-31,513711,LVL1
2023-08-31,513791,LVL1
2023-08-31,514070,LVL1
2023-08-31,514078,LVL1
2023-08-31,514296,LVL1
2023-08-31,514312,LVL1
2023-08-31,514316,LVL3
2023-09-30,500219,LVL1
2023-09-30,500279,LVL1
2023-09-30,502176,LVL3
2023-09-30,502210,LVL1
2023-09-30,502368,LVL1
2023-09-30,502529,LVL1
2023-09-30,502627,LVL1
2023-09-30,502974,LVL1
2023-09-30,503117,LVL3
2023-09-30,503231,LVL1
2023-09-30,503381,LVL1
2023-09-30,503502,LVL1
2023-09-30,503538,LVL3
2023-09-30,504181,LVL1
2023-09-30,504247,LVL1
2023-09-30,504414,LVL3
2023-09-30,504620,LVL1
2023-09-30,504867,LVL1
2023-09-30,504975,LVL1
2023-09-30,505016,LVL1
2023-09-30,505047,LVL1
2023-09-30,505285,LVL1
2023-09-30,505470,LVL1
2023-09-30,505511,LVL3
2023-09-30,505512,LVL1
2023-09-30,505712,LVL3
2023-09-30,505721,LVL3
2023-09-30,505847,LVL1
2023-09-30,506154,LVL3
2023-09-30,506284,LVL1
2023-09-30,506303,LVL1
2023-09-30,506317,LVL1
2023-09-30,506362,LVL1
2023-09-30,506690,LVL2
2023-09-30,507045,LVL1
2023-09-30,507053,LVL3
2023-09-30,507286,LVL1
2023-09-30,507458,LVL3
2023-09-30,507505,LVL3
2023-09-30,507722,LVL1
2023-09-30,507747,LVL1
2023-09-30,508161,LVL1
2023-09-30,508345,LVL1
2023-09-30,508607,LVL3
2023-09-30,508631,LVL1
2023-09-30,508707,LVL3
2023-09-30,508820,LVL1
2023-09-30,508875,LVL3
2023-09-30,508901,LVL1
2023-09-30,508905,LVL1
2023-09-30,508999,LVL3
2023-09-30,509043,LVL1
2023-09-30,509058,LVL3
2023-09-30,509091,LVL1
2023-09-30,509112,LVL1
2023-09-30,509144,LVL1
2023-09-30,509243,LVL2
2023-09-30,509277,LVL1
2023-09-30,509297,LVL3
2023-09-30,509301,LVL1
2023-09-30,509436,LVL3
2023-09-30,509603,LVL3
2023-09-30,509613,LVL1
2023-09-30,509801,LVL3
2023-09-30,509870,LVL3
2023-09-30,509919,LVL1
2023-09-30,510118,LVL3
2023-09-30,510192,LVL1
2023-09-30,510298,LVL1
2023-09-30,510321,LVL3
2023-09-30,510360,LVL1
2023-09-30,510403,LVL1
2023-09-30,510488,LVL3
2023-09-30,510508,LVL1
2023-09-30,510740,LVL1
2023-09-30,510753,LVL3
2023-09-30,510754,LVL1
2023-09-30,510755,LVL1
2023-09-30,510881,LVL1
2023-09-30,510960,LVL1
2023-09-30,511010,LVL1
2023-09-30,511043,LVL1
2023-09-30,511069,LVL1
2023-09-30,511117,LVL1
2023-09-30,511306,LVL3
2023-09-30,511347,LVL2
2023-09-30,511414,LVL3
2023-09-30,511492,LVL1
2023-09-30,511560,LVL3
2023-09-30,511570,LVL3
2023-09-30,511603,LVL1
2023-09-30,511784,LVL1
2023-09-30,511879,LVL3
2023-09-30,511969,LVL3
2023-09-30,512027,LVL1
2023-09-30,512084,LVL1
2023-09-30,512111,LVL1
2023-09-30,512112,LVL3
2023-09-30,512114,LVL1
2023-09-30,512189,LVL1
2023-09-30,512238,LVL1
2023-09-30,512239,LVL1
2023-09-30,512513,LVL1
2023-09-30,512514,LVL2
2023-09-30,512589,LVL1
2023-09-30,512820,LVL1
2023-09-30,512832,LVL1
2023-09-30,512935,LVL1
2023-09-30,512946,LVL1
2023-09-30,513037,LVL1
2023-09-30,513134,LVL3
2023-09-30,513245,LVL1
2023-09-30,513255,LVL1
2023-09-30,513286,LVL1
2023-09-30,513287,LVL1
2023-09-30,513428,LVL3
2023-09-30,513433,LVL1
2023-09-30,513486,LVL1
2023-09-30,513543,LVL1
2023-09-30,513735,LVL1
2023-09-30,513780,LVL3
2023-09-30,513784,LVL3
2023-09-30,513889,LVL1
2023-09-30,513965,LVL2
2023-09-30,513980,LVL1
2023-09-30,513983,LVL1
2023-09-30,514018,LVL1
2023-09-30,514068,LVL1
2023-09-30,514143,LVL2
2023-09-30,514149,LVL1
2023-09-30,514156,LVL1
2023-09-30,514182,LVL1
2023-09-30,514196,LVL3
2023-09-30,514205,LVL3
2023-09-30,514240,LVL1
2023-09-30,514288,LVL1
2023-09-30,514333,LVL1
2023-09-30,514433,LVL1
2023-09-30,514473,LVL3
2023-09-30,514496,LVL3
2023-09-30,514513,LVL1
2023-09-30,514561,LVL1
2023-10-31,500216,LVL1
2023-10-31,500258,LVL1
2023-10-31,500359,LVL3
2023-10-31,500526,LVL3
2023-10-31,501095,LVL1
2023-10-31,501301,LVL1
2023-10-31,501849,LVL1
2023-10-31,502149,LVL2
2023-10-31,502254,LVL3
2023-10-31,502263,LVL1
2023-10-31,502286,LVL3
2023-10-31,502828,LVL1
2023-10-31,503124,LVL1
2023-10-31,503562,LVL2
2023-10-31,503774,LVL1
2023-10-31,504197,LVL1
2023-10-31,504668,LVL1
2023-10-31,505331,LVL1
2023-10-31,505512,LVL2
2023-10-31,505522,LVL1
2023-10-31,505574,LVL1
2023-10-31,505947,LVL3
2023-10-31,505961,LVL1
2023-10-31,505985,LVL1
2023-10-31,506034,LVL1
2023-10-31,506057,LVL3
2023-10-31,506196,LVL1
2023-10-31,506386,LVL1
2023-10-31,506393,LVL2
2023-10-31,506464,LVL1
2023-10-31,506614,LVL1
2023-10-31,506633,LVL1
2023-10-31,506674,LVL1
2023-10-31,506738,LVL1
2023-10-31,506793,LVL3
2023-10-31,506823,LVL1
2023-10-31,506966,LVL3
2023-10-31,506975,LVL3
2023-10-31,507036,LVL1
2023-10-31,507545,LVL3
2023-10-31,507769,LVL2
2023-10-31,507903,LVL1
2023-10-31,507913,LVL1
2023-10-31,508149,LVL1
2023-10-31,508243,LVL1
2023-10-31,508383,LVL3
2023-10-31,508478,LVL3
2023-10-31,508599,LVL1
2023-10-31,508722,LVL3
2023-10-31,508732,LVL2
2023-10-31,508764,LVL3
2023-10-31,508816,LVL1
2023-10-31,508893,LVL3
2023-10-31,508933,LVL1
2023-10-31,508971,LVL3
2023-10-31,509198,LVL1
2023-10-31,509589,LVL3
2023-10-31,509867,LVL3
2023-10-31,509935,LVL3
2023-10-31,509948,LVL1
2023-10-31,510005,LVL3
2023-10-31,510086,LVL1
2023-10-31,510112,LVL1
2023-10-31,510211,LVL1
2023-10-31,510275,LVL1
2023-10-31,510321,LVL1
2023-10-31,510349,LVL1
2023-10-31,510713,LVL1
2023-10-31,510925,LVL1
2023-10-31,511099,LVL1
2023-10-31,511131,LVL1
2023-10-31,511207,LVL3
2023-10-31,511270,LVL1
2023-10-31,511295,LVL1
2023-10-31,511369,LVL1
2023-10-31,511448,LVL1
2023-10-31,511582,LVL1
2023-10-31,511673,LVL3
2023-10-31,511686,LVL3
2023-10-31,511815,LVL1
2023-10-31,511862,LVL1
2023-10-31,511973,LVL1
2023-10-31,512002,LVL1
2023-10-31,512082,LVL1
2023-10-31,512224,LVL3
2023-10-31,512356,LVL3
2023-10-31,512374,LVL1
2023-10-31,512616,LVL1
2023-10-31,512683,LVL1
2023-10-31,512714,LVL1
2023-10-31,513080,LVL1
2023-10-31,513084,LVL3
2023-10-31,513242,LVL1
2023-10-31,513354,LVL1
2023-10-31,513375,LVL3
2023-10-31,513585,LVL1
2023-10-31,513857,LVL3
2023-10-31,513892,LVL1
2023-10-31,513899,LVL1
2023-10-31,514004,LVL1
2023-10-31,514127,LVL1
2023-10-31,514489,LVL3
2023-10-31,514499,LVL3
2023-10-31,514567,LVL1
2023-10-31,514590,LVL3
2023-10-31,514597,LVL2
2023-10-31,514605,LVL1
2023-10-31,514674,LVL3
2023-10-31,514756,LVL1
2023-10-31,514830,LVL1
2023-11-30,500838,LVL3
2023-11-30,500856,LVL1
2023-11-30,500917,LVL1
2023-11-30,501237,LVL3
2023-11-30,501363,LVL1
2023-11-30,501452,LVL3
2023-11-30,501875,LVL3
2023-11-30,502287,LVL1
2023-11-30,502296,LVL3
2023-11-30,502325,LVL1
2023-11-30,502335,LVL3
2023-11-30,502440,LVL1
2023-11-30,502508,LVL1
2023-11-30,502552,LVL1
2023-11-30,503112,LVL1
2023-11-30,503529,LVL3
2023-11-30,503987,LVL1
2023-11-30,504418,LVL1
2023-11-30,504429,LVL1
2023-11-30,504719,LVL3
2023-11-30,504878,LVL1
2023-11-30,505194,LVL3
2023-11-30,505234,LVL1
2023-11-30,505658,LVL1
2023-11-30,505753,LVL1
2023-11-30,506162,LVL1
2023-11-30,506290,LVL1
2023-11-30,506322,LVL1
2023-11-30,506467,LVL2
2023-11-30,506513,LVL3
2023-11-30,506697,LVL3
2023-11-30,506709,LVL1
2023-11-30,507058,LVL1
2023-11-30,507086,LVL1
2023-11-30,507490,LVL1
2023-11-30,507583,LVL3
2023-11-30,507929,LVL3
2023-11-30,508150,LVL3
2023-11-30,508453,LVL3
2023-11-30,508935,LVL3
2023-11-30,508949,LVL3
2023-11-30,509055,LVL1
2023-11-30,509099,LVL2
2023-11-30,509200,LVL2
2023-11-30,509437,LVL3
2023-11-30,509515,LVL2
2023-11-30,509521,LVL3
2023-11-30,509557,LVL1
2023-11-30,509884,LVL1
2023-11-30,510230,LVL1
2023-11-30,510262,LVL1
2023-11-30,510392,LVL1
2023-11-30,510471,LVL1
2023-11-30,510705,LVL3
2023-11-30,510825,LVL3
2023-11-30,510874,LVL3
2023-11-30,510875,LVL3
2023-11-30,511001,LVL2
2023-11-30,511159,LVL2
2023-11-30,511236,LVL3
2023-11-30,511626,LVL1
2023-11-30,511722,LVL3
2023-11-30,511884,LVL1
2023-11-30,511961,LVL3
2023-11-30,512046,LVL3
2023-11-30,512092,LVL1
2023-11-30,512124,LVL1
2023-11-30,512286,LVL3
2023-11-30,512293,LVL3
2023-11-30,512375,LVL3
2023-11-30,512419,LVL3
2023-11-30,512481,LVL1
2023-11-30,512538,LVL1
2023-11-30,512675,LVL1
2023-11-30,512693,LVL1
2023-11-30,512702,LVL2
2023-11-30,512848,LVL3
2023-11-30,513001,LVL1
2023-11-30,513039,LVL1
2023-11-30,513096,LVL1
2023-11-30,513534,LVL1
2023-11-30,513634,LVL1
2023-11-30,513642,LVL1
2023-11-30,513683,LVL3
2023-11-30,513722,LVL1
2023-11-30,513797,LVL1
2023-11-30,513840,LVL1
2023-11-30,513849,LVL1
2023-11-30,513955,LVL1
2023-11-30,514010,LVL3
2023-11-30,514047,LVL3
2023-11-30,514077,LVL1
2023-11-30,514190,LVL1
2023-11-30,514246,LVL1
2023-11-30,514279,LVL1
2023-11-30,514303,LVL1
2023-11-30,514329,LVL3
2023-11-30,514347,LVL1
2023-11-30,514356,LVL1
2023-11-30,514363,LVL1
2023-11-30,514430,LVL1
2023-11-30,514431,LVL1
2023-11-30,514446,LVL1
2023-11-30,514448,LVL3
2023-11-30,514513,LVL1
2023-11-30,514551,LVL3
2023-11-30,514599,LVL1
2023-11-30,514722,LVL1
2023-11-30,515027,LVL1
2023-11-30,515101,LVL1
2023-12-31,500009,LVL1
2023-12-31,501081,LVL1
2023-12-31,501429,LVL1
2023-12-31,501799,LVL3
2023-12-31,502144,LVL1
2023-12-31,502152,LVL3
2023-12-31,502211,LVL1
2023-12-31,502421,LVL3
2023-12-31,502870,LVL1
2023-12-31,503129,LVL1
2023-12-31,503165,LVL1
2023-12-31,503256,LVL3
2023-12-31,503813,LVL1
2023-12-31,503937,LVL1
2023-12-31,504030,LVL1
2023-12-31,504534,LVL3
2023-12-31,504571,LVL1
2023-12-31,504573,LVL1
2023-12-31,504576,LVL3
2023-12-31,505057,LVL3
2023-12-31,505224,LVL1
2023-12-31,505285,LVL1
2023-12-31,505319,LVL3
2023-12-31,505398,LVL1
2023-12-31,505598,LVL2
2023-12-31,505623,LVL1
2023-12-31,505701,LVL1
2023-12-31,505822,LVL1
2023-12-31,505850,LVL3
2023-12-31,505860,LVL1
2023-12-31,505879,LVL1
2023-12-31,506035,LVL3
2023-12-31,506353,LVL3
2023-12-31,506793,LVL3
2023-12-31,506834,LVL1
2023-12-31,506941,LVL1
2023-12-31,507073,LVL3
2023-12-31,507419,LVL1
2023-12-31,507697,LVL1
2023-12-31,507819,LVL1
2023-12-31,507897,LVL1
2023-12-31,507936,LVL2
2023-12-31,507993,LVL1
2023-12-31,508018,LVL1
2023-12-31,508233,LVL3
2023-12-31,508296,LVL2
2023-12-31,508324,LVL3
2023-12-31,508484,LVL3
2023-12-31,508781,LVL1
2023-12-31,508794,LVL1
2023-12-31,508859,LVL2
2023-12-31,508863,LVL1
2023-12-31,508947,LVL1
2023-12-31,508954,LVL1
2023-12-31,508977,LVL1
2023-12-31,508998,LVL3
2023-12-31,509151,LVL3
2023-12-31,509166,LVL1
2023-12-31,509191,LVL1
2023-12-31,509233,LVL1
2023-12-31,509238,LVL1
2023-12-31,509277,LVL1
2023-12-31,509282,LVL1
2023-12-31,509611,LVL3
2023-12-31,509619,LVL1
2023-12-31,509638,LVL3
2023-12-31,509645,LVL1
2023-12-31,509885,LVL3
2023-12-31,510006,LVL1
2023-12-31,510093,LVL1
2023-12-31,510112,LVL1
2023-12-31,510174,LVL1
2023-12-31,510184,LVL3
2023-12-31,510209,LVL1
2023-12-31,510260,LVL1
2023-12-31,510536,LVL1
2023-12-31,510605,LVL1
2023-12-31,510976,LVL1
2023-12-31,511050,LVL1
2023-12-31,511051,LVL3
2023-12-31,511148,LVL3
2023-12-31,511280,LVL1
2023-12-31,511371,LVL1
2023-12-31,511439,LVL1
2023-12-31,511547,LVL1
2023-12-31,511739,LVL1
2023-12-31,511764,LVL1
2023-12-31,511946,LVL3
2023-12-31,512007,LVL3
2023-12-31,512068,LVL3
2023-12-31,512086,LVL1
2023-12-31,512180,LVL3
2023-12-31,512221,LVL1
2023-12-31,512414,LVL1
2023-12-31,512454,LVL3
2023-12-31,512513,LVL1
2023-12-31,512595,LVL3
2023-12-31,512805,LVL1
2023-12-31,512890,LVL3
2023-12-31,512963,LVL1
2023-12-31,513018,LVL1
2023-12-31,513175,LVL3
2023-12-31,513266,LVL1
2023-12-31,513293,LVL1
2023-12-31,513475,LVL1
2023-12-31,513532,LVL1
2023-12-31,513549,LVL1
2023-12-31,513639,LVL1
2023-12-31,513706,LVL1
2023-12-31,513930,LVL1
2023-12-31,513935,LVL1
2023-12-31,514646,LVL3
2023-12-31,514734,LVL3
2023-12-31,514738,LVL1
2023-12-31,514819,LVL1
2023-12-31,514990,LVL1
2023-12-31,514993,LVL1
2023-12-31,515040,LVL1
2023-12-31,515092,LVL1
2023-12-31,515203,LVL1
2023-12-31,515306,LVL1
2023-12-31,515358,LVL1
2023-12-31,515363,LVL1
2024-01-31,500146,LVL1
2024-01-31,500180,LVL1
2024-01-31,500265,LVL3
2024-01-31,500763,LVL1
2024-01-31,500769,LVL3
2024-01-31,501014,LVL2
2024-01-31,501301,LVL3
2024-01-31,501470,LVL1
2024-01-31,501880,LVL1
2024-01-31,502108,LVL1
2024-01-31,502205,LVL1
2024-01-31,502346,LVL3
2024-01-31,502893,LVL1
2024-01-31,502906,LVL3
2024-01-31,503482,LVL3
2024-01-31,503731,LVL1
2024-01-31,503765,LVL3
2024-01-31,503795,LVL1
2024-01-31,504418,LVL1
2024-01-31,504436,LVL1
2024-01-31,505512,LVL3
2024-01-31,505688,LVL1
2024-01-31,505836,LVL1
2024-01-31,505944,LVL1
2024-01-31,506240,LVL1
2024-01-31,506703,LVL1
2024-01-31,506859,LVL3
2024-01-31,506869,LVL3
2024-01-31,506875,LVL1
2024-01-31,506910,LVL3
2024-01-31,507190,LVL1
2024-01-31,507207,LVL3
2024-01-31,507336,LVL1
2024-01-31,507511,LVL1
2024-01-31,508076,LVL1
2024-01-31,508143,LVL1
2024-01-31,508167,LVL1
2024-01-31,508225,LVL1
2024-01-31,508275,LVL1
2024-01-31,508396,LVL1
2024-01-31,508460,LVL1
2024-01-31,508484,LVL1
2024-01-31,508520,LVL1
2024-01-31,508548,LVL1
2024-01-31,508633,LVL3
2024-01-31,508721,LVL1
2024-01-31,508945,LVL1
2024-01-31,508986,LVL3
2024-01-31,508990,LVL3
2024-01-31,509125,LVL1
2024-01-31,509306,LVL2
2024-01-31,509481,LVL3
2024-01-31,509536,LVL1
2024-01-31,509670,LVL3
2024-01-31,509753,LVL1
2024-01-31,509766,LVL1
2024-01-31,509959,LVL3
2024-01-31,509996,LVL1
2024-01-31,510002,LVL1
2024-01-31,510035,LVL3
2024-01-31,510159,LVL1
2024-01-31,510310,LVL3
2024-01-31,510418,LVL3
2024-01-31,510452,LVL1
2024-01-31,510489,LVL1
2024-01-31,510500,LVL3
2024-01-31,510511,LVL1
2024-01-31,510515,LVL3
2024-01-31,510706,LVL1
2024-01-31,510829,LVL1
2024-01-31,510888,LVL3
2024-01-31,510919,LVL1
2024-01-31,511166,LVL1
2024-01-31,511186,LVL1
2024-01-31,511231,LVL3
2024-01-31,511392,LVL1
2024-01-31,511426,LVL1
2024-01-31,511704,LVL1
2024-01-31,511766,LVL1
2024-01-31,511798,LVL3
2024-01-31,511805,LVL1
2024-01-31,511836,LVL1
2024-01-31,511837,LVL1
2024-01-31,511871,LVL1
2024-01-31,511995,LVL2
2024-01-31,512261,LVL1
2024-01-31,512369,LVL1
2024-01-31,512413,LVL1
2024-01-31,512455,LVL3
2024-01-31,512576,LVL1
2024-01-31,512639,LVL3
2024-01-31,512686,LVL1
2024-01-31,512703,LVL1
2024-01-31,512706,LVL2
2024-01-31,512729,LVL1
2024-01-31,512755,LVL1
2024-01-31,512924,LVL1
2024-01-31,513001,LVL1
2024-01-31,513188,LVL1
2024-01-31,513291,LVL1
2024-01-31,513481,LVL1
2024-01-31,513499,LVL1
2024-01-31,513607,LVL3
2024-01-31,513651,LVL3
2024-01-31,513783,LVL1
2024-01-31,513916,LVL3
2024-01-31,514014,LVL1
2024-01-31,514025,LVL1
2024-01-31,514091,LVL3
2024-01-31,514154,LVL1
2024-01-31,514175,LVL1
2024-01-31,514180,LVL1
2024-01-31,514236,LVL1
2024-01-31,514275,LVL1
2024-01-31,514372,LVL2
2024-01-31,514423,LVL1
2024-01-31,514440,LVL1
2024-01-31,514504,LVL1
2024-01-31,514572,LVL3
2024-01-31,514685,LVL1
2024-01-31,514735,LVL2
2024-01-31,514737,LVL3
2024-01-31,514744,LVL1
2024-01-31,514768,LVL1
2024-01-31,514776,LVL3
2024-01-31,514839,LVL1
2024-01-31,514949,LVL1
2024-01-31,515008,LVL1
2024-01-31,515057,LVL1
2024-01-31,515203,LVL2
2024-01-31,515214,LVL1
2024-01-31,515433,LVL1
2024-01-31,515471,LVL1
2024-01-31,515486,LVL1
2024-02-29,500076,LVL3
2024-02-29,500223,LVL1
2024-02-29,500330,LVL1
2024-02-29,500995,LVL1
2024-02-29,501239,LVL2
2024-02-29,501739,LVL1
2024-02-29,502024,LVL3
2024-02-29,502267,LVL3
2024-02-29,502378,LVL3
2024-02-29,502529,LVL1
2024-02-29,503167,LVL1
2024-02-29,503218,LVL1
2024-02-29,503223,LVL3
2024-02-29,503408,LVL1
2024-02-29,503553,LVL3
2024-02-29,503592,LVL2
2024-02-29,504037,LVL1
2024-02-29,504067,LVL1
2024-02-29,504152,LVL1
2024-02-29,504768,LVL3
2024-02-29,505313,LVL1
2024-02-29,505420,LVL1
2024-02-29,506308,LVL1
2024-02-29,506336,LVL3
2024-02-29,506574,LVL1
2024-02-29,506627,LVL1
2024-02-29,506685,LVL3
2024-02-29,507055,LVL3
2024-02-29,507186,LVL3
2024-02-29,507351,LVL1
2024-02-29,507509,LVL3
2024-02-29,507620,LVL3
2024-02-29,507892,LVL1
2024-02-29,507920,LVL1
2024-02-29,507923,LVL1
2024-02-29,507937,LVL1
2024-02-29,508108,LVL3
2024-02-29,508114,LVL1
2024-02-29,508336,LVL2
2024-02-29,508795,LVL1
2024-02-29,509027,LVL3
2024-02-29,509032,LVL3
2024-02-29,509133,LVL1
2024-02-29,509685,LVL1
2024-02-29,509868,LVL1
2024-02-29,510036,LVL3
2024-02-29,510151,LVL1
2024-02-29,510259,LVL3
2024-02-29,510380,LVL1
2024-02-29,510475,LVL1
2024-02-29,510516,LVL3
2024-02-29,510552,LVL1
2024-02-29,510585,LVL1
2024-02-29,510752,LVL3
2024-02-29,510801,LVL1
2024-02-29,510813,LVL1
2024-02-29,510833,LVL1
2024-02-29,510896,LVL1
2024-02-29,511080,LVL2
2024-02-29,511123,LVL1
2024-02-29,511178,LVL1
2024-02-29,511202,LVL1
2024-02-29,511343,LVL1
2024-02-29,511468,LVL1
2024-02-29,511551,LVL1
2024-02-29,511560,LVL1
2024-02-29,511574,LVL1
2024-02-29,511627,LVL1
2024-02-29,511757,LVL3
2024-02-29,511816,LVL1
2024-02-29,511873,LVL1
2024-02-29,512023,LVL3
2024-02-29,512071,LVL3
2024-02-29,512205,LVL1
2024-02-29,512315,LVL1
2024-02-29,512316,LVL1
2024-02-29,512343,LVL3
2024-02-29,512373,LVL1
2024-02-29,512401,LVL1
2024-02-29,512451,LVL3
2024-02-29,512467,LVL3
2024-02-29,512526,LVL3
2024-02-29,512756,LVL1
2024-02-29,512796,LVL1
2024-02-29,512837,LVL1
2024-02-29,512967,LVL1
2024-02-29,513151,LVL3
2024-02-29,513202,LVL2
2024-02-29,513227,LVL1
2024-02-29,513398,LVL1
2024-02-29,513494,LVL1
2024-02-29,513521,LVL1
2024-02-29,513592,LVL1
2024-02-29,513615,LVL3
2024-02-29,513655,LVL3
2024-02-29,513747,LVL3
2024-02-29,514145,LVL3
2024-02-29,514157,LVL3
2024-02-29,514214,LVL3
2024-02-29,514254,LVL3
2024-02-29,514283,LVL1
2024-02-29,514361,LVL1
2024-02-29,514398,LVL1
2024-02-29,514443,LVL2
2024-02-29,514465,LVL3
2024-02-29,514655,LVL3
2024-02-29,514765,LVL1
2024-02-29,514930,LVL1
2024-02-29,514965,LVL1
2024-02-29,515194,LVL1
2024-02-29,515211,LVL1
2024-02-29,515380,LVL1
2024-02-29,515564,LVL1
2024-02-29,515616,LVL1
2024-02-29,515635,LVL2
2024-02-29,515784,LVL1
2024-02-29,515803,LVL3
2024-02-29,515824,LVL1
2024-02-29,515855,LVL1
2024-02-29,515888,LVL1
2024-02-29,515976,LVL3
2024-02-29,516009,LVL1
2024-02-29,516191,LVL1
2024-02-29,516202,LVL1
2024-02-29,516238,LVL1
2024-02-29,516256,LVL1
2024-02-29,516452,LVL1
2024-02-29,516501,LVL1
2024-02-29,516508,LVL3
2024-02-29,516717,LVL1
2024-02-29,516752,LVL1
2024-02-29,516835,LVL2
2024-02-29,516869,LVL1
2024-02-29,516967,LVL3
2024-02-29,516980,LVL3
2024-02-29,516983,LVL1
2024-02-29,517071,LVL1
2024-02-29,517116,LVL1
2024-02-29,517441,LVL3
2024-02-29,517478,LVL1
2024-02-29,517601,LVL2
2024-02-29,517611,LVL1
2024-02-29,517692,LVL1
2024-02-29,517748,LVL1
2024-02-29,517801,LVL1
2024-02-29,517870,LVL1
2024-02-29,517897,LVL1
2024-02-29,517972,LVL2
2024-02-29,517981,LVL3
2024-02-29,518040,LVL1
2024-02-29,518048,LVL1
2024-02-29,518090,LVL1
2024-03-31,500134,LVL1
2024-03-31,500297,LVL1
2024-03-31,500923,LVL1
2024-03-31,501443,LVL1
2024-03-31,501502,LVL3
2024-03-31,501571,LVL1
2024-03-31,502236,LVL3
2024-03-31,502376,LVL1
2024-03-31,502465,LVL1
2024-03-31,502834,LVL3
2024-03-31,502907,LVL1
2024-03-31,503174,LVL1
2024-03-31,503560,LVL1
2024-03-31,504185,LVL3
2024-03-31,504277,LVL1
2024-03-31,504534,LVL1
2024-03-31,504541,LVL1
2024-03-31,504895,LVL3
2024-03-31,505002,LVL2
2024-03-31,505040,LVL1
2024-03-31,505333,LVL3
2024-03-31,505376,LVL1
2024-03-31,505432,LVL3
2024-03-31,505493,LVL3
2024-03-31,505633,LVL1
2024-03-31,505862,LVL3
2024-03-31,506375,LVL3
2024-03-31,506507,LVL1
2024-03-31,506628,LVL1
2024-03-31,506982,LVL1
2024-03-31,507046,LVL3
2024-03-31,507491,LVL3
2024-03-31,507880,LVL1
2024-03-31,508174,LVL1
2024-03-31,508182,LVL1
2024-03-31,508413,LVL1
2024-03-31,508517,LVL3
2024-03-31,508614,LVL3
2024-03-31,508631,LVL1
2024-03-31,508676,LVL1
2024-03-31,508783,LVL1
2024-03-31,508937,LVL3
2024-03-31,508947,LVL1
2024-03-31,509037,LVL1
2024-03-31,509108,LVL2
2024-03-31,509127,LVL1
2024-03-31,509168,LVL3
2024-03-31,509186,LVL3
2024-03-31,509265,LVL1
2024-03-31,509305,LVL1
2024-03-31,509439,LVL3
2024-03-31,509506,LVL3
2024-03-31,509821,LVL2
2024-03-31,510153,LVL1
2024-03-31,510226,LVL1
2024-03-31,510276,LVL3
2024-03-31,510342,LVL2
2024-03-31,510363,LVL1
2024-03-31,510532,LVL1
2024-03-31,510665,LVL1
2024-03-31,510704,LVL1
2024-03-31,510714,LVL3
2024-03-31,510738,LVL1
2024-03-31,510906,LVL1
2024-03-31,511171,LVL1
2024-03-31,511295,LVL3
2024-03-31,511396,LVL1
2024-03-31,511586,LVL3
2024-03-31,511681,LVL3
2024-03-31,512012,LVL2
2024-03-31,512042,LVL2
2024-03-31,512090,LVL1
2024-03-31,512165,LVL1
2024-03-31,512203,LVL1
2024-03-31,512242,LVL3
2024-03-31,512342,LVL3
2024-03-31,512354,LVL1
2024-03-31,512405,LVL1
2024-03-31,512626,LVL1
2024-03-31,512722,LVL1
2024-03-31,512728,LVL3
2024-03-31,512770,LVL1
2024-03-31,512890,LVL1
2024-03-31,512955,LVL3
2024-03-31,513056,LVL1
2024-03-31,513103,LVL1
2024-03-31,513131,LVL1
2024-03-31,513220,LVL1
2024-03-31,513309,LVL1
2024-03-31,513482,LVL1
2024-03-31,513644,LVL1
2024-03-31,513775,LVL3
2024-03-31,513784,LVL1
2024-03-31,513846,LVL1
2024-03-31,513906,LVL1
2024-03-31,513940,LVL1
2024-03-31,513964,LVL1
2024-03-31,513992,LVL3
2024-03-31,514030,LVL3
2024-03-31,514273,LVL2
2024-03-31,514398,LVL1
2024-03-31,514494,LVL1
2024-03-31,514502,LVL1
2024-03-31,514566,LVL3
2024-03-31,514591,LVL1
2024-03-31,514602,LVL1
2024-03-31,514641,LVL1
2024-03-31,514662,LVL1
2024-03-31,514831,LVL1
2024-03-31,514873,LVL2
2024-03-31,514919,LVL1
2024-03-31,514998,LVL3
2024-03-31,515059,LVL1
2024-03-31,515126,LVL1
2024-03-31,515181,LVL1
2024-03-31,515284,LVL1
2024-03-31,515301,LVL1
2024-03-31,515311,LVL1
2024-03-31,515354,LVL1
2024-03-31,515394,LVL1
2024-03-31,515468,LVL1
2024-03-31,515470,LVL1
2024-03-31,515516,LVL1
2024-03-31,515517,LVL1
2024-03-31,515560,LVL3
2024-03-31,515724,LVL1
2024-03-31,515798,LVL1
2024-03-31,515870,LVL1
2024-03-31,515963,LVL1
2024-03-31,516003,LVL1
2024-03-31,516025,LVL1
2024-03-31,516042,LVL1
2024-03-31,516067,LVL3
2024-03-31,516126,LVL2
2024-03-31,516273,LVL1
2024-03-31,516366,LVL1
2024-03-31,516477,LVL1
2024-03-31,516567,LVL1
2024-03-31,516582,LVL1
2024-03-31,516665,LVL1
2024-03-31,516671,LVL1
2024-03-31,516703,LVL1
2024-03-31,516824,LVL3
2024-03-31,516981,LVL1
2024-03-31,516983,LVL1
2024-03-31,517095,LVL1
2024-03-31,517333,LVL3
2024-03-31,517336,LVL1
2024-03-31,517432,LVL3
2024-03-31,517478,LVL1
2024-03-31,517479,LVL1
2024-03-31,517532,LVL2
2024-03-31,517546,LVL1
2024-03-31,517566,LVL1
2024-03-31,517624,LVL3
2024-03-31,517669,LVL3
2024-03-31,517768,LVL1
2024-03-31,517916,LVL1
2024-03-31,517920,LVL1
2024-03-31,517934,LVL3
2024-03-31,517960,LVL3
2024-03-31,517976,LVL1
2024-03-31,518169,LVL1
2024-03-31,518248,LVL1
2024-03-31,518269,LVL1
2024-03-31,518294,LVL1
2024-03-31,518420,LVL1
2024-03-31,518433,LVL1
2024-04-30,501453,LVL1
2024-04-30,501854,LVL1
2024-04-30,501995,LVL3
2024-04-30,502294,LVL1
2024-04-30,502351,LVL1
2024-04-30,502539,LVL1
2024-04-30,502863,LVL3
2024-04-30,503297,LVL1
2024-04-30,503389,LVL1
2024-04-30,503537,LVL1
2024-04-30,503603,LVL3
2024-04-30,503851,LVL3
2024-04-30,504448,LVL3
2024-04-30,505331,LVL3
2024-04-30,505617,LVL1
2024-04-30,506013,LVL1
2024-04-30,506151,LVL3
2024-04-30,506178,LVL1
2024-04-30,506304,LVL1
2024-04-30,506382,LVL1
2024-04-30,506499,LVL1
2024-04-30,506513,LVL1
2024-04-30,506705,LVL1
2024-04-30,506920,LVL1
2024-04-30,506941,LVL3
2024-04-30,507024,LVL1
2024-04-30,507106,LVL1
2024-04-30,507300,LVL1
2024-04-30,507342,LVL2
2024-04-30,507352,LVL3
2024-04-30,507622,LVL3
2024-04-30,507780,LVL1
2024-04-30,507966,LVL1
2024-04-30,508360,LVL1
2024-04-30,508420,LVL1
2024-04-30,508421,LVL1
2024-04-30,508460,LVL1
2024-04-30,508688,LVL1
2024-04-30,508790,LVL3
2024-04-30,508872,LVL3
2024-04-30,508917,LVL1
2024-04-30,509218,LVL1
2024-04-30,509233,LVL1
2024-04-30,509285,LVL1
2024-04-30,509482,LVL2
2024-04-30,509576,LVL1
2024-04-30,509584,LVL1
2024-04-30,509704,LVL2
2024-04-30,509789,LVL3
2024-04-30,510016,LVL1
2024-04-30,510086,LVL1
2024-04-30,510172,LVL1
2024-04-30,510359,LVL1
2024-04-30,510394,LVL3
2024-04-30,510609,LVL1
2024-04-30,510655,LVL3
2024-04-30,510657,LVL1
2024-04-30,510681,LVL1
2024-04-30,510720,LVL3
2024-04-30,510787,LVL1
2024-04-30,510795,LVL1
2024-04-30,510832,LVL1
2024-04-30,510834,LVL3
2024-04-30,510876,LVL1
2024-04-30,511089,LVL3
2024-04-30,511157,LVL1
2024-04-30,511301,LVL3
2024-04-30,511304,LVL1
2024-04-30,511343,LVL2
2024-04-30,511366,LVL3
2024-04-30,511418,LVL3
2024-04-30,511550,LVL1
2024-04-30,511626,LVL1
2024-04-30,511948,LVL1
2024-04-30,512054,LVL1
2024-04-30,512172,LVL3
2024-04-30,512319,LVL1
2024-04-30,512373,LVL3
2024-04-30,512403,LVL2
2024-04-30,512444,LVL1
2024-04-30,512512,LVL1
2024-04-30,512619,LVL1
2024-04-30,512642,LVL1
2024-04-30,512679,LVL1
2024-04-30,512833,LVL1
2024-04-30,512856,LVL1
2024-04-30,512910,LVL3
2024-04-30,512944,LVL3
2024-04-30,512958,LVL1
2024-04-30,513109,LVL1
2024-04-30,513235,LVL1
2024-04-30,513311,LVL1
2024-04-30,513336,LVL1
2024-04-30,513713,LVL1
2024-04-30,513773,LVL1
2024-04-30,513834,LVL1
2024-04-30,513878,LVL3
2024-04-30,513931,LVL1
2024-04-30,514073,LVL1
2024-04-30,514187,LVL1
2024-04-30,514272,LVL2
2024-04-30,514395,LVL1
2024-04-30,514419,LVL1
2024-04-30,514457,LVL1
2024-04-30,514507,LVL1
2024-04-30,514617,LVL1
2024-04-30,514849,LVL1
2024-04-30,514901,LVL2
2024-04-30,515029,LVL3
2024-04-30,515086,LVL1
2024-04-30,515092,LVL1
2024-04-30,515279,LVL1
2024-04-30,515303,LVL1
2024-04-30,515372,LVL1
2024-04-30,515374,LVL1
2024-04-30,515432,LVL1
2024-04-30,515483,LVL1
2024-04-30,515585,LVL3
2024-04-30,515621,LVL1
2024-04-30,515647,LVL3
2024-04-30,515785,LVL1
2024-04-30,515804,LVL1
2024-04-30,515817,LVL1
2024-04-30,515838,LVL1
2024-04-30,515859,LVL1
2024-04-30,515884,LVL1
2024-04-30,515909,LVL1
2024-04-30,515917,LVL3
2024-04-30,515957,LVL1
2024-04-30,516110,LVL2
2024-04-30,516279,LVL1
2024-04-30,516310,LVL1
2024-04-30,516449,LVL1
2024-04-30,516463,LVL1
2024-04-30,516512,LVL1
2024-04-30,516552,LVL1
2024-04-30,516555,LVL1
2024-04-30,516675,LVL2
2024-04-30,516676,LVL1
2024-04-30,516688,LVL1
2024-04-30,516716,LVL1
2024-04-30,516759,LVL1
2024-04-30,516832,LVL1
2024-04-30,516847,LVL1
2024-04-30,516862,LVL1
2024-04-30,516900,LVL1
2024-04-30,517038,LVL1
2024-04-30,517054,LVL1
2024-04-30,517059,LVL1
2024-04-30,517226,LVL1
2024-04-30,517230,LVL1
2024-04-30,517422,LVL1
2024-04-30,517465,LVL3
2024-04-30,517483,LVL1
2024-04-30,517541,LVL1
2024-04-30,517599,LVL1
2024-04-30,517620,LVL1
2024-04-30,517667,LVL3
2024-04-30,517680,LVL2
2024-04-30,517876,LVL1
2024-04-30,517978,LVL1
2024-04-30,518005,LVL2
2024-04-30,518104,LVL3
2024-04-30,518237,LVL1
2024-04-30,518327,LVL1
2024-04-30,518356,LVL1
2024-04-30,518405,LVL1
2024-04-30,518431,LVL1
2024-04-30,518483,LVL3
2024-04-30,518492,LVL1
2024-04-30,518522,LVL2
2024-04-30,518547,LVL1
2024-04-30,518577,LVL3
2024-04-30,518583,LVL3
2024-04-30,518606,LVL1
2024-04-30,518688,LVL3
2024-04-30,518702,LVL1
2024-04-30,518703,LVL1
2024-04-30,518767,LVL1
2024-04-30,518776,LVL1
2024-05-31,500477,LVL1
2024-05-31,500757,LVL1
2024-05-31,501951,LVL1
2024-05-31,502732,LVL1
2024-05-31,502746,LVL1
2024-05-31,502816,LVL1
2024-05-31,503162,LVL1
2024-05-31,503543,LVL3
2024-05-31,503548,LVL1
2024-05-31,503731,LVL1
2024-05-31,503785,LVL1
2024-05-31,504271,LVL3
2024-05-31,504275,LVL3
2024-05-31,504779,LVL1
2024-05-31,505066,LVL1
2024-05-31,505267,LVL1
2024-05-31,505277,LVL3
2024-05-31,505459,LVL1
2024-05-31,505501,LVL3
2024-05-31,505725,LVL1
2024-05-31,505765,LVL1
2024-05-31,505847,LVL1
2024-05-31,505860,LVL1
2024-05-31,505941,LVL1
2024-05-31,506080,LVL1
2024-05-31,506168,LVL1
2024-05-31,506393,LVL3
2024-05-31,506546,LVL3
2024-05-31,506558,LVL1
2024-05-31,507153,LVL3
2024-05-31,507205,LVL1
2024-05-31,507435,LVL1
2024-05-31,507449,LVL1
2024-05-31,507484,LVL3
2024-05-31,507729,LVL2
2024-05-31,507889,LVL1
2024-05-31,507991,LVL1
2024-05-31,508048,LVL1
2024-05-31,508074,LVL1
2024-05-31,508277,LVL1
2024-05-31,508296,LVL3
2024-05-31,508320,LVL1
2024-05-31,508961,LVL3
2024-05-31,508969,LVL1
2024-05-31,509069,LVL1
2024-05-31,509268,LVL1
2024-05-31,509301,LVL2
2024-05-31,509423,LVL3
2024-05-31,509500,LVL3
2024-05-31,509726,LVL1
2024-05-31,510016,LVL1
2024-05-31,510071,LVL1
2024-05-31,510175,LVL1
2024-05-31,510176,LVL1
2024-05-31,510544,LVL1
2024-05-31,510609,LVL1
2024-05-31,510868,LVL3
2024-05-31,511021,LVL1
2024-05-31,511109,LVL1
2024-05-31,511123,LVL1
2024-05-31,511171,LVL1
2024-05-31,511177,LVL3
2024-05-31,511235,LVL3
2024-05-31,511380,LVL1
2024-05-31,511525,LVL1
2024-05-31,511696,LVL1
2024-05-31,512095,LVL3
2024-05-31,512309,LVL1
2024-05-31,512341,LVL1
2024-05-31,512601,LVL2
2024-05-31,512616,LVL1
2024-05-31,512654,LVL3
2024-05-31,512725,LVL3
2024-05-31,512894,LVL1
2024-05-31,513018,LVL1
2024-05-31,513260,LVL3
2024-05-31,513296,LVL1
2024-05-31,513307,LVL1
2024-05-31,513445,LVL1
2024-05-31,513562,LVL1
2024-05-31,513614,LVL2
2024-05-31,513628,LVL3
2024-05-31,513941,LVL3
2024-05-31,514054,LVL3
2024-05-31,514223,LVL1
2024-05-31,514271,LVL1
2024-05-31,514279,LVL3
2024-05-31,514287,LVL1
2024-05-31,514331,LVL2
2024-05-31,514336,LVL1
2024-05-31,514372,LVL3
2024-05-31,514378,LVL1
2024-05-31,514379,LVL1
2024-05-31,514423,LVL3
2024-05-31,514444,LVL1
2024-05-31,514546,LVL1
2024-05-31,514582,LVL1
2024-05-31,514784,LVL1
2024-05-31,514794,LVL1
2024-05-31,514800,LVL1
2024-05-31,514805,LVL1
2024-05-31,514833,LVL1
2024-05-31,514871,LVL1
2024-05-31,515086,LVL1
2024-05-31,515174,LVL1
2024-05-31,515241,LVL1
2024-05-31,515295,LVL1
2024-05-31,515318,LVL3
2024-05-31,515484,LVL1
2024-05-31,515528,LVL3
2024-05-31,515599,LVL1
2024-05-31,515756,LVL1
2024-05-31,515791,LVL1
2024-05-31,515856,LVL1
2024-05-31,515882,LVL1
2024-05-31,515967,LVL3
2024-05-31,516047,LVL1
2024-05-31,516117,LVL1
2024-05-31,516128,LVL2
2024-05-31,516167,LVL3
2024-05-31,516411,LVL1
2024-05-31,516543,LVL1
2024-05-31,516546,LVL1
2024-05-31,516558,LVL1
2024-05-31,516676,LVL2
2024-05-31,516681,LVL1
2024-05-31,516697,LVL1
2024-05-31,516705,LVL2
2024-05-31,516710,LVL1
2024-05-31,516748,LVL1
2024-05-31,516807,LVL1
2024-05-31,516835,LVL1
2024-05-31,516883,LVL3
2024-05-31,516973,LVL1
2024-05-31,517046,LVL1
2024-05-31,517051,LVL1
2024-05-31,517106,LVL3
2024-05-31,517177,LVL3
2024-05-31,517262,LVL1
2024-05-31,517634,LVL1
2024-05-31,517706,LVL1
2024-05-31,517719,LVL1
2024-05-31,517822,LVL1
2024-05-31,517954,LVL1
2024-05-31,518040,LVL3
2024-05-31,518274,LVL1
2024-05-31,518293,LVL1
2024-05-31,518320,LVL1
2024-05-31,518339,LVL1
2024-05-31,518348,LVL1
2024-05-31,518637,LVL1
2024-05-31,518726,LVL3
2024-05-31,518825,LVL1
2024-05-31,519094,LVL2
2024-05-31,519116,LVL1
2024-05-31,519142,LVL1
2024-06-30,502355,LVL1
2024-06-30,502391,LVL3
2024-06-30,502675,LVL1
2024-06-30,502815,LVL1
2024-06-30,503270,LVL3
2024-06-30,503562,LVL3
2024-06-30,503694,LVL1
2024-06-30,503703,LVL3
2024-06-30,503920,LVL3
2024-06-30,504138,LVL1
2024-06-30,504187,LVL3
2024-06-30,504275,LVL1
2024-06-30,504582,LVL3
2024-06-30,504674,LVL1
2024-06-30,504853,LVL1
2024-06-30,504975,LVL1
2024-06-30,505147,LVL3
2024-06-30,505416,LVL2
2024-06-30,505425,LVL3
2024-06-30,506722,LVL1
2024-06-30,506776,LVL3
2024-06-30,506785,LVL1
2024-06-30,506864,LVL1
2024-06-30,507155,LVL1
2024-06-30,507307,LVL1
2024-06-30,507735,LVL3
2024-06-30,507837,LVL3
2024-06-30,508003,LVL1
2024-06-30,508275,LVL1
2024-06-30,508323,LVL1
2024-06-30,508429,LVL3
2024-06-30,508444,LVL3
2024-06-30,508661,LVL1
2024-06-30,508708,LVL3
2024-06-30,508758,LVL1
2024-06-30,508967,LVL1
2024-06-30,509037,LVL1
2024-06-30,509108,LVL3
2024-06-30,509196,LVL1
2024-06-30,509348,LVL1
2024-06-30,509361,LVL1
2024-06-30,509408,LVL3
2024-06-30,509514,LVL1
2024-06-30,509754,LVL1
2024-06-30,510014,LVL3
2024-06-30,510141,LVL1
2024-06-30,510307,LVL1
2024-06-30,510310,LVL3
2024-06-30,510496,LVL1
2024-06-30,510961,LVL1
2024-06-30,511012,LVL1
2024-06-30,511118,LVL2
2024-06-30,511369,LVL1
2024-06-30,511467,LVL3
2024-06-30,511764,LVL1
2024-06-30,511786,LVL1
2024-06-30,511817,LVL1
2024-06-30,512032,LVL2
2024-06-30,512170,LVL3
2024-06-30,512202,LVL1
2024-06-30,512317,LVL3
2024-06-30,512561,LVL3
2024-06-30,512582,LVL3
2024-06-30,512639,LVL1
2024-06-30,512666,LVL1
2024-06-30,512680,LVL1
2024-06-30,512743,LVL3
2024-06-30,513113,LVL3
2024-06-30,513123,LVL1
2024-06-30,513211,LVL1
2024-06-30,513237,LVL3
2024-06-30,513325,LVL2
2024-06-30,513580,LVL1
2024-06-30,513960,LVL3
2024-06-30,513981,LVL1
2024-06-30,514017,LVL1
2024-06-30,514038,LVL1
2024-06-30,514181,LVL1
2024-06-30,514424,LVL1
2024-06-30,514468,LVL3
2024-06-30,514542,LVL2
2024-06-30,514662,LVL1
2024-06-30,514688,LVL3
2024-06-30,514736,LVL1
2024-06-30,514773,LVL1
2024-06-30,514782,LVL1
2024-06-30,514816,LVL1
2024-06-30,514901,LVL3
2024-06-30,515007,LVL3
2024-06-30,515059,LVL1
2024-06-30,515092,LVL1
2024-06-30,515096,LVL1
2024-06-30,515230,LVL1
2024-06-30,515326,LVL1
2024-06-30,515329,LVL1
2024-06-30,515359,LVL1
2024-06-30,515448,LVL1
2024-06-30,515482,LVL1
2024-06-30,515573,LVL1
2024-06-30,515632,LVL1
2024-06-30,515636,LVL1
2024-06-30,515646,LVL2
2024-06-30,515701,LVL1
2024-06-30,515792,LVL1
2024-06-30,515795,LVL1
2024-06-30,515863,LVL1
2024-06-30,515904,LVL1
2024-06-30,515986,LVL1
2024-06-30,516006,LVL3
2024-06-30,516026,LVL3
2024-06-30,516267,LVL1
2024-06-30,516415,LVL1
2024-06-30,516529,LVL1
2024-06-30,516755,LVL1
2024-06-30,516951,LVL3
2024-06-30,517019,LVL3
2024-06-30,517075,LVL1
2024-06-30,517080,LVL1
2024-06-30,517086,LVL1
2024-06-30,517239,LVL3
2024-06-30,517355,LVL3
2024-06-30,517483,LVL2
2024-06-30,517586,LVL2
2024-06-30,517717,LVL1
2024-06-30,517849,LVL1
2024-06-30,517960,LVL3
2024-06-30,518165,LVL1
2024-06-30,518315,LVL1
2024-06-30,518379,LVL1
2024-06-30,518407,LVL1
2024-06-30,518434,LVL1
2024-06-30,518458,LVL3
2024-06-30,518502,LVL1
2024-06-30,518619,LVL3
2024-06-30,518627,LVL1
2024-06-30,518646,LVL1
2024-06-30,518686,LVL1
2024-06-30,518710,LVL1
2024-06-30,518724,LVL2
2024-06-30,518904,LVL1
2024-06-30,519077,LVL1
2024-06-30,519137,LVL3
2024-06-30,519204,LVL1
2024-06-30,519235,LVL1
2024-06-30,519420,LVL1
2024-06-30,519459,LVL1
2024-07-31,500548,LVL3
2024-07-31,500819,LVL1
2024-07-31,502045,LVL1
2024-07-31,502369,LVL1
2024-07-31,502678,LVL3
2024-07-31,503016,LVL2
2024-07-31,503167,LVL1
2024-07-31,503901,LVL1
2024-07-31,503906,LVL1
2024-07-31,504076,LVL3
2024-07-31,504399,LVL2
2024-07-31,504594,LVL3
2024-07-31,504713,LVL3
2024-07-31,505070,LVL1
2024-07-31,505176,LVL1
2024-07-31,505430,LVL3
2024-07-31,505672,LVL1
2024-07-31,505698,LVL1
2024-07-31,505985,LVL1
2024-07-31,506191,LVL1
2024-07-31,506432,LVL1
2024-07-31,506737,LVL2
2024-07-31,506761,LVL1
2024-07-31,506784,LVL3
2024-07-31,506894,LVL3
2024-07-31,507511,LVL1
2024-07-31,507693,LVL1
2024-07-31,507756,LVL3
2024-07-31,508605,LVL1
2024-07-31,508947,LVL1
2024-07-31,509018,LVL3
2024-07-31,509301,LVL1
2024-07-31,509469,LVL1
2024-07-31,509472,LVL1
2024-07-31,509753,LVL1
2024-07-31,509821,LVL3
2024-07-31,509898,LVL1
2024-07-31,509980,LVL3
2024-07-31,510172,LVL1
2024-07-31,510176,LVL1
2024-07-31,510278,LVL1
2024-07-31,510348,LVL3
2024-07-31,510543,LVL3
2024-07-31,510599,LVL1
2024-07-31,510990,LVL3
2024-07-31,511091,LVL3
2024-07-31,511171,LVL1
2024-07-31,511186,LVL1
2024-07-31,511304,LVL3
2024-07-31,511348,LVL1
2024-07-31,511458,LVL1
2024-07-31,511531,LVL3
2024-07-31,511600,LVL1
2024-07-31,511608,LVL3
2024-07-31,511626,LVL3
2024-07-31,511669,LVL3
2024-07-31,511857,LVL1
2024-07-31,512047,LVL3
2024-07-31,512084,LVL1
2024-07-31,512188,LVL1
2024-07-31,512475,LVL3
2024-07-31,512508,LVL1
2024-07-31,512512,LVL1
2024-07-31,512534,LVL3
2024-07-31,512823,LVL3
2024-07-31,512836,LVL1
2024-07-31,512918,LVL2
2024-07-31,513017,LVL3
2024-07-31,513056,LVL1
2024-07-31,513151,LVL1
2024-07-31,513276,LVL1
2024-07-31,513620,LVL1
2024-07-31,513627,LVL1
2024-07-31,513676,LVL3
2024-07-31,513678,LVL3
2024-07-31,513709,LVL1
2024-07-31,513836,LVL1
2024-07-31,513858,LVL3
2024-07-31,514037,LVL3
2024-07-31,514143,LVL3
2024-07-31,514151,LVL1
2024-07-31,514252,LVL1
2024-07-31,514403,LVL1
2024-07-31,514424,LVL1
2024-07-31,514428,LVL1
2024-07-31,514455,LVL1
2024-07-31,514474,LVL1
2024-07-31,514501,LVL3
2024-07-31,514636,LVL3
2024-07-31,514745,LVL1
2024-07-31,514851,LVL3
2024-07-31,514916,LVL1
2024-07-31,514918,LVL3
2024-07-31,514988,LVL1
2024-07-31,515072,LVL3
2024-07-31,515078,LVL3
2024-07-31,515139,LVL1
2024-07-31,515173,LVL1
2024-07-31,515248,LVL1
2024-07-31,515265,LVL1
2024-07-31,515362,LVL1
2024-07-31,515415,LVL1
2024-07-31,515427,LVL3
2024-07-31,515476,LVL2
2024-07-31,515478,LVL3
2024-07-31,515608,LVL1
2024-07-31,515609,LVL1
2024-07-31,515710,LVL3
2024-07-31,515715,LVL1
2024-07-31,515743,LVL1
2024-07-31,515752,LVL1
2024-07-31,515775,LVL1
2024-07-31,515785,LVL1
2024-07-31,515948,LVL1
2024-07-31,516014,LVL1
2024-07-31,516084,LVL2
2024-07-31,516118,LVL2
2024-07-31,516213,LVL1
2024-07-31,516292,LVL2
2024-07-31,516396,LVL3
2024-07-31,516485,LVL1
2024-07-31,516637,LVL1
2024-07-31,516766,LVL1
2024-07-31,516771,LVL1
2024-07-31,516828,LVL1
2024-07-31,516875,LVL3
2024-07-31,516948,LVL1
2024-07-31,516999,LVL1
2024-07-31,517129,LVL1
2024-07-31,517202,LVL1
2024-07-31,517270,LVL3
2024-07-31,517276,LVL1
2024-07-31,517467,LVL3
2024-07-31,517500,LVL1
2024-07-31,517566,LVL1
2024-07-31,517601,LVL3
2024-07-31,517639,LVL3
2024-07-31,517710,LVL1
2024-07-31,517854,LVL1
2024-07-31,517866,LVL1
2024-07-31,517995,LVL1
2024-07-31,518024,LVL1
2024-07-31,518082,LVL1
2024-07-31,518161,LVL1
2024-07-31,518162,LVL1
2024-07-31,518192,LVL1
2024-07-31,518231,LVL2
2024-07-31,518383,LVL3
2024-07-31,518598,LVL2
2024-07-31,518764,LVL3
2024-07-31,518816,LVL1
2024-07-31,518831,LVL3
2024-07-31,518961,LVL3
2024-07-31,518968,LVL3
2024-07-31,519029,LVL2
2024-07-31,519152,LVL1
2024-07-31,519190,LVL1
2024-07-31,519229,LVL1
2024-07-31,519248,LVL1
2024-07-31,519265,LVL3
2024-07-31,519733,LVL1
2024-07-31,519806,LVL2
2024-08-31,500219,LVL1
2024-08-31,500411,LVL1
2024-08-31,500684,LVL3
2024-08-31,501359,LVL1
2024-08-31,502368,LVL3
2024-08-31,502675,LVL1
2024-08-31,502772,LVL3
2024-08-31,503162,LVL1
2024-08-31,503567,LVL1
2024-08-31,503593,LVL3
2024-08-31,503932,LVL2
2024-08-31,503939,LVL1
2024-08-31,504194,LVL1
2024-08-31,504450,LVL1
2024-08-31,504528,LVL3
2024-08-31,504630,LVL3
2024-08-31,506217,LVL1
2024-08-31,506276,LVL3
2024-08-31,506636,LVL1
2024-08-31,506991,LVL1
2024-08-31,507266,LVL3
2024-08-31,507445,LVL2
2024-08-31,507518,LVL1
2024-08-31,507735,LVL3
2024-08-31,507739,LVL3
2024-08-31,508000,LVL1
2024-08-31,508097,LVL1
2024-08-31,508487,LVL1
2024-08-31,508488,LVL1
2024-08-31,508545,LVL1
2024-08-31,508649,LVL1
2024-08-31,508666,LVL3
2024-08-31,508768,LVL1
2024-08-31,508821,LVL3
2024-08-31,509051,LVL1
2024-08-31,509138,LVL3
2024-08-31,509237,LVL3
2024-08-31,509253,LVL1
2024-08-31,509389,LVL1
2024-08-31,509414,LVL3
2024-08-31,509744,LVL3
2024-08-31,509761,LVL3
2024-08-31,509828,LVL3
2024-08-31,509968,LVL1
2024-08-31,510140,LVL3
2024-08-31,510332,LVL1
2024-08-31,510371,LVL3
2024-08-31,510430,LVL1
2024-08-31,510579,LVL1
2024-08-31,510597,LVL3
2024-08-31,510698,LVL3
2024-08-31,510730,LVL1
2024-08-31,510753,LVL1
2024-08-31,510842,LVL1
2024-08-31,510980,LVL1
2024-08-31,510998,LVL3
2024-08-31,511073,LVL3
2024-08-31,511124,LVL1
2024-08-31,511342,LVL1
2024-08-31,511411,LVL1
2024-08-31,511426,LVL3
2024-08-31,511477,LVL1
2024-08-31,511490,LVL1
2024-08-31,511735,LVL3
2024-08-31,512008,LVL2
2024-08-31,512056,LVL1
2024-08-31,512136,LVL1
2024-08-31,512153,LVL1
2024-08-31,512232,LVL1
2024-08-31,512290,LVL3
2024-08-31,512376,LVL1
2024-08-31,512635,LVL3
2024-08-31,512746,LVL1
2024-08-31,512747,LVL2
2024-08-31,512851,LVL3
2024-08-31,512856,LVL1
2024-08-31,512999,LVL1
2024-08-31,513028,LVL1
2024-08-31,513051,LVL1
2024-08-31,513089,LVL3
2024-08-31,513132,LVL1
2024-08-31,513167,LVL3
2024-08-31,513402,LVL1
2024-08-31,513413,LVL3
2024-08-31,513447,LVL1
2024-08-31,513514,LVL3
2024-08-31,513534,LVL1
2024-08-31,513560,LVL1
2024-08-31,513597,LVL3
2024-08-31,513840,LVL3
2024-08-31,513953,LVL3
2024-08-31,514039,LVL3
2024-08-31,514358,LVL3
2024-08-31,514368,LVL1
2024-08-31,514410,LVL3
2024-08-31,514461,LVL3
2024-08-31,514655,LVL1
2024-08-31,514666,LVL1
2024-08-31,514809,LVL1
2024-08-31,514980,LVL1
2024-08-31,515024,LVL1
2024-08-31,515309,LVL1
2024-08-31,515391,LVL1
2024-08-31,515434,LVL1
2024-08-31,515454,LVL1
2024-08-31,515467,LVL3
2024-08-31,515534,LVL1
2024-08-31,515579,LVL1
2024-08-31,515586,LVL1
2024-08-31,515622,LVL2
2024-08-31,515637,LVL1
2024-08-31,515657,LVL1
2024-08-31,515706,LVL1
2024-08-31,515841,LVL3
2024-08-31,515887,LVL1
2024-08-31,515892,LVL1
2024-08-31,515970,LVL1
2024-08-31,516059,LVL1
2024-08-31,516075,LVL1
2024-08-31,516231,LVL1
2024-08-31,516286,LVL3
2024-08-31,516328,LVL3
2024-08-31,516341,LVL1
2024-08-31,516471,LVL1
2024-08-31,516477,LVL1
2024-08-31,516505,LVL3
2024-08-31,516525,LVL3
2024-08-31,516539,LVL2
2024-08-31,516609,LVL3
2024-08-31,516613,LVL1
2024-08-31,516761,LVL1
2024-08-31,516763,LVL1
2024-08-31,516982,LVL1
2024-08-31,517029,LVL1
2024-08-31,517032,LVL1
2024-08-31,517081,LVL1
2024-08-31,517207,LVL1
2024-08-31,517262,LVL1
2024-08-31,517370,LVL1
2024-08-31,517386,LVL3
2024-08-31,517753,LVL1
2024-08-31,517802,LVL3
2024-08-31,517906,LVL1
2024-08-31,518043,LVL3
2024-08-31,518069,LVL1
2024-08-31,518293,LVL1
2024-08-31,518335,LVL1
2024-08-31,518445,LVL3
2024-08-31,518522,LVL3
2024-08-31,518587,LVL3
2024-08-31,518995,LVL1
2024-08-31,518997,LVL1
2024-08-31,519005,LVL3
2024-08-31,519065,LVL1
2024-08-31,519138,LVL3
2024-08-31,519172,LVL3
2024-08-31,519195,LVL1
2024-08-31,519197,LVL1
2024-08-31,519202,LVL1
2024-08-31,519211,LVL1
2024-08-31,519214,LVL1
2024-08-31,519230,LVL1
2024-08-31,519284,LVL1
2024-08-31,519336,LVL1
2024-08-31,519368,LVL1
2024-08-31,519374,LVL3
2024-08-31,519424,LVL2
2024-08-31,519437,LVL3
2024-08-31,519572,LVL1
2024-08-31,519633,LVL1
2024-08-31,519686,LVL1
2024-08-31,519721,LVL1
2024-08-31,519793,LVL2
2024-08-31,519875,LVL2
2024-08-31,519919,LVL3
2024-08-31,519968,LVL1
2024-08-31,520133,LVL2
2024-09-30,500085,LVL3
2024-09-30,500615,LVL1
2024-09-30,501099,LVL2
2024-09-30,501571,LVL1
2024-09-30,501712,LVL1
2024-09-30,501736,LVL1
2024-09-30,501804,LVL3
2024-09-30,502142,LVL3
2024-09-30,502285,LVL2
2024-09-30,502287,LVL1
2024-09-30,503149,LVL1
2024-09-30,503174,LVL1
2024-09-30,503680,LVL3
2024-09-30,504001,LVL1
2024-09-30,504241,LVL1
2024-09-30,504381,LVL1
2024-09-30,504495,LVL1
2024-09-30,504528,LVL3
2024-09-30,505429,LVL1
2024-09-30,505757,LVL1
2024-09-30,506313,LVL1
2024-09-30,506683,LVL3
2024-09-30,506843,LVL1
2024-09-30,507178,LVL3
2024-09-30,507182,LVL1
2024-09-30,507277,LVL3
2024-09-30,507602,LVL1
2024-09-30,507693,LVL3
2024-09-30,507908,LVL1
2024-09-30,508403,LVL1
2024-09-30,508422,LVL1
2024-09-30,508555,LVL1
2024-09-30,508562,LVL1
2024-09-30,508796,LVL3
2024-09-30,508905,LVL3
2024-09-30,509443,LVL3
2024-09-30,509472,LVL3
2024-09-30,509715,LVL3
2024-09-30,509966,LVL3
2024-09-30,509983,LVL1
2024-09-30,510035,LVL2
2024-09-30,510040,LVL1
2024-09-30,510506,LVL1
2024-09-30,510560,LVL3
2024-09-30,510676,LVL1
2024-09-30,510750,LVL3
2024-09-30,510926,LVL1
2024-09-30,510995,LVL1
2024-09-30,511022,LVL1
2024-09-30,511027,LVL1
2024-09-30,511050,LVL1
2024-09-30,511259,LVL1
2024-09-30,511324,LVL3
2024-09-30,511405,LVL2
2024-09-30,511518,LVL1
2024-09-30,511525,LVL1
2024-09-30,511766,LVL3
2024-09-30,511816,LVL3
2024-09-30,511817,LVL1
2024-09-30,511841,LVL1
2024-09-30,511883,LVL2
2024-09-30,511940,LVL1
2024-09-30,511963,LVL1
2024-09-30,512010,LVL1
2024-09-30,512232,LVL1
2024-09-30,512349,LVL3
2024-09-30,512454,LVL1
2024-09-30,512480,LVL1
2024-09-30,512495,LVL1
2024-09-30,512531,LVL1
2024-09-30,512544,LVL1
2024-09-30,512579,LVL1
2024-09-30,512610,LVL3
2024-09-30,512633,LVL3
2024-09-30,513070,LVL3
2024-09-30,513115,LVL1
2024-09-30,513214,LVL3
2024-09-30,513269,LVL1
2024-09-30,513420,LVL1
2024-09-30,513444,LVL1
2024-09-30,513521,LVL3
2024-09-30,513869,LVL1
2024-09-30,513926,LVL2
2024-09-30,514091,LVL1
2024-09-30,514110,LVL1
2024-09-30,514186,LVL1
2024-09-30,514227,LVL1
2024-09-30,514312,LVL1
2024-09-30,514497,LVL3
2024-09-30,514657,LVL1
2024-09-30,514718,LVL3
2024-09-30,514733,LVL3
2024-09-30,514839,LVL3
2024-09-30,514990,LVL1
2024-09-30,515114,LVL3
2024-09-30,515391,LVL3
2024-09-30,515406,LVL3
2024-09-30,515409,LVL1
2024-09-30,515507,LVL3
2024-09-30,515522,LVL3
2024-09-30,515639,LVL1
2024-09-30,515697,LVL1
2024-09-30,515822,LVL1
2024-09-30,515979,LVL2
2024-09-30,516058,LVL1
2024-09-30,516154,LVL1
2024-09-30,516199,LVL1
2024-09-30,516231,LVL1
2024-09-30,516232,LVL3
2024-09-30,516255,LVL1
2024-09-30,516327,LVL1
2024-09-30,516577,LVL3
2024-09-30,516793,LVL1
2024-09-30,516956,LVL1
2024-09-30,516982,LVL1
2024-09-30,517019,LVL1
2024-09-30,517077,LVL3
2024-09-30,517112,LVL3
2024-09-30,517130,LVL1
2024-09-30,517293,LVL1
2024-09-30,517324,LVL1
2024-09-30,517348,LVL1
2024-09-30,517412,LVL2
2024-09-30,517453,LVL1
2024-09-30,517460,LVL1
2024-09-30,517604,LVL3
2024-09-30,517660,LVL1
2024-09-30,517697,LVL3
2024-09-30,517840,LVL1
2024-09-30,517846,LVL1
2024-09-30,517871,LVL1
2024-09-30,517874,LVL3
2024-09-30,518270,LVL3
2024-09-30,518547,LVL1
2024-09-30,518650,LVL2
2024-09-30,518677,LVL1
2024-09-30,518725,LVL1
2024-09-30,518742,LVL2
2024-09-30,518839,LVL2
2024-09-30,519168,LVL1
2024-09-30,519299,LVL1
2024-09-30,519327,LVL1
2024-09-30,519431,LVL1
2024-09-30,519580,LVL3
2024-09-30,519780,LVL1
2024-09-30,519854,LVL1
2024-09-30,520074,LVL1
2024-09-30,520136,LVL1
2024-09-30,520213,LVL2
2024-09-30,520277,LVL1
2024-09-30,520300,LVL1
2024-09-30,520408,LVL1
2024-10-31,500342,LVL1
2024-10-31,501239,LVL3
2024-10-31,501480,LVL3
2024-10-31,502376,LVL1
2024-10-31,502599,LVL3
2024-10-31,502816,LVL3
2024-10-31,502828,LVL1
2024-10-31,503149,LVL1
2024-10-31,503174,LVL1
2024-10-31,503189,LVL2
2024-10-31,503400,LVL1
2024-10-31,503699,LVL3
2024-10-31,504617,LVL1
2024-10-31,504692,LVL3
2024-10-31,505431,LVL1
2024-10-31,505860,LVL3
2024-10-31,505970,LVL3
2024-10-31,506367,LVL1
2024-10-31,506546,LVL1
2024-10-31,506658,LVL3
2024-10-31,506674,LVL3
2024-10-31,506681,LVL1
2024-10-31,506737,LVL3
2024-10-31,506872,LVL1
2024-10-31,507004,LVL3
2024-10-31,507581,LVL3
2024-10-31,507627,LVL1
2024-10-31,507674,LVL1
2024-10-31,507741,LVL1
2024-10-31,508176,LVL3
2024-10-31,508223,LVL1
2024-10-31,508279,LVL3
2024-10-31,508648,LVL1
2024-10-31,508783,LVL1
2024-10-31,508896,LVL1
2024-10-31,509021,LVL3
2024-10-31,509384,LVL3
2024-10-31,509448,LVL3
2024-10-31,509589,LVL3
2024-10-31,509690,LVL1
2024-10-31,509751,LVL1
2024-10-31,509846,LVL1
2024-10-31,510093,LVL1
2024-10-31,510281,LVL1
2024-10-31,510284,LVL1
2024-10-31,510458,LVL1
2024-10-31,510496,LVL3
2024-10-31,510633,LVL1
2024-10-31,510711,LVL1
2024-10-31,510728,LVL3
2024-10-31,511007,LVL2
2024-10-31,511012,LVL1
2024-10-31,511157,LVL3
2024-10-31,511279,LVL1
2024-10-31,511308,LVL1
2024-10-31,511344,LVL1
2024-10-31,511502,LVL1
2024-10-31,511606,LVL1
2024-10-31,511934,LVL1
2024-10-31,512037,LVL3
2024-10-31,512171,LVL1
2024-10-31,512186,LVL1
2024-10-31,512240,LVL1
2024-10-31,512290,LVL3
2024-10-31,512297,LVL3
2024-10-31,512455,LVL1
2024-10-31,512609,LVL3
2024-10-31,512653,LVL3
2024-10-31,512771,LVL1
2024-10-31,512778,LVL1
2024-10-31,512829,LVL3
2024-10-31,512833,LVL1
2024-10-31,512842,LVL3
2024-10-31,513090,LVL1
2024-10-31,513127,LVL1
2024-10-31,513163,LVL1
2024-10-31,513166,LVL1
2024-10-31,513178,LVL1
2024-10-31,513451,LVL1
2024-10-31,513534,LVL1
2024-10-31,513546,LVL1
2024-10-31,513613,LVL3
2024-10-31,513740,LVL3
2024-10-31,513773,LVL1
2024-10-31,513775,LVL3
2024-10-31,513842,LVL1
2024-10-31,513977,LVL1
2024-10-31,514170,LVL1
2024-10-31,514171,LVL1
2024-10-31,514272,LVL3
2024-10-31,514423,LVL1
2024-10-31,514560,LVL3
2024-10-31,514655,LVL1
2024-10-31,514787,LVL3
2024-10-31,514874,LVL1
2024-10-31,515010,LVL3
2024-10-31,515098,LVL3
2024-10-31,515130,LVL1
2024-10-31,515140,LVL1
2024-10-31,515435,LVL1
2024-10-31,515468,LVL1
2024-10-31,515511,LVL1
2024-10-31,515519,LVL3
2024-10-31,515590,LVL2
2024-10-31,515626,LVL3
2024-10-31,515628,LVL1
2024-10-31,515777,LVL1
2024-10-31,515783,LVL1
2024-10-31,515864,LVL3
2024-10-31,515932,LVL1
2024-10-31,515957,LVL1
2024-10-31,516022,LVL2
2024-10-31,516060,LVL1
2024-10-31,516084,LVL3
2024-10-31,516088,LVL1
2024-10-31,516127,LVL1
2024-10-31,516134,LVL1
2024-10-31,516304,LVL1
2024-10-31,516351,LVL1
2024-10-31,516626,LVL1
2024-10-31,516834,LVL3
2024-10-31,516903,LVL1
2024-10-31,516989,LVL1
2024-10-31,516996,LVL3
2024-10-31,517002,LVL3
2024-10-31,517003,LVL1
2024-10-31,517068,LVL2
2024-10-31,517096,LVL3
2024-10-31,517098,LVL2
2024-10-31,517247,LVL3
2024-10-31,517258,LVL1
2024-10-31,517273,LVL1
2024-10-31,517412,LVL3
2024-10-31,517486,LVL3
2024-10-31,517510,LVL3
2024-10-31,517539,LVL1
2024-10-31,517579,LVL2
2024-10-31,517710,LVL2
2024-10-31,517760,LVL1
2024-10-31,517816,LVL2
2024-10-31,517888,LVL3
2024-10-31,517967,LVL3
2024-10-31,518017,LVL1
2024-10-31,518040,LVL1
2024-10-31,518047,LVL1
2024-10-31,518108,LVL1
2024-10-31,518141,LVL3
2024-10-31,518195,LVL1
2024-10-31,518286,LVL3
2024-10-31,518292,LVL1
2024-10-31,518393,LVL1
2024-10-31,518473,LVL1
2024-10-31,518608,LVL2
2024-10-31,518642,LVL1
2024-10-31,518686,LVL1
2024-10-31,518799,LVL1
2024-10-31,518835,LVL3
2024-10-31,518922,LVL1
2024-10-31,519137,LVL1
2024-10-31,519158,LVL3
2024-10-31,519163,LVL3
2024-10-31,519198,LVL1
2024-10-31,519251,LVL1
2024-10-31,519348,LVL1
2024-10-31,519350,LVL1
2024-10-31,519460,LVL2
2024-10-31,519473,LVL1
2024-10-31,519495,LVL1
2024-10-31,519502,LVL1
2024-10-31,519541,LVL3
2024-10-31,519560,LVL1
2024-10-31,519566,LVL1
2024-10-31,519571,LVL1
2024-10-31,519594,LVL3
2024-10-31,519600,LVL2
2024-10-31,519623,LVL3
2024-10-31,519645,LVL1
2024-10-31,519688,LVL3
2024-10-31,519744,LVL1
2024-10-31,519766,LVL1
2024-10-31,519982,LVL1
2024-10-31,520032,LVL1
2024-10-31,520121,LVL2
2024-10-31,520157,LVL1
2024-10-31,520370,LVL1
2024-10-31,520458,LVL1
2024-10-31,520582,LVL1
2024-10-31,520632,LVL1
2024-10-31,520707,LVL1
2024-10-31,520783,LVL1
2024-10-31,520807,LVL1
2024-10-31,520839,LVL3
2024-11-30,500017,LVL3
2024-11-30,500909,LVL1
2024-11-30,503264,LVL1
2024-11-30,503595,LVL2
2024-11-30,503641,LVL1
2024-11-30,503701,LVL3
2024-11-30,503817,LVL3
2024-11-30,504087,LVL1
2024-11-30,505036,LVL1
2024-11-30,505312,LVL1
2024-11-30,505331,LVL1
2024-11-30,505421,LVL1
2024-11-30,505658,LVL3
2024-11-30,505973,LVL3
2024-11-30,507193,LVL3
2024-11-30,507685,LVL1
2024-11-30,508085,LVL1
2024-11-30,508161,LVL1
2024-11-30,508239,LVL1
2024-11-30,508297,LVL3
2024-11-30,508589,LVL1
2024-11-30,508608,LVL3
2024-11-30,508727,LVL3
2024-11-30,508850,LVL1
2024-11-30,508894,LVL1
2024-11-30,509032,LVL2
2024-11-30,509062,LVL3
2024-11-30,509465,LVL1
2024-11-30,509477,LVL3
2024-11-30,509492,LVL1
2024-11-30,509497,LVL1
2024-11-30,509514,LVL3
2024-11-30,509693,LVL1
2024-11-30,510433,LVL3
2024-11-30,510462,LVL1
2024-11-30,510469,LVL3
2024-11-30,510579,LVL1
2024-11-30,510678,LVL1
2024-11-30,510771,LVL1
2024-11-30,510846,LVL3
2024-11-30,511204,LVL1
2024-11-30,511427,LVL3
2024-11-30,511556,LVL1
2024-11-30,511571,LVL1
2024-11-30,511711,LVL3
2024-11-30,511757,LVL1
2024-11-30,511770,LVL1
2024-11-30,512103,LVL3
2024-11-30,512296,LVL1
2024-11-30,512302,LVL3
2024-11-30,512421,LVL1
2024-11-30,512521,LVL1
2024-11-30,512606,LVL3
2024-11-30,512697,LVL1
2024-11-30,512973,LVL3
2024-11-30,513085,LVL1
2024-11-30,513387,LVL1
2024-11-30,513492,LVL1
2024-11-30,513727,LVL3
2024-11-30,513803,LVL3
2024-11-30,513894,LVL1
2024-11-30,514003,LVL1
2024-11-30,514036,LVL1
2024-11-30,514087,LVL3
2024-11-30,514090,LVL1
2024-11-30,514187,LVL1
2024-11-30,514235,LVL3
2024-11-30,514253,LVL1
2024-11-30,514292,LVL3
2024-11-30,514332,LVL1
2024-11-30,514526,LVL1
2024-11-30,514761,LVL1
2024-11-30,514817,LVL3
2024-11-30,514845,LVL1
2024-11-30,515051,LVL1
2024-11-30,515166,LVL3
2024-11-30,515206,LVL1
2024-11-30,515406,LVL1
2024-11-30,515479,LVL2
2024-11-30,515691,LVL1
2024-11-30,515754,LVL2
2024-11-30,515769,LVL3
2024-11-30,515795,LVL1
2024-11-30,515812,LVL1
2024-11-30,515830,LVL3
2024-11-30,515869,LVL1
2024-11-30,515962,LVL3
2024-11-30,516008,LVL1
2024-11-30,516039,LVL1
2024-11-30,516056,LVL1
2024-11-30,516063,LVL1
2024-11-30,516206,LVL1
2024-11-30,516210,LVL3
2024-11-30,516264,LVL2
2024-11-30,516495,LVL1
2024-11-30,516507,LVL1
2024-11-30,516588,LVL2
2024-11-30,516604,LVL3
2024-11-30,516626,LVL3
2024-11-30,516655,LVL1
2024-11-30,516947,LVL1
2024-11-30,516961,LVL1
2024-11-30,516986,LVL1
2024-11-30,517073,LVL1
2024-11-30,517115,LVL1
2024-11-30,517304,LVL3
2024-11-30,517337,LVL3
2024-11-30,517465,LVL1
2024-11-30,517471,LVL1
2024-11-30,517506,LVL1
2024-11-30,517526,LVL1
2024-11-30,517598,LVL1
2024-11-30,517611,LVL1
2024-11-30,517646,LVL1
2024-11-30,517771,LVL1
2024-11-30,517838,LVL3
2024-11-30,517875,LVL1
2024-11-30,517941,LVL1
2024-11-30,518047,LVL1
2024-11-30,518168,LVL1
2024-11-30,518198,LVL3
2024-11-30,518265,LVL1
2024-11-30,518268,LVL1
2024-11-30,518319,LVL1
2024-11-30,518335,LVL1
2024-11-30,518344,LVL1
2024-11-30,518348,LVL3
2024-11-30,518431,LVL1
2024-11-30,518581,LVL1
2024-11-30,518600,LVL3
2024-11-30,518635,LVL3
2024-11-30,518665,LVL3
2024-11-30,518677,LVL1
2024-11-30,518748,LVL1
2024-11-30,518902,LVL1
2024-11-30,518938,LVL3
2024-11-30,518984,LVL2
2024-11-30,518989,LVL1
2024-11-30,519011,LVL1
2024-11-30,519043,LVL1
2024-11-30,519082,LVL1
2024-11-30,519103,LVL1
2024-11-30,519109,LVL2
2024-11-30,519135,LVL3
2024-11-30,519191,LVL1
2024-11-30,519255,LVL1
2024-11-30,519286,LVL1
2024-11-30,519315,LVL1
2024-11-30,519320,LVL1
2024-11-30,519430,LVL1
2024-11-30,519500,LVL1
2024-11-30,519641,LVL1
2024-11-30,519682,LVL3
2024-11-30,519811,LVL1
2024-11-30,519831,LVL3
2024-11-30,519889,LVL3
2024-11-30,520125,LVL1
2024-11-30,520364,LVL1
2024-11-30,520372,LVL1
2024-11-30,520399,LVL1
2024-11-30,520536,LVL1
2024-11-30,520580,LVL3
2024-11-30,520820,LVL1
2024-11-30,520837,LVL3
2024-11-30,520869,LVL3
2024-11-30,520886,LVL1
2024-11-30,520896,LVL1
2024-11-30,521025,LVL3
2024-11-30,521066,LVL1
2024-11-30,521225,LVL1
2024-11-30,521229,LVL1
2024-11-30,521292,LVL2
2024-12-31,500712,LVL3
2024-12-31,501256,LVL1
2024-12-31,501568,LVL1
2024-12-31,502002,LVL1
2024-12-31,502934,LVL3
2024-12-31,503366,LVL3
2024-12-31,503955,LVL3
2024-12-31,504189,LVL1
2024-12-31,504275,LVL1
2024-12-31,505300,LVL3
2024-12-31,505460,LVL1
2024-12-31,505698,LVL1
2024-12-31,506142,LVL1
2024-12-31,506571,LVL1
2024-12-31,507460,LVL1
2024-12-31,507902,LVL1
2024-12-31,507908,LVL1
2024-12-31,508243,LVL1
2024-12-31,508400,LVL3
2024-12-31,508403,LVL1
2024-12-31,508658,LVL3
2024-12-31,508676,LVL3
2024-12-31,508813,LVL3
2024-12-31,508856,LVL1
2024-12-31,509110,LVL1
2024-12-31,509123,LVL3
2024-12-31,509465,LVL1
2024-12-31,509466,LVL1
2024-12-31,509737,LVL3
2024-12-31,509757,LVL1
2024-12-31,510253,LVL3
2024-12-31,510364,LVL1
2024-12-31,510365,LVL3
2024-12-31,510436,LVL1
2024-12-31,510845,LVL3
2024-12-31,510876,LVL1
2024-12-31,510878,LVL1
2024-12-31,510961,LVL1
2024-12-31,511017,LVL1
2024-12-31,511317,LVL1
2024-12-31,511382,LVL1
2024-12-31,511427,LVL3
2024-12-31,511510,LVL1
2024-12-31,511718,LVL1
2024-12-31,512114,LVL1
2024-12-31,512332,LVL1
2024-12-31,512360,LVL3
2024-12-31,512493,LVL3
2024-12-31,512731,LVL1
2024-12-31,512833,LVL1
2024-12-31,512892,LVL1
2024-12-31,512903,LVL1
2024-12-31,512934,LVL3
2024-12-31,513374,LVL1
2024-12-31,513515,LVL1
2024-12-31,513589,LVL1
2024-12-31,513648,LVL1
2024-12-31,514035,LVL1
2024-12-31,514154,LVL3
2024-12-31,514160,LVL3
2024-12-31,514333,LVL1
2024-12-31,514423,LVL1
2024-12-31,514482,LVL3
2024-12-31,514486,LVL1
2024-12-31,514491,LVL3
2024-12-31,514885,LVL3
2024-12-31,514953,LVL1
2024-12-31,515075,LVL1
2024-12-31,515096,LVL3
2024-12-31,515128,LVL1
2024-12-31,515250,LVL1
2024-12-31,515266,LVL3
2024-12-31,515319,LVL1
2024-12-31,515320,LVL3
2024-12-31,515323,LVL1
2024-12-31,515354,LVL1
2024-12-31,515413,LVL3
2024-12-31,515645,LVL1
2024-12-31,515649,LVL1
2024-12-31,515828,LVL1
2024-12-31,515855,LVL1
2024-12-31,515860,LVL1
2024-12-31,515871,LVL3
2024-12-31,516060,LVL3
2024-12-31,516071,LVL1
2024-12-31,516137,LVL1
2024-12-31,516171,LVL1
2024-12-31,516199,LVL1
2024-12-31,516233,LVL1
2024-12-31,516258,LVL1
2024-12-31,516564,LVL1
2024-12-31,516643,LVL3
2024-12-31,516656,LVL2
2024-12-31,516664,LVL1
2024-12-31,516672,LVL1
2024-12-31,516752,LVL3
2024-12-31,516879,LVL3
2024-12-31,516941,LVL2
2024-12-31,517081,LVL1
2024-12-31,517108,LVL1
2024-12-31,517229,LVL1
2024-12-31,517341,LVL3
2024-12-31,517415,LVL1
2024-12-31,517680,LVL3
2024-12-31,517712,LVL1
2024-12-31,517848,LVL3
2024-12-31,517861,LVL1
2024-12-31,517926,LVL3
2024-12-31,517930,LVL3
2024-12-31,517975,LVL1
2024-12-31,518035,LVL2
2024-12-31,518084,LVL3
2024-12-31,518101,LVL1
2024-12-31,518126,LVL1
2024-12-31,518127,LVL1
2024-12-31,518176,LVL1
2024-12-31,518224,LVL3
2024-12-31,518279,LVL1
2024-12-31,518280,LVL3
2024-12-31,518367,LVL1
2024-12-31,518414,LVL3
2024-12-31,518467,LVL1
2024-12-31,518514,LVL1
2024-12-31,518519,LVL3
2024-12-31,518561,LVL1
2024-12-31,518624,LVL3
2024-12-31,518855,LVL1
2024-12-31,519214,LVL1
2024-12-31,519276,LVL3
2024-12-31,519311,LVL3
2024-12-31,519326,LVL1
2024-12-31,519383,LVL1
2024-12-31,519515,LVL3
2024-12-31,519628,LVL2
2024-12-31,519727,LVL1
2024-12-31,519783,LVL1
2024-12-31,519832,LVL3
2024-12-31,519842,LVL2
2024-12-31,519987,LVL1
2024-12-31,520002,LVL1
2024-12-31,520079,LVL1
2024-12-31,520087,LVL1
2024-12-31,520187,LVL3
2024-12-31,520257,LVL1
2024-12-31,520289,LVL1
2024-12-31,520304,LVL1
2024-12-31,520332,LVL3
2024-12-31,520391,LVL2
2024-12-31,520451,LVL1
2024-12-31,520608,LVL2
2024-12-31,520636,LVL1
2024-12-31,520723,LVL1
2024-12-31,520741,LVL1
2024-12-31,520860,LVL1
2024-12-31,520900,LVL1
2024-12-31,520997,LVL3
2024-12-31,521027,LVL1
2024-12-31,521132,LVL1
2024-12-31,521158,LVL1
2024-12-31,521366,LVL3
2024-12-31,521377,LVL1
2024-12-31,521415,LVL1
2024-12-31,521452,LVL1
2024-12-31,521458,LVL1
2024-12-31,521564,LVL1
2024-12-31,521605,LVL1
2024-12-31,521678,LVL3
2025-01-31,500218,LVL1
2025-01-31,500782,LVL2
2025-01-31,501379,LVL1
2025-01-31,501712,LVL1
2025-01-31,502092,LVL3
2025-01-31,502232,LVL1
2025-01-31,502248,LVL1
2025-01-31,502508,LVL1
2025-01-31,502746,LVL1
2025-01-31,503315,LVL3
2025-01-31,503987,LVL1
2025-01-31,504042,LVL1
2025-01-31,504498,LVL1
2025-01-31,504644,LVL1
2025-01-31,504716,LVL1
2025-01-31,504840,LVL3
2025-01-31,505961,LVL1
2025-01-31,506148,LVL1
2025-01-31,506237,LVL1
2025-01-31,506472,LVL3
2025-01-31,506909,LVL1
2025-01-31,507235,LVL1
2025-01-31,508447,LVL1
2025-01-31,508453,LVL1
2025-01-31,508489,LVL3
2025-01-31,508826,LVL1
2025-01-31,508893,LVL3
2025-01-31,508944,LVL3
2025-01-31,509226,LVL3
2025-01-31,509364,LVL3
2025-01-31,509687,LVL3
2025-01-31,509800,LVL1
2025-01-31,510379,LVL2
2025-01-31,510602,LVL1
2025-01-31,511002,LVL2
2025-01-31,511525,LVL1
2025-01-31,511526,LVL3
2025-01-31,511668,LVL3
2025-01-31,511678,LVL1
2025-01-31,511974,LVL1
2025-01-31,512064,LVL1
2025-01-31,512099,LVL1
2025-01-31,512297,LVL3
2025-01-31,512348,LVL3
2025-01-31,512360,LVL3
2025-01-31,512393,LVL1
2025-01-31,512746,LVL3
2025-01-31,512764,LVL2
2025-01-31,512869,LVL3
2025-01-31,512930,LVL3
2025-01-31,512981,LVL1
2025-01-31,513097,LVL1
2025-01-31,513259,LVL1
2025-01-31,513672,LVL1
2025-01-31,513723,LVL3
2025-01-31,513918,LVL1
2025-01-31,514017,LVL1
2025-01-31,514049,LVL3
2025-01-31,514060,LVL3
2025-01-31,514222,LVL3
2025-01-31,514345,LVL1
2025-01-31,514383,LVL2
2025-01-31,514397,LVL3
2025-01-31,514423,LVL3
2025-01-31,514425,LVL3
2025-01-31,514480,LVL3
2025-01-31,514515,LVL1
2025-01-31,514527,LVL1
2025-01-31,514663,LVL1
2025-01-31,514669,LVL1
2025-01-31,514759,LVL3
2025-01-31,514761,LVL3
2025-01-31,514803,LVL2
2025-01-31,514839,LVL1
2025-01-31,514878,LVL1
2025-01-31,515014,LVL1
2025-01-31,515144,LVL1
2025-01-31,515180,LVL1
2025-01-31,515202,LVL3
2025-01-31,515222,LVL1
2025-01-31,515320,LVL1
2025-01-31,515429,LVL3
2025-01-31,515466,LVL3
2025-01-31,515481,LVL3
2025-01-31,515547,LVL3
2025-01-31,515764,LVL1
2025-01-31,515883,LVL1
2025-01-31,515893,LVL1
2025-01-31,515907,LVL3
2025-01-31,516039,LVL1
2025-01-31,516116,LVL1
2025-01-31,516290,LVL2
2025-01-31,516357,LVL3
2025-01-31,516370,LVL3
2025-01-31,516372,LVL1
2025-01-31,516425,LVL3
2025-01-31,516602,LVL1
2025-01-31,516709,LVL3
2025-01-31,516723,LVL1
2025-01-31,516777,LVL3
2025-01-31,516809,LVL3
2025-01-31,516871,LVL1
2025-01-31,516889,LVL1
2025-01-31,517048,LVL1
2025-01-31,517081,LVL3
2025-01-31,517094,LVL1
2025-01-31,517118,LVL1
2025-01-31,517296,LVL1
2025-01-31,517452,LVL1
2025-01-31,517639,LVL1
2025-01-31,517710,LVL3
2025-01-31,517732,LVL1
2025-01-31,517880,LVL1
2025-01-31,517910,LVL1
2025-01-31,518004,LVL1
2025-01-31,518055,LVL1
2025-01-31,518143,LVL1
2025-01-31,518339,LVL1
2025-01-31,518340,LVL1
2025-01-31,518374,LVL3
2025-01-31,518424,LVL1
2025-01-31,518495,LVL1
2025-01-31,518553,LVL1
2025-01-31,518631,LVL1
2025-01-31,518961,LVL3
2025-01-31,519089,LVL3
2025-01-31,519092,LVL1
2025-01-31,519203,LVL1
2025-01-31,519445,LVL3
2025-01-31,519580,LVL1
2025-01-31,519633,LVL1
2025-01-31,519634,LVL3
2025-01-31,519672,LVL3
2025-01-31,519700,LVL1
2025-01-31,519726,LVL1
2025-01-31,519760,LVL3
2025-01-31,519803,LVL1
2025-01-31,519897,LVL1
2025-01-31,519977,LVL1
2025-01-31,520187,LVL3
2025-01-31,520229,LVL3
2025-01-31,520262,LVL1
2025-01-31,520266,LVL1
2025-01-31,520296,LVL3
2025-01-31,520334,LVL1
2025-01-31,520353,LVL1
2025-01-31,520384,LVL1
2025-01-31,520465,LVL3
2025-01-31,520490,LVL2
2025-01-31,520541,LVL3
2025-01-31,520548,LVL1
2025-01-31,520587,LVL1
2025-01-31,520642,LVL1
2025-01-31,520883,LVL1
2025-01-31,520954,LVL1
2025-01-31,520960,LVL3
2025-01-31,521050,LVL3
2025-01-31,521163,LVL1
2025-01-31,521213,LVL1
2025-01-31,521327,LVL2
2025-01-31,521344,LVL1
2025-01-31,521360,LVL1
2025-01-31,521371,LVL1
2025-01-31,521373,LVL2
2025-01-31,521440,LVL1
2025-01-31,521474,LVL3
2025-01-31,521521,LVL2
2025-01-31,521531,LVL2
2025-01-31,521540,LVL1
2025-01-31,521568,LVL1
2025-01-31,521583,LVL1
2025-01-31,521863,LVL1
2025-01-31,521924,LVL1
2025-01-31,521972,LVL1
2025-01-31,522053,LVL1
2025-02-28,501408,LVL3
2025-02-28,501874,LVL1
2025-02-28,501932,LVL1
2025-02-28,503164,LVL1
2025-02-28,503232,LVL3
2025-02-28,503460,LVL1
2025-02-28,504037,LVL1
2025-02-28,504173,LVL1
2025-02-28,504210,LVL3
2025-02-28,504457,LVL1
2025-02-28,504903,LVL1
2025-02-28,505714,LVL3
2025-02-28,506613,LVL1
2025-02-28,506731,LVL1
2025-02-28,506821,LVL1
2025-02-28,507024,LVL1
2025-02-28,507445,LVL3
2025-02-28,507936,LVL3
2025-02-28,507963,LVL3
2025-02-28,508691,LVL3
2025-02-28,508954,LVL3
2025-02-28,509219,LVL3
2025-02-28,509367,LVL1
2025-02-28,509441,LVL1
2025-02-28,509476,LVL1
2025-02-28,509518,LVL1
2025-02-28,509714,LVL1
2025-02-28,509759,LVL1
2025-02-28,509788,LVL1
2025-02-28,509821,LVL2
2025-02-28,510320,LVL3
2025-02-28,510450,LVL3
2025-02-28,510483,LVL3
2025-02-28,510589,LVL3
2025-02-28,510620,LVL1
2025-02-28,510652,LVL1
2025-02-28,510696,LVL3
2025-02-28,510917,LVL1
2025-02-28,511121,LVL1
2025-02-28,511188,LVL1
2025-02-28,511366,LVL3
2025-02-28,511431,LVL1
2025-02-28,511545,LVL3
2025-02-28,511900,LVL3
2025-02-28,512053,LVL1
2025-02-28,512069,LVL1
2025-02-28,512289,LVL3
2025-02-28,512505,LVL3
2025-02-28,512643,LVL3
2025-02-28,512655,LVL1
2025-02-28,512707,LVL3
2025-02-28,512722,LVL2
2025-02-28,512921,LVL3
2025-02-28,512989,LVL1
2025-02-28,513008,LVL3
2025-02-28,513452,LVL2
2025-02-28,513663,LVL3
2025-02-28,513878,LVL1
2025-02-28,513928,LVL3
2025-02-28,514005,LVL1
2025-02-28,514111,LVL1
2025-02-28,514205,LVL3
2025-02-28,514291,LVL1
2025-02-28,514318,LVL1
2025-02-28,514345,LVL1
2025-02-28,514357,LVL3
2025-02-28,514484,LVL1
2025-02-28,514522,LVL3
2025-02-28,514725,LVL3
2025-02-28,514782,LVL1
2025-02-28,514838,LVL1
2025-02-28,514866,LVL1
2025-02-28,515061,LVL3
2025-02-28,515301,LVL1
2025-02-28,515314,LVL1
2025-02-28,515511,LVL1
2025-02-28,515590,LVL3
2025-02-28,515595,LVL1
2025-02-28,515695,LVL3
2025-02-28,515741,LVL3
2025-02-28,515787,LVL1
2025-02-28,515867,LVL1
2025-02-28,515917,LVL1
2025-02-28,515921,LVL2
2025-02-28,515938,LVL1
2025-02-28,516189,LVL3
2025-02-28,516328,LVL3
2025-02-28,516405,LVL2
2025-02-28,516507,LVL1
2025-02-28,516604,LVL3
2025-02-28,516606,LVL1
2025-02-28,516811,LVL3
2025-02-28,516965,LVL1
2025-02-28,517197,LVL1
2025-02-28,517285,LVL3
2025-02-28,517364,LVL2
2025-02-28,517371,LVL3
2025-02-28,517399,LVL1
2025-02-28,517560,LVL1
2025-02-28,517610,LVL1
2025-02-28,517825,LVL1
2025-02-28,517878,LVL1
2025-02-28,517893,LVL3
2025-02-28,517957,LVL1
2025-02-28,518276,LVL3
2025-02-28,518359,LVL3
2025-02-28,518481,LVL1
2025-02-28,518497,LVL1
2025-02-28,518523,LVL3
2025-02-28,518539,LVL3
2025-02-28,518580,LVL1
2025-02-28,518670,LVL1
2025-02-28,518800,LVL1
2025-02-28,518830,LVL1
2025-02-28,519010,LVL3
2025-02-28,519127,LVL3
2025-02-28,519234,LVL1
2025-02-28,519277,LVL1
2025-02-28,519354,LVL3
2025-02-28,519406,LVL3
2025-02-28,519460,LVL3
2025-02-28,519497,LVL1
2025-02-28,519505,LVL1
2025-02-28,519576,LVL1
2025-02-28,519756,LVL1
2025-02-28,519802,LVL3
2025-02-28,519813,LVL1
2025-02-28,519872,LVL1
2025-02-28,519918,LVL3
2025-02-28,519925,LVL1
2025-02-28,519950,LVL1
2025-02-28,519966,LVL1
2025-02-28,520067,LVL3
2025-02-28,520233,LVL3
2025-02-28,520312,LVL1
2025-02-28,520365,LVL1
2025-02-28,520368,LVL1
2025-02-28,520451,LVL1
2025-02-28,520497,LVL1
2025-02-28,520503,LVL1
2025-02-28,520523,LVL1
2025-02-28,520772,LVL1
2025-02-28,520773,LVL3
2025-02-28,520874,LVL3
2025-02-28,520962,LVL3
2025-02-28,521127,LVL1
2025-02-28,521290,LVL1
2025-02-28,521441,LVL1
2025-02-28,521550,LVL1
2025-02-28,521585,LVL1
2025-02-28,521640,LVL1
2025-02-28,521656,LVL1
2025-02-28,521852,LVL1
2025-02-28,521919,LVL1
2025-02-28,522091,LVL1
2025-02-28,522366,LVL1
2025-02-28,522369,LVL1
2025-02-28,522377,LVL2
2025-02-28,522482,LVL1
2025-03-31,502001,LVL1
2025-03-31,502778,LVL2
2025-03-31,503694,LVL3
2025-03-31,503718,LVL3
2025-03-31,503932,LVL3
2025-03-31,504067,LVL3
2025-03-31,504975,LVL1
2025-03-31,505157,LVL3
2025-03-31,505351,LVL1
2025-03-31,505376,LVL1
2025-03-31,505757,LVL3
2025-03-31,505931,LVL1
2025-03-31,505968,LVL3
2025-03-31,506276,LVL1
2025-03-31,506972,LVL3
2025-03-31,507065,LVL1
2025-03-31,507272,LVL1
2025-03-31,507416,LVL3
2025-03-31,508010,LVL1
2025-03-31,508048,LVL1
2025-03-31,508089,LVL1
2025-03-31,508179,LVL1
2025-03-31,508239,LVL3
2025-03-31,508582,LVL1
2025-03-31,508760,LVL1
2025-03-31,509469,LVL3
2025-03-31,509655,LVL1
2025-03-31,509724,LVL1
2025-03-31,509908,LVL1
2025-03-31,509956,LVL1
2025-03-31,510696,LVL1
2025-03-31,510759,LVL1
2025-03-31,510874,LVL3
2025-03-31,510875,LVL1
2025-03-31,511010,LVL1
2025-03-31,511067,LVL1
2025-03-31,511541,LVL2
2025-03-31,512069,LVL1
2025-03-31,512313,LVL1
2025-03-31,512616,LVL1
2025-03-31,513097,LVL1
2025-03-31,513198,LVL3
2025-03-31,513209,LVL1
2025-03-31,513258,LVL1
2025-03-31,513275,LVL1
2025-03-31,513513,LVL3
2025-03-31,513524,LVL1
2025-03-31,513668,LVL1
2025-03-31,513711,LVL3
2025-03-31,514007,LVL3
2025-03-31,514067,LVL3
2025-03-31,514072,LVL1
2025-03-31,514331,LVL3
2025-03-31,514364,LVL3
2025-03-31,514403,LVL1
2025-03-31,514681,LVL3
2025-03-31,514708,LVL1
2025-03-31,514719,LVL1
2025-03-31,514804,LVL3
2025-03-31,514860,LVL1
2025-03-31,514881,LVL3
2025-03-31,514883,LVL1
2025-03-31,515087,LVL2
2025-03-31,515177,LVL3
2025-03-31,515235,LVL3
2025-03-31,515361,LVL1
2025-03-31,515622,LVL3
2025-03-31,515697,LVL1
2025-03-31,515791,LVL2
2025-03-31,515879,LVL1
2025-03-31,516016,LVL3
2025-03-31,516022,LVL3
2025-03-31,516170,LVL2
2025-03-31,516438,LVL1
2025-03-31,516510,LVL1
2025-03-31,516790,LVL2
2025-03-31,516830,LVL1
2025-03-31,516847,LVL1
2025-03-31,516903,LVL2
2025-03-31,516971,LVL3
2025-03-31,517018,LVL1
2025-03-31,517035,LVL1
2025-03-31,517071,LVL2
2025-03-31,517199,LVL3
2025-03-31,517277,LVL1
2025-03-31,517329,LVL3
2025-03-31,517364,LVL3
2025-03-31,517448,LVL3
2025-03-31,517499,LVL3
2025-03-31,517532,LVL3
2025-03-31,517549,LVL2
2025-03-31,517603,LVL1
2025-03-31,517664,LVL1
2025-03-31,517792,LVL1
2025-03-31,517873,LVL2
2025-03-31,518148,LVL2
2025-03-31,518169,LVL1
2025-03-31,518229,LVL1
2025-03-31,518296,LVL1
2025-03-31,518344,LVL3
2025-03-31,518440,LVL1
2025-03-31,518446,LVL1
2025-03-31,518556,LVL1
2025-03-31,518640,LVL2
2025-03-31,518715,LVL1
2025-03-31,518797,LVL3
2025-03-31,518988,LVL3
2025-03-31,519013,LVL1
2025-03-31,519111,LVL1
2025-03-31,519142,LVL1
2025-03-31,519217,LVL3
2025-03-31,519226,LVL1
2025-03-31,519265,LVL3
2025-03-31,519304,LVL3
2025-03-31,519366,LVL3
2025-03-31,519376,LVL2
2025-03-31,519407,LVL1
2025-03-31,519570,LVL3
2025-03-31,519609,LVL3
2025-03-31,519653,LVL3
2025-03-31,519727,LVL1
2025-03-31,519820,LVL1
2025-03-31,519856,LVL3
2025-03-31,519952,LVL1
2025-03-31,520113,LVL1
2025-03-31,520168,LVL3
2025-03-31,520346,LVL3
2025-03-31,520412,LVL1
2025-03-31,520422,LVL1
2025-03-31,520480,LVL1
2025-03-31,520509,LVL1
2025-03-31,520624,LVL3
2025-03-31,520715,LVL1
2025-03-31,520731,LVL3
2025-03-31,520892,LVL1
2025-03-31,520916,LVL1
2025-03-31,520936,LVL3
2025-03-31,521019,LVL1
2025-03-31,521038,LVL1
2025-03-31,521045,LVL1
2025-03-31,521074,LVL2
2025-03-31,521129,LVL2
2025-03-31,521237,LVL2
2025-03-31,521250,LVL3
2025-03-31,521399,LVL1
2025-03-31,521408,LVL1
2025-03-31,521415,LVL1
2025-03-31,521428,LVL1
2025-03-31,521515,LVL1
2025-03-31,521559,LVL3
2025-03-31,521565,LVL3
2025-03-31,521711,LVL3
2025-03-31,521867,LVL1
2025-03-31,521887,LVL1
2025-03-31,521935,LVL1
2025-03-31,521990,LVL1
2025-03-31,521994,LVL1
2025-03-31,522043,LVL1
2025-03-31,522109,LVL1
2025-03-31,522124,LVL1
2025-03-31,522131,LVL3
2025-03-31,522142,LVL1
2025-03-31,522193,LVL1
2025-03-31,522204,LVL3
2025-03-31,522474,LVL1
2025-03-31,522743,LVL1
2025-04-30,500646,LVL2
2025-04-30,502765,LVL3
2025-04-30,502891,LVL1
2025-04-30,502926,LVL1
2025-04-30,503400,LVL3
2025-04-30,503537,LVL1
2025-04-30,504252,LVL1
2025-04-30,504254,LVL3
2025-04-30,504461,LVL1
2025-04-30,504512,LVL3
2025-04-30,504977,LVL2
2025-04-30,505091,LVL1
2025-04-30,505206,LVL1
2025-04-30,506362,LVL1
2025-04-30,507131,LVL1
2025-04-30,507845,LVL1
2025-04-30,507986,LVL3
2025-04-30,508050,LVL3
2025-04-30,508429,LVL1
2025-04-30,508533,LVL3
2025-04-30,508882,LVL1
2025-04-30,508964,LVL3
2025-04-30,508991,LVL1
2025-04-30,509233,LVL1
2025-04-30,509317,LVL1
2025-04-30,509479,LVL3
2025-04-30,509610,LVL1
2025-04-30,509639,LVL1
2025-04-30,509989,LVL1
2025-04-30,510036,LVL1
2025-04-30,510164,LVL1
2025-04-30,511012,LVL1
2025-04-30,511017,LVL3
2025-04-30,511256,LVL1
2025-04-30,511321,LVL1
2025-04-30,511526,LVL1
2025-04-30,511571,LVL1
2025-04-30,511634,LVL1
2025-04-30,511724,LVL2
2025-04-30,512258,LVL1
2025-04-30,512264,LVL1
2025-04-30,512301,LVL1
2025-04-30,512532,LVL1
2025-04-30,512617,LVL1
2025-04-30,512640,LVL3
2025-04-30,512807,LVL1
2025-04-30,512843,LVL1
2025-04-30,512919,LVL2
2025-04-30,513211,LVL1
2025-04-30,513219,LVL3
2025-04-30,513237,LVL1
2025-04-30,513343,LVL3
2025-04-30,513444,LVL1
2025-04-30,513570,LVL1
2025-04-30,513608,LVL1
2025-04-30,513674,LVL3
2025-04-30,513771,LVL1
2025-04-30,514071,LVL3
2025-04-30,514091,LVL1
2025-04-30,514332,LVL1
2025-04-30,514369,LVL1
2025-04-30,514506,LVL3
2025-04-30,514730,LVL1
2025-04-30,514813,LVL2
2025-04-30,515171,LVL3
2025-04-30,515226,LVL3
2025-04-30,515283,LVL2
2025-04-30,515326,LVL3
2025-04-30,515368,LVL1
2025-04-30,515370,LVL1
2025-04-30,515516,LVL3
2025-04-30,515536,LVL1
2025-04-30,515605,LVL3
2025-04-30,515724,LVL1
2025-04-30,515850,LVL1
2025-04-30,515867,LVL1
2025-04-30,515988,LVL1
2025-04-30,515993,LVL3
2025-04-30,516017,LVL1
2025-04-30,516089,LVL1
2025-04-30,516133,LVL3
2025-04-30,516169,LVL1
2025-04-30,516270,LVL2
2025-04-30,516518,LVL1
2025-04-30,516614,LVL3
2025-04-30,516694,LVL3
2025-04-30,516743,LVL1
2025-04-30,516751,LVL3
2025-04-30,516797,LVL3
2025-04-30,517136,LVL2
2025-04-30,517140,LVL3
2025-04-30,517383,LVL2
2025-04-30,517403,LVL1
2025-04-30,517423,LVL3
2025-04-30,517437,LVL1
2025-04-30,517444,LVL3
2025-04-30,517492,LVL3
2025-04-30,517611,LVL1
2025-04-30,517646,LVL1
2025-04-30,517737,LVL2
2025-04-30,517939,LVL1
2025-04-30,517953,LVL2
2025-04-30,517980,LVL3
2025-04-30,518262,LVL1
2025-04-30,518320,LVL1
2025-04-30,518330,LVL2
2025-04-30,518407,LVL1
2025-04-30,518555,LVL1
2025-04-30,518596,LVL3
2025-04-30,518617,LVL1
2025-04-30,518627,LVL1
2025-04-30,518902,LVL1
2025-04-30,518986,LVL3
2025-04-30,519084,LVL1
2025-04-30,519187,LVL1
2025-04-30,519448,LVL1
2025-04-30,519644,LVL3
2025-04-30,519852,LVL3
2025-04-30,519983,LVL3
2025-04-30,520094,LVL1
2025-04-30,520185,LVL1
2025-04-30,520243,LVL1
2025-04-30,520283,LVL1
2025-04-30,520335,LVL3
2025-04-30,520338,LVL1
2025-04-30,520358,LVL3
2025-04-30,520463,LVL1
2025-04-30,520490,LVL3
2025-04-30,520508,LVL1
2025-04-30,520537,LVL1
2025-04-30,520639,LVL1
2025-04-30,520647,LVL1
2025-04-30,520723,LVL3
2025-04-30,520884,LVL1
2025-04-30,520959,LVL1
2025-04-30,520998,LVL1
2025-04-30,521160,LVL3
2025-04-30,521191,LVL1
2025-04-30,521203,LVL1
2025-04-30,521312,LVL1
2025-04-30,521479,LVL2
2025-04-30,521558,LVL1
2025-04-30,521627,LVL1
2025-04-30,521671,LVL1
2025-04-30,521691,LVL1
2025-04-30,521739,LVL1
2025-04-30,521813,LVL1
2025-04-30,521860,LVL1
2025-04-30,521898,LVL1
2025-04-30,522023,LVL3
2025-04-30,522160,LVL1
2025-04-30,522178,LVL1
2025-04-30,522246,LVL1
2025-04-30,522276,LVL1
2025-04-30,522290,LVL3
2025-04-30,522312,LVL3
2025-04-30,522333,LVL3
2025-04-30,522422,LVL1
2025-04-30,522446,LVL3
2025-04-30,522463,LVL1
2025-04-30,522502,LVL1
2025-04-30,522520,LVL1
2025-04-30,522567,LVL1
2025-04-30,522579,LVL3
2025-04-30,522712,LVL1
2025-04-30,522794,LVL1
2025-04-30,522899,LVL1
2025-04-30,522923,LVL3
2025-04-30,522976,LVL1
2025-04-30,523169,LVL1
2025-05-31,501760,LVL3
2025-05-31,502096,LVL3
2025-05-31,502465,LVL3
2025-05-31,503968,LVL1
2025-05-31,505724,LVL1
2025-05-31,506249,LVL1
2025-05-31,506702,LVL3
2025-05-31,506718,LVL1
2025-05-31,507343,LVL3
2025-05-31,507482,LVL1
2025-05-31,507510,LVL1
2025-05-31,507536,LVL1
2025-05-31,507539,LVL1
2025-05-31,507544,LVL3
2025-05-31,508174,LVL1
2025-05-31,508297,LVL3
2025-05-31,508560,LVL2
2025-05-31,509154,LVL3
2025-05-31,509274,LVL1
2025-05-31,509581,LVL3
2025-05-31,509746,LVL3
2025-05-31,510029,LVL3
2025-05-31,510060,LVL1
2025-05-31,510698,LVL1
2025-05-31,510702,LVL2
2025-05-31,510915,LVL3
2025-05-31,510951,LVL3
2025-05-31,511036,LVL1
2025-05-31,511228,LVL1
2025-05-31,511384,LVL1
2025-05-31,511498,LVL1
2025-05-31,511512,LVL1
2025-05-31,511626,LVL3
2025-05-31,511947,LVL1
2025-05-31,511967,LVL2
2025-05-31,512089,LVL1
2025-05-31,512262,LVL1
2025-05-31,512291,LVL1
2025-05-31,512554,LVL3
2025-05-31,512679,LVL1
2025-05-31,512720,LVL3
2025-05-31,512771,LVL1
2025-05-31,512995,LVL1
2025-05-31,513094,LVL1
2025-05-31,513148,LVL1
2025-05-31,513213,LVL1
2025-05-31,513618,LVL3
2025-05-31,513961,LVL1
2025-05-31,514355,LVL1
2025-05-31,514497,LVL1
2025-05-31,514762,LVL3
2025-05-31,514786,LVL1
2025-05-31,514800,LVL3
2025-05-31,514866,LVL1
2025-05-31,515058,LVL1
2025-05-31,515110,LVL3
2025-05-31,515206,LVL1
2025-05-31,515586,LVL1
2025-05-31,515683,LVL3
2025-05-31,515750,LVL3
2025-05-31,515754,LVL3
2025-05-31,515851,LVL1
2025-05-31,516368,LVL1
2025-05-31,516477,LVL1
2025-05-31,516527,LVL1
2025-05-31,516630,LVL3
2025-05-31,516733,LVL2
2025-05-31,516870,LVL1
2025-05-31,517068,LVL3
2025-05-31,517132,LVL1
2025-05-31,517163,LVL3
2025-05-31,517246,LVL1
2025-05-31,517419,LVL1
2025-05-31,517511,LVL1
2025-05-31,517612,LVL2
2025-05-31,517721,LVL1
2025-05-31,517728,LVL3
2025-05-31,517762,LVL1
2025-05-31,517896,LVL1
2025-05-31,517956,LVL1
2025-05-31,517972,LVL1
2025-05-31,518005,LVL3
2025-05-31,518039,LVL3
2025-05-31,518086,LVL3
2025-05-31,518120,LVL1
2025-05-31,518231,LVL3
2025-05-31,518244,LVL1
2025-05-31,518252,LVL1
2025-05-31,518279,LVL1
2025-05-31,518377,LVL3
2025-05-31,518407,LVL1
2025-05-31,518448,LVL1
2025-05-31,518495,LVL1
2025-05-31,518507,LVL3
2025-05-31,518511,LVL3
2025-05-31,518602,LVL3
2025-05-31,518629,LVL1
2025-05-31,518685,LVL1
2025-05-31,518756,LVL1
2025-05-31,518824,LVL1
2025-05-31,518851,LVL1
2025-05-31,518914,LVL3
2025-05-31,519035,LVL1
2025-05-31,519043,LVL1
2025-05-31,519372,LVL1
2025-05-31,519422,LVL3
2025-05-31,519579,LVL1
2025-05-31,519588,LVL1
2025-05-31,519591,LVL1
2025-05-31,519603,LVL2
2025-05-31,519651,LVL1
2025-05-31,519871,LVL1
2025-05-31,519875,LVL3
2025-05-31,519876,LVL1
2025-05-31,519879,LVL1
2025-05-31,519892,LVL3
2025-05-31,519947,LVL1
2025-05-31,520005,LVL3
2025-05-31,520126,LVL3
2025-05-31,520234,LVL1
2025-05-31,520278,LVL1
2025-05-31,520287,LVL1
2025-05-31,520348,LVL1
2025-05-31,520352,LVL3
2025-05-31,520355,LVL1
2025-05-31,520375,LVL3
2025-05-31,520484,LVL1
2025-05-31,520523,LVL1
2025-05-31,520552,LVL3
2025-05-31,520653,LVL1
2025-05-31,520767,LVL1
2025-05-31,520780,LVL1
2025-05-31,520804,LVL1
2025-05-31,520818,LVL1
2025-05-31,520836,LVL1
2025-05-31,520840,LVL1
2025-05-31,520863,LVL1
2025-05-31,520980,LVL1
2025-05-31,520997,LVL1
2025-05-31,521073,LVL1
2025-05-31,521115,LVL1
2025-05-31,521193,LVL1
2025-05-31,521243,LVL1
2025-05-31,521257,LVL1
2025-05-31,521321,LVL1
2025-05-31,521404,LVL1
2025-05-31,521411,LVL1
2025-05-31,521440,LVL1
2025-05-31,521458,LVL1
2025-05-31,521508,LVL1
2025-05-31,521520,LVL1
2025-05-31,521595,LVL1
2025-05-31,521821,LVL1
2025-05-31,521876,LVL3
2025-05-31,521908,LVL1
2025-05-31,521916,LVL2
2025-05-31,522024,LVL1
2025-05-31,522031,LVL3
2025-05-31,522068,LVL1
2025-05-31,522095,LVL1
2025-05-31,522105,LVL3
2025-05-31,522108,LVL3
2025-05-31,522112,LVL1
2025-05-31,522129,LVL3
2025-05-31,522141,LVL3
2025-05-31,522162,LVL1
2025-05-31,522200,LVL1
2025-05-31,522213,LVL1
2025-05-31,522256,LVL1
2025-05-31,522296,LVL3
2025-05-31,522306,LVL3
2025-05-31,522320,LVL1
2025-05-31,522361,LVL1
2025-05-31,522399,LVL1
2025-05-31,522477,LVL3
2025-05-31,522664,LVL1
2025-05-31,522697,LVL1
2025-05-31,522781,LVL1
2025-05-31,522867,LVL2
2025-05-31,522941,LVL1
2025-05-31,522944,LVL1
2025-05-31,523034,LVL1
2025-05-31,523041,LVL1
2025-05-31,523088,LVL1
2025-05-31,523278,LVL3
2025-05-31,523317,LVL3
2025-05-31,523473,LVL1
2025-05-31,523494,LVL2
2025-06-30,500033,LVL1
2025-06-30,502211,LVL1
2025-06-30,503315,LVL1
2025-06-30,503381,LVL3
2025-06-30,503711,LVL1
2025-06-30,503783,LVL3
2025-06-30,503785,LVL1
2025-06-30,504167,LVL1
2025-06-30,504238,LVL3
2025-06-30,504903,LVL1
2025-06-30,505885,LVL1
2025-06-30,506038,LVL1
2025-06-30,506215,LVL3
2025-06-30,506534,LVL3
2025-06-30,507065,LVL3
2025-06-30,507741,LVL1
2025-06-30,508026,LVL1
2025-06-30,508340,LVL1
2025-06-30,508360,LVL3
2025-06-30,508499,LVL3
2025-06-30,508812,LVL3
2025-06-30,508985,LVL1
2025-06-30,509037,LVL3
2025-06-30,509376,LVL1
2025-06-30,509443,LVL1
2025-06-30,509446,LVL1
2025-06-30,509453,LVL3
2025-06-30,509475,LVL1
2025-06-30,510274,LVL1
2025-06-30,510749,LVL3
2025-06-30,510927,LVL3
2025-06-30,510942,LVL1
2025-06-30,510995,LVL1
2025-06-30,511026,LVL1
2025-06-30,511073,LVL1
2025-06-30,511177,LVL1
2025-06-30,511364,LVL3
2025-06-30,511418,LVL3
2025-06-30,511458,LVL1
2025-06-30,511578,LVL3
2025-06-30,511988,LVL3
2025-06-30,512016,LVL1
2025-06-30,512314,LVL1
2025-06-30,512389,LVL1
2025-06-30,512786,LVL1
2025-06-30,513012,LVL1
2025-06-30,513073,LVL1
2025-06-30,513299,LVL1
2025-06-30,513318,LVL2
2025-06-30,513452,LVL3
2025-06-30,513610,LVL3
2025-06-30,513940,LVL1
2025-06-30,514112,LVL1
2025-06-30,514192,LVL1
2025-06-30,514254,LVL1
2025-06-30,514309,LVL1
2025-06-30,514581,LVL1
2025-06-30,514595,LVL1
2025-06-30,514654,LVL3
2025-06-30,514810,LVL2
2025-06-30,514893,LVL3
2025-06-30,515045,LVL3
2025-06-30,515060,LVL3
2025-06-30,515112,LVL3
2025-06-30,515732,LVL3
2025-06-30,515957,LVL1
2025-06-30,515990,LVL1
2025-06-30,516008,LVL1
2025-06-30,516229,LVL1
2025-06-30,516481,LVL3
2025-06-30,516667,LVL3
2025-06-30,516922,LVL1
2025-06-30,517020,LVL1
2025-06-30,517067,LVL1
2025-06-30,517159,LVL3
2025-06-30,517274,LVL3
2025-06-30,517305,LVL1
2025-06-30,517336,LVL1
2025-06-30,517530,LVL1
2025-06-30,517533,LVL3
2025-06-30,517591,LVL3
2025-06-30,517911,LVL3
2025-06-30,517986,LVL3
2025-06-30,518052,LVL1
2025-06-30,518091,LVL1
2025-06-30,518157,LVL3
2025-06-30,518187,LVL1
2025-06-30,518221,LVL1
2025-06-30,518319,LVL1
2025-06-30,518499,LVL3
2025-06-30,518732,LVL3
2025-06-30,518767,LVL1
2025-06-30,518792,LVL3
2025-06-30,518826,LVL1
2025-06-30,518850,LVL1
2025-06-30,518881,LVL1
2025-06-30,518956,LVL3
2025-06-30,519070,LVL1
2025-06-30,519077,LVL1
2025-06-30,519136,LVL1
2025-06-30,519219,LVL1
2025-06-30,519275,LVL1
2025-06-30,519350,LVL3
2025-06-30,519424,LVL3
2025-06-30,519602,LVL3
2025-06-30,519618,LVL1
2025-06-30,519702,LVL3
2025-06-30,519785,LVL1
2025-06-30,519938,LVL1
2025-06-30,519939,LVL2
2025-06-30,519964,LVL1
2025-06-30,520008,LVL1
2025-06-30,520128,LVL1
2025-06-30,520218,LVL3
2025-06-30,520236,LVL3
2025-06-30,520286,LVL1
2025-06-30,520325,LVL1
2025-06-30,520392,LVL1
2025-06-30,520442,LVL1
2025-06-30,520496,LVL1
2025-06-30,520515,LVL1
2025-06-30,520703,LVL1
2025-06-30,520991,LVL1
2025-06-30,521004,LVL1
2025-06-30,521067,LVL1
2025-06-30,521150,LVL1
2025-06-30,521177,LVL1
2025-06-30,521284,LVL1
2025-06-30,521333,LVL1
2025-06-30,521521,LVL3
2025-06-30,521526,LVL1
2025-06-30,521551,LVL1
2025-06-30,521562,LVL1
2025-06-30,521596,LVL3
2025-06-30,521721,LVL1
2025-06-30,521738,LVL1
2025-06-30,521801,LVL3
2025-06-30,521810,LVL1
2025-06-30,521852,LVL1
2025-06-30,521920,LVL3
2025-06-30,521953,LVL3
2025-06-30,522085,LVL3
2025-06-30,522088,LVL3
2025-06-30,522188,LVL1
2025-06-30,522193,LVL1
2025-06-30,522195,LVL1
2025-06-30,522258,LVL3
2025-06-30,522395,LVL3
2025-06-30,522466,LVL3
2025-06-30,522640,LVL1
2025-06-30,522716,LVL3
2025-06-30,522875,LVL1
2025-06-30,522886,LVL1
2025-06-30,522896,LVL1
2025-06-30,522919,LVL1
2025-06-30,522944,LVL1
2025-06-30,523000,LVL1
2025-06-30,523080,LVL1
2025-06-30,523085,LVL1
2025-06-30,523104,LVL1
2025-06-30,523115,LVL2
2025-06-30,523151,LVL3
2025-06-30,523220,LVL1
2025-06-30,523404,LVL1
2025-06-30,523450,LVL1
2025-06-30,523533,LVL1
2025-06-30,523534,LVL1
2025-06-30,523650,LVL1
2025-07-31,501755,LVL3
2025-07-31,502444,LVL3
2025-07-31,502778,LVL3
2025-07-31,503064,LVL1
2025-07-31,504138,LVL3
2025-07-31,504148,LVL1
2025-07-31,504209,LVL3
2025-07-31,504401,LVL1
2025-07-31,504442,LVL1
2025-07-31,504461,LVL1
2025-07-31,504680,LVL2
2025-07-31,505629,LVL3
2025-07-31,506408,LVL1
2025-07-31,506482,LVL1
2025-07-31,506680,LVL1
2025-07-31,506837,LVL1
2025-07-31,507235,LVL1
2025-07-31,507378,LVL1
2025-07-31,507619,LVL1
2025-07-31,507798,LVL3
2025-07-31,508917,LVL1
2025-07-31,509244,LVL1
2025-07-31,509277,LVL1
2025-07-31,509311,LVL1
2025-07-31,510439,LVL3
2025-07-31,510501,LVL1
2025-07-31,510522,LVL3
2025-07-31,510538,LVL1
2025-07-31,510641,LVL3
2025-07-31,511563,LVL1
2025-07-31,512517,LVL1
2025-07-31,512627,LVL3
2025-07-31,513284,LVL3
2025-07-31,513427,LVL3
2025-07-31,513460,LVL1
2025-07-31,513472,LVL1
2025-07-31,513534,LVL1
2025-07-31,513648,LVL1
2025-07-31,513911,LVL1
2025-07-31,514098,LVL3
2025-07-31,514186,LVL1
2025-07-31,514360,LVL1
2025-07-31,514728,LVL1
2025-07-31,514822,LVL1
2025-07-31,514960,LVL3
2025-07-31,514968,LVL1
2025-07-31,515078,LVL1
2025-07-31,515145,LVL1
2025-07-31,515152,LVL1
2025-07-31,515375,LVL1
2025-07-31,515613,LVL3
2025-07-31,515658,LVL1
2025-07-31,515722,LVL1
2025-07-31,515938,LVL1
2025-07-31,516121,LVL3
2025-07-31,516137,LVL1
2025-07-31,516187,LVL3
2025-07-31,516274,LVL1
2025-07-31,516667,LVL1
2025-07-31,516775,LVL3
2025-07-31,516784,LVL1
2025-07-31,516830,LVL1
2025-07-31,516924,LVL3
2025-07-31,516997,LVL3
2025-07-31,517151,LVL1
2025-07-31,517223,LVL1
2025-07-31,517231,LVL1
2025-07-31,517379,LVL1
2025-07-31,517399,LVL1
2025-07-31,517455,LVL1
2025-07-31,517460,LVL3
2025-07-31,517607,LVL1
2025-07-31,517682,LVL1
2025-07-31,518034,LVL3
2025-07-31,518169,LVL1
2025-07-31,518176,LVL1
2025-07-31,518273,LVL1
2025-07-31,518385,LVL1
2025-07-31,518465,LVL1
2025-07-31,518471,LVL3
2025-07-31,518909,LVL1
2025-07-31,518913,LVL1
2025-07-31,518965,LVL1
2025-07-31,519091,LVL1
2025-07-31,519129,LVL3
2025-07-31,519291,LVL3
2025-07-31,519311,LVL2
2025-07-31,519352,LVL1
2025-07-31,519364,LVL1
2025-07-31,519377,LVL3
2025-07-31,519602,LVL1
2025-07-31,519671,LVL3
2025-07-31,519757,LVL1
2025-07-31,519772,LVL1
2025-07-31,519990,LVL1
2025-07-31,519999,LVL3
2025-07-31,520028,LVL3
2025-07-31,520099,LVL3
2025-07-31,520127,LVL1
2025-07-31,520156,LVL1
2025-07-31,520163,LVL3
2025-07-31,520232,LVL1
2025-07-31,520488,LVL1
2025-07-31,520798,LVL3
2025-07-31,520954,LVL1
2025-07-31,520968,LVL3
2025-07-31,520999,LVL3
2025-07-31,521013,LVL1
2025-07-31,521161,LVL1
2025-07-31,521226,LVL1
2025-07-31,521233,LVL1
2025-07-31,521241,LVL2
2025-07-31,521412,LVL1
2025-07-31,521414,LVL1
2025-07-31,521511,LVL1
2025-07-31,521640,LVL1
2025-07-31,521661,LVL1
2025-07-31,521723,LVL1
2025-07-31,521903,LVL1
2025-07-31,521944,LVL1
2025-07-31,522135,LVL1
2025-07-31,522221,LVL1
2025-07-31,522300,LVL3
2025-07-31,522402,LVL1
2025-07-31,522420,LVL1
2025-07-31,522449,LVL1
2025-07-31,522464,LVL1
2025-07-31,522718,LVL1
2025-07-31,522838,LVL1
2025-07-31,522896,LVL1
2025-07-31,522901,LVL3
2025-07-31,522963,LVL1
2025-07-31,522974,LVL2
2025-07-31,523107,LVL1
2025-07-31,523221,LVL3
2025-07-31,523252,LVL3
2025-07-31,523341,LVL1
2025-07-31,523440,LVL1
2025-07-31,523469,LVL1
2025-07-31,523507,LVL2
2025-07-31,523641,LVL1
2025-07-31,523720,LVL3
2025-07-31,523724,LVL1
2025-07-31,523812,LVL3
2025-07-31,523819,LVL1
2025-07-31,523837,LVL3
2025-07-31,523908,LVL1
2025-07-31,523985,LVL1
2025-07-31,523986,LVL1
2025-07-31,523994,LVL1
2025-07-31,524121,LVL2
2025-07-31,524163,LVL3
2025-07-31,524317,LVL1
2025-07-31,524320,LVL3
2025-08-31,500383,LVL3
2025-08-31,501571,LVL1
2025-08-31,501661,LVL2
2025-08-31,502287,LVL1
2025-08-31,502427,LVL1
2025-08-31,503509,LVL3
2025-08-31,503658,LVL1
2025-08-31,503968,LVL1
2025-08-31,504210,LVL2
2025-08-31,505277,LVL1
2025-08-31,506194,LVL1
2025-08-31,506955,LVL3
2025-08-31,507273,LVL1
2025-08-31,507820,LVL3
2025-08-31,508516,LVL1
2025-08-31,508605,LVL1
2025-08-31,508666,LVL1
2025-08-31,508944,LVL1
2025-08-31,509027,LVL1
2025-08-31,509336,LVL3
2025-08-31,509955,LVL3
2025-08-31,510018,LVL3
2025-08-31,510342,LVL3
2025-08-31,510518,LVL3
2025-08-31,510893,LVL1
2025-08-31,511026,LVL1
2025-08-31,511118,LVL3
2025-08-31,511331,LVL1
2025-08-31,511515,LVL3
2025-08-31,511561,LVL1
2025-08-31,511796,LVL1
2025-08-31,511948,LVL1
2025-08-31,511981,LVL3
2025-08-31,512077,LVL1
2025-08-31,512289,LVL1
2025-08-31,512309,LVL1
2025-08-31,512414,LVL1
2025-08-31,513050,LVL3
2025-08-31,513128,LVL2
2025-08-31,513681,LVL1
2025-08-31,513721,LVL1
2025-08-31,514489,LVL3
2025-08-31,514642,LVL1
2025-08-31,514718,LVL1
2025-08-31,514726,LVL2
2025-08-31,514918,LVL1
2025-08-31,515053,LVL1
2025-08-31,515060,LVL3
2025-08-31,515078,LVL3
2025-08-31,515220,LVL1
2025-08-31,515311,LVL3
2025-08-31,515321,LVL1
2025-08-31,515422,LVL1
2025-08-31,515646,LVL3
2025-08-31,515657,LVL3
2025-08-31,515748,LVL3
2025-08-31,515789,LVL1
2025-08-31,515855,LVL3
2025-08-31,515858,LVL3
2025-08-31,516047,LVL1
2025-08-31,516138,LVL3
2025-08-31,516214,LVL1
2025-08-31,516282,LVL1
2025-08-31,516283,LVL3
2025-08-31,516402,LVL3
2025-08-31,516432,LVL2
2025-08-31,516527,LVL3
2025-08-31,516648,LVL3
2025-08-31,516679,LVL1
2025-08-31,516705,LVL3
2025-08-31,516750,LVL1
2025-08-31,516917,LVL1
2025-08-31,516952,LVL1
2025-08-31,517762,LVL1
2025-08-31,517796,LVL1
2025-08-31,517855,LVL1
2025-08-31,517953,LVL3
2025-08-31,518097,LVL3
2025-08-31,518176,LVL1
2025-08-31,518206,LVL3
2025-08-31,518221,LVL1
2025-08-31,518272,LVL1
2025-08-31,518298,LVL3
2025-08-31,518358,LVL3
2025-08-31,518363,LVL1
2025-08-31,518378,LVL1
2025-08-31,518432,LVL1
2025-08-31,518512,LVL3
2025-08-31,518774,LVL1
2025-08-31,518845,LVL1
2025-08-31,518855,LVL1
2025-08-31,519005,LVL1
2025-08-31,519198,LVL1
2025-08-31,519467,LVL1
2025-08-31,519512,LVL1
2025-08-31,519616,LVL1
2025-08-31,519765,LVL3
2025-08-31,519824,LVL2
2025-08-31,519836,LVL1
2025-08-31,519863,LVL2
2025-08-31,519973,LVL3
2025-08-31,519993,LVL1
2025-08-31,520001,LVL1
2025-08-31,520068,LVL1
2025-08-31,520092,LVL1
2025-08-31,520178,LVL3
2025-08-31,520350,LVL3
2025-08-31,520529,LVL1
2025-08-31,520599,LVL1
2025-08-31,520614,LVL3
2025-08-31,520615,LVL1
2025-08-31,520623,LVL1
2025-08-31,520643,LVL1
2025-08-31,520753,LVL1
2025-08-31,520856,LVL3
2025-08-31,520907,LVL2
2025-08-31,520925,LVL1
2025-08-31,521027,LVL1
2025-08-31,521118,LVL1
2025-08-31,521127,LVL3
2025-08-31,521154,LVL1
2025-08-31,521159,LVL3
2025-08-31,521232,LVL1
2025-08-31,521360,LVL3
2025-08-31,521476,LVL1
2025-08-31,521519,LVL1
2025-08-31,521524,LVL1
2025-08-31,521610,LVL3
2025-08-31,521645,LVL1
2025-08-31,521688,LVL1
2025-08-31,521878,LVL1
2025-08-31,521909,LVL1
2025-08-31,521967,LVL3
2025-08-31,522023,LVL1
2025-08-31,522249,LVL1
2025-08-31,522444,LVL3
2025-08-31,522466,LVL1
2025-08-31,522493,LVL3
2025-08-31,522574,LVL1
2025-08-31,522667,LVL1
2025-08-31,522674,LVL1
2025-08-31,522780,LVL1
2025-08-31,522873,LVL3
2025-08-31,522991,LVL1
2025-08-31,523137,LVL3
2025-08-31,523149,LVL1
2025-08-31,523163,LVL1
2025-08-31,523177,LVL1
2025-08-31,523231,LVL1
2025-08-31,523242,LVL3
2025-08-31,523254,LVL1
2025-08-31,523390,LVL3
2025-08-31,523391,LVL2
2025-08-31,523396,LVL1
2025-08-31,523516,LVL1
2025-08-31,523579,LVL3
2025-08-31,523662,LVL1
2025-08-31,523689,LVL1
2025-08-31,523757,LVL1
2025-08-31,523817,LVL1
2025-08-31,523902,LVL1
2025-08-31,523987,LVL1
2025-08-31,524018,LVL3
2025-08-31,524039,LVL1
2025-08-31,524102,LVL1
2025-08-31,524208,LVL2
2025-08-31,524211,LVL1
2025-08-31,524301,LVL2
2025-08-31,524403,LVL1
2025-08-31,524418,LVL1
2025-08-31,524458,LVL1
2025-08-31,524476,LVL3
2025-08-31,524477,LVL1
2025-08-31,524581,LVL1
2025-08-31,524652,LVL1
2025-08-31,524784,LVL1
2025-09-30,502791,LVL1
2025-09-30,503207,LVL1
2025-09-30,503263,LVL1
2025-09-30,503586,LVL1
2025-09-30,503593,LVL1
2025-09-30,503783,LVL1
2025-09-30,504942,LVL1
2025-09-30,505038,LVL1
2025-09-30,506479,LVL1
2025-09-30,507068,LVL1
2025-09-30,507548,LVL3
2025-09-30,507628,LVL1
2025-09-30,507652,LVL1
2025-09-30,507682,LVL1
2025-09-30,507725,LVL1
2025-09-30,507831,LVL1
2025-09-30,508243,LVL1
2025-09-30,508288,LVL1
2025-09-30,508727,LVL3
2025-09-30,508750,LVL1
2025-09-30,508783,LVL3
2025-09-30,509296,LVL1
2025-09-30,509298,LVL1
2025-09-30,509703,LVL1
2025-09-30,509759,LVL1
2025-09-30,509827,LVL3
2025-09-30,510599,LVL1
2025-09-30,510646,LVL3
2025-09-30,510795,LVL3
2025-09-30,510845,LVL3
2025-09-30,510855,LVL1
2025-09-30,511036,LVL1
2025-09-30,511159,LVL1
2025-09-30,511419,LVL3
2025-09-30,511777,LVL3
2025-09-30,511919,LVL1
2025-09-30,512698,LVL1
2025-09-30,512821,LVL3
2025-09-30,513085,LVL3
2025-09-30,513166,LVL1
2025-09-30,513268,LVL1
2025-09-30,513524,LVL1
2025-09-30,513628,LVL3
2025-09-30,513787,LVL3
2025-09-30,513905,LVL3
2025-09-30,513958,LVL3
2025-09-30,514268,LVL1
2025-09-30,514288,LVL3
2025-09-30,514327,LVL1
2025-09-30,514355,LVL3
2025-09-30,514405,LVL1
2025-09-30,514427,LVL3
2025-09-30,514486,LVL1
2025-09-30,514600,LVL1
2025-09-30,514812,LVL1
2025-09-30,514869,LVL3
2025-09-30,515097,LVL1
2025-09-30,515272,LVL1
2025-09-30,515335,LVL1
2025-09-30,515464,LVL3
2025-09-30,515507,LVL1
2025-09-30,515698,LVL3
2025-09-30,515878,LVL3
2025-09-30,515893,LVL3
2025-09-30,515911,LVL1
2025-09-30,515920,LVL1
2025-09-30,516047,LVL1
2025-09-30,516156,LVL1
2025-09-30,516372,LVL1
2025-09-30,516495,LVL1
2025-09-30,516577,LVL2
2025-09-30,516744,LVL1
2025-09-30,516766,LVL1
2025-09-30,517007,LVL2
2025-09-30,517057,LVL1
2025-09-30,517452,LVL3
2025-09-30,517462,LVL1
2025-09-30,517559,LVL1
2025-09-30,517706,LVL1
2025-09-30,517957,LVL1
2025-09-30,517963,LVL3
2025-09-30,517987,LVL1
2025-09-30,518000,LVL1
2025-09-30,518014,LVL3
2025-09-30,518044,LVL1
2025-09-30,518080,LVL1
2025-09-30,518260,LVL3
2025-09-30,518335,LVL3
2025-09-30,518409,LVL1
2025-09-30,518470,LVL1
2025-09-30,518708,LVL3
2025-09-30,518800,LVL2
2025-09-30,518814,LVL1
2025-09-30,519263,LVL3
2025-09-30,519532,LVL3
2025-09-30,519703,LVL1
2025-09-30,519809,LVL1
2025-09-30,520005,LVL1
2025-09-30,520012,LVL3
2025-09-30,520034,LVL3
2025-09-30,520502,LVL3
2025-09-30,520560,LVL1
2025-09-30,520656,LVL2
2025-09-30,520974,LVL3
2025-09-30,520998,LVL3
2025-09-30,521142,LVL3
2025-09-30,521161,LVL1
2025-09-30,521363,LVL2
2025-09-30,521429,LVL1
2025-09-30,521572,LVL3
2025-09-30,521830,LVL3
2025-09-30,521871,LVL1
2025-09-30,521874,LVL1
2025-09-30,521900,LVL1
2025-09-30,521917,LVL3
2025-09-30,521974,LVL1
2025-09-30,522020,LVL1
2025-09-30,522102,LVL1
2025-09-30,522130,LVL1
2025-09-30,522216,LVL1
2025-09-30,522302,LVL1
2025-09-30,522333,LVL1
2025-09-30,522419,LVL1
2025-09-30,522523,LVL1
2025-09-30,522701,LVL1
2025-09-30,522741,LVL1
2025-09-30,522908,LVL3
2025-09-30,522915,LVL1
2025-09-30,522955,LVL3
2025-09-30,523056,LVL1
2025-09-30,523075,LVL3
2025-09-30,523569,LVL1
2025-09-30,523586,LVL1
2025-09-30,523620,LVL1
2025-09-30,523667,LVL1
2025-09-30,523716,LVL1
2025-09-30,523787,LVL1
2025-09-30,523913,LVL2
2025-09-30,524056,LVL1
2025-09-30,524089,LVL1
2025-09-30,524119,LVL1
2025-09-30,524223,LVL1
2025-09-30,524472,LVL1
2025-09-30,524626,LVL2
2025-09-30,524673,LVL1
2025-09-30,524684,LVL3
2025-09-30,524742,LVL1
2025-09-30,524766,LVL2
2025-09-30,524895,LVL1
2025-09-30,525063,LVL1
2025-09-30,525085,LVL1
2025-09-30,525126,LVL1
2025-09-30,525169,LVL1
2025-09-30,525175,LVL3
2025-09-30,525180,LVL1
2025-09-30,525189,LVL1
2025-10-31,501411,LVL1
2025-10-31,501711,LVL3
2025-10-31,501787,LVL3
2025-10-31,502152,LVL3
2025-10-31,502926,LVL3
2025-10-31,503543,LVL1
2025-10-31,503593,LVL1
2025-10-31,503680,LVL1
2025-10-31,503853,LVL1
2025-10-31,504210,LVL3
2025-10-31,504399,LVL3
2025-10-31,504978,LVL1
2025-10-31,505991,LVL1
2025-10-31,506593,LVL1
2025-10-31,506785,LVL2
2025-10-31,506847,LVL1
2025-10-31,507026,LVL3
2025-10-31,507926,LVL1
2025-10-31,508161,LVL1
2025-10-31,508702,LVL1
2025-10-31,509717,LVL1
2025-10-31,510469,LVL3
2025-10-31,510668,LVL2
2025-10-31,511297,LVL1
2025-10-31,511324,LVL2
2025-10-31,511496,LVL1
2025-10-31,511817,LVL1
2025-10-31,511889,LVL1
2025-10-31,512282,LVL3
2025-10-31,513047,LVL1
2025-10-31,513080,LVL3
2025-10-31,513272,LVL3
2025-10-31,513309,LVL1
2025-10-31,513402,LVL1
2025-10-31,513446,LVL1
2025-10-31,513717,LVL1
2025-10-31,514765,LVL2
2025-10-31,514813,LVL1
2025-10-31,515022,LVL1
2025-10-31,515040,LVL3
2025-10-31,515229,LVL1
2025-10-31,515756,LVL3
2025-10-31,515816,LVL3
2025-10-31,516175,LVL3
2025-10-31,516352,LVL1
2025-10-31,516357,LVL1
2025-10-31,516362,LVL2
2025-10-31,516594,LVL1
2025-10-31,516675,LVL3
2025-10-31,516832,LVL1
2025-10-31,517144,LVL1
2025-10-31,517153,LVL1
2025-10-31,517366,LVL1
2025-10-31,517670,LVL1
2025-10-31,518203,LVL3
2025-10-31,518263,LVL1
2025-10-31,518366,LVL3
2025-10-31,518532,LVL1
2025-10-31,518600,LVL1
2025-10-31,518708,LVL1
2025-10-31,518769,LVL1
2025-10-31,518958,LVL3
2025-10-31,518990,LVL1
2025-10-31,518991,LVL1
2025-10-31,519003,LVL1
2025-10-31,519149,LVL3
2025-10-31,519172,LVL1
2025-10-31,519181,LVL1
2025-10-31,519267,LVL1
2025-10-31,519344,LVL1
2025-10-31,519444,LVL1
2025-10-31,519526,LVL3
2025-10-31,519982,LVL1
2025-10-31,519999,LVL1
2025-10-31,520072,LVL2
2025-10-31,520076,LVL1
2025-10-31,520104,LVL1
2025-10-31,520175,LVL3
2025-10-31,520433,LVL1
2025-10-31,520674,LVL1
2025-10-31,520738,LVL3
2025-10-31,520755,LVL1
2025-10-31,520804,LVL3
2025-10-31,520897,LVL1
2025-10-31,520905,LVL1
2025-10-31,520916,LVL1
2025-10-31,520942,LVL1
2025-10-31,520963,LVL1
2025-10-31,521218,LVL1
2025-10-31,521282,LVL1
2025-10-31,521309,LVL2
2025-10-31,521335,LVL1
2025-10-31,521441,LVL1
2025-10-31,521486,LVL1
2025-10-31,521556,LVL1
2025-10-31,521570,LVL1
2025-10-31,521618,LVL1
2025-10-31,521669,LVL3
2025-10-31,521719,LVL1
2025-10-31,521738,LVL3
2025-10-31,521741,LVL3
2025-10-31,521919,LVL3
2025-10-31,522049,LVL1
2025-10-31,522096,LVL3
2025-10-31,522442,LVL3
2025-10-31,522614,LVL3
2025-10-31,522619,LVL1
2025-10-31,522668,LVL1
2025-10-31,522728,LVL1
2025-10-31,522760,LVL3
2025-10-31,522969,LVL1
2025-10-31,523065,LVL1
2025-10-31,523110,LVL1
2025-10-31,523146,LVL3
2025-10-31,523240,LVL1
2025-10-31,523246,LVL1
2025-10-31,523323,LVL3
2025-10-31,523385,LVL3
2025-10-31,523428,LVL1
2025-10-31,523450,LVL1
2025-10-31,523476,LVL1
2025-10-31,523547,LVL1
2025-10-31,523626,LVL3
2025-10-31,523643,LVL1
2025-10-31,523691,LVL1
2025-10-31,523734,LVL1
2025-10-31,523799,LVL1
2025-10-31,523839,LVL1
2025-10-31,523914,LVL1
2025-10-31,523937,LVL2
2025-10-31,524059,LVL3
2025-10-31,524225,LVL1
2025-10-31,524372,LVL1
2025-10-31,524395,LVL1
2025-10-31,524420,LVL3
2025-10-31,524448,LVL1
2025-10-31,524493,LVL1
2025-10-31,524512,LVL1
2025-10-31,524527,LVL1
2025-10-31,524696,LVL1
2025-10-31,524719,LVL1
2025-10-31,524832,LVL1
2025-10-31,524863,LVL1
2025-10-31,524873,LVL3
2025-10-31,525004,LVL3
2025-10-31,525031,LVL1
2025-10-31,525145,LVL1
2025-10-31,525150,LVL1
2025-10-31,525224,LVL1
2025-10-31,525289,LVL1
2025-10-31,525305,LVL2
2025-10-31,525316,LVL1
2025-10-31,525411,LVL1
2025-11-30,502817,LVL3
2025-11-30,504718,LVL1
2025-11-30,505623,LVL3
2025-11-30,505860,LVL1
2025-11-30,506674,LVL1
2025-11-30,507923,LVL1
2025-11-30,508099,LVL1
2025-11-30,508168,LVL1
2025-11-30,508445,LVL3
2025-11-30,509998,LVL1
2025-11-30,510169,LVL1
2025-11-30,510503,LVL1
2025-11-30,510681,LVL1
2025-11-30,510702,LVL3
2025-11-30,510735,LVL3
2025-11-30,510846,LVL1
2025-11-30,511494,LVL3
2025-11-30,511512,LVL1
2025-11-30,511606,LVL1
2025-11-30,511682,LVL1
2025-11-30,511874,LVL2
2025-11-30,511889,LVL1
2025-11-30,512042,LVL1
2025-11-30,512161,LVL3
2025-11-30,512487,LVL1
2025-11-30,512591,LVL3
2025-11-30,512882,LVL3
2025-11-30,513092,LVL2
2025-11-30,513534,LVL1
2025-11-30,514073,LVL3
2025-11-30,514592,LVL3
2025-11-30,514666,LVL3
2025-11-30,514736,LVL1
2025-11-30,514888,LVL1
2025-11-30,514990,LVL3
2025-11-30,515281,LVL1
2025-11-30,515342,LVL3
2025-11-30,515425,LVL3
2025-11-30,515489,LVL1
2025-11-30,515515,LVL1
2025-11-30,515522,LVL2
2025-11-30,515856,LVL1
2025-11-30,516006,LVL3
2025-11-30,516061,LVL3
2025-11-30,516096,LVL3
2025-11-30,516149,LVL1
2025-11-30,516596,LVL1
2025-11-30,516822,LVL1
2025-11-30,517034,LVL3
2025-11-30,517197,LVL1
2025-11-30,517393,LVL3
2025-11-30,517550,LVL1
2025-11-30,517635,LVL3
2025-11-30,517765,LVL3
2025-11-30,517813,LVL1
2025-11-30,518196,LVL1
2025-11-30,518596,LVL1
2025-11-30,519035,LVL1
2025-11-30,519061,LVL1
2025-11-30,519141,LVL3
2025-11-30,519288,LVL1
2025-11-30,519327,LVL1
2025-11-30,519375,LVL3
2025-11-30,519721,LVL1
2025-11-30,519769,LVL3
2025-11-30,519887,LVL1
2025-11-30,519909,LVL2
2025-11-30,519956,LVL1
2025-11-30,520013,LVL1
2025-11-30,520116,LVL3
2025-11-30,520185,LVL1
2025-11-30,520299,LVL1
2025-11-30,520365,LVL1
2025-11-30,520382,LVL1
2025-11-30,520478,LVL3
2025-11-30,520508,LVL3
2025-11-30,520511,LVL1
2025-11-30,520772,LVL1
2025-11-30,520793,LVL1
2025-11-30,520822,LVL3
2025-11-30,520863,LVL1
2025-11-30,520881,LVL1
2025-11-30,520884,LVL1
2025-11-30,520989,LVL1
2025-11-30,521001,LVL1
2025-11-30,521071,LVL1
2025-11-30,521190,LVL1
2025-11-30,521223,LVL3
2025-11-30,521277,LVL1
2025-11-30,521327,LVL3
2025-11-30,521350,LVL2
2025-11-30,521524,LVL1
2025-11-30,521568,LVL1
2025-11-30,521704,LVL1
2025-11-30,521708,LVL3
2025-11-30,521775,LVL1
2025-11-30,521795,LVL3
2025-11-30,521801,LVL1
2025-11-30,521880,LVL3
2025-11-30,521901,LVL1
2025-11-30,521928,LVL1
2025-11-30,522058,LVL3
2025-11-30,522108,LVL1
2025-11-30,522139,LVL1
2025-11-30,522158,LVL1
2025-11-30,522165,LVL1
2025-11-30,522172,LVL1
2025-11-30,522177,LVL1
2025-11-30,522180,LVL2
2025-11-30,522350,LVL1
2025-11-30,522351,LVL1
2025-11-30,522428,LVL1
2025-11-30,522493,LVL1
2025-11-30,522525,LVL1
2025-11-30,522661,LVL3
2025-11-30,522713,LVL1
2025-11-30,522734,LVL2
2025-11-30,522774,LVL1
2025-11-30,522791,LVL3
2025-11-30,522808,LVL1
2025-11-30,522815,LVL1
2025-11-30,522841,LVL3
2025-11-30,522941,LVL1
2025-11-30,523181,LVL3
2025-11-30,523191,LVL3
2025-11-30,523299,LVL3
2025-11-30,523352,LVL1
2025-11-30,523456,LVL1
2025-11-30,523700,LVL1
2025-11-30,523711,LVL1
2025-11-30,523741,LVL1
2025-11-30,523934,LVL1
2025-11-30,523990,LVL1
2025-11-30,524028,LVL3
2025-11-30,524056,LVL1
2025-11-30,524075,LVL1
2025-11-30,524083,LVL1
2025-11-30,524150,LVL1
2025-11-30,524248,LVL1
2025-11-30,524366,LVL1
2025-11-30,524408,LVL1
2025-11-30,524441,LVL1
2025-11-30,524484,LVL3
2025-11-30,524522,LVL1
2025-11-30,524761,LVL2
2025-11-30,524790,LVL1
2025-11-30,524829,LVL1
2025-11-30,524848,LVL1
2025-11-30,524866,LVL3
2025-11-30,524951,LVL1
2025-11-30,524984,LVL1
2025-11-30,525011,LVL1
2025-11-30,525016,LVL1
2025-11-30,525020,LVL1
2025-11-30,525109,LVL1
2025-11-30,525122,LVL3
2025-11-30,525220,LVL3
2025-11-30,525271,LVL1
2025-11-30,525307,LVL1
2025-11-30,525340,LVL1
2025-11-30,525406,LVL1
2025-11-30,525448,LVL1
2025-11-30,525613,LVL1
2025-11-30,525667,LVL1
2025-11-30,525675,LVL2
2025-11-30,525740,LVL1
2025-11-30,525757,LVL1
2025-11-30,525826,LVL3
2025-11-30,525830,LVL3
2025-11-30,525890,LVL1
2025-11-30,525902,LVL3
2025-11-30,525941,LVL3
2025-11-30,525975,LVL1
2025-12-31,500076,LVL1
2025-12-31,500180,LVL2
2025-12-31,500930,LVL3
2025-12-31,503586,LVL1
2025-12-31,503968,LVL1
2025-12-31,504730,LVL1
2025-12-31,505040,LVL1
2025-12-31,505453,LVL1
2025-12-31,505623,LVL1
2025-12-31,505977,LVL3
2025-12-31,507161,LVL1
2025-12-31,507205,LVL1
2025-12-31,507296,LVL1
2025-12-31,507995,LVL1
2025-12-31,509927,LVL1
2025-12-31,510110,LVL1
2025-12-31,510224,LVL2
2025-12-31,510283,LVL1
2025-12-31,510292,LVL3
2025-12-31,510419,LVL2
2025-12-31,510734,LVL1
2025-12-31,510849,LVL1
2025-12-31,511118,LVL1
2025-12-31,511158,LVL1
2025-12-31,511321,LVL1
2025-12-31,512689,LVL3
2025-12-31,512921,LVL1
2025-12-31,513225,LVL1
2025-12-31,513275,LVL3
2025-12-31,513337,LVL1
2025-12-31,513546,LVL1
2025-12-31,514228,LVL3
2025-12-31,514477,LVL3
2025-12-31,514630,LVL3
2025-12-31,515212,LVL1
2025-12-31,515400,LVL3
2025-12-31,515403,LVL1
2025-12-31,515482,LVL1
2025-12-31,515615,LVL1
2025-12-31,515798,LVL1
2025-12-31,515963,LVL1
2025-12-31,515985,LVL3
2025-12-31,515988,LVL1
2025-12-31,516047,LVL1
2025-12-31,516163,LVL3
2025-12-31,516349,LVL1
2025-12-31,516499,LVL1
2025-12-31,516512,LVL1
2025-12-31,516601,LVL3
2025-12-31,516619,LVL3
2025-12-31,516689,LVL3
2025-12-31,516708,LVL3
2025-12-31,516747,LVL3
2025-12-31,516803,LVL3
2025-12-31,517449,LVL3
2025-12-31,518125,LVL3
2025-12-31,518175,LVL1
2025-12-31,518313,LVL3
2025-12-31,518320,LVL1
2025-12-31,518473,LVL3
2025-12-31,518570,LVL1
2025-12-31,518817,LVL3
2025-12-31,518863,LVL3
2025-12-31,519113,LVL1
2025-12-31,519117,LVL1
2025-12-31,519138,LVL3
2025-12-31,519158,LVL1
2025-12-31,519217,LVL1
2025-12-31,519275,LVL1
2025-12-31,519419,LVL1
2025-12-31,519442,LVL1
2025-12-31,519701,LVL1
2025-12-31,519732,LVL1
2025-12-31,519753,LVL1
2025-12-31,519757,LVL1
2025-12-31,520033,LVL3
2025-12-31,520096,LVL1
2025-12-31,520120,LVL2
2025-12-31,520406,LVL1
2025-12-31,520531,LVL1
2025-12-31,520537,LVL1
2025-12-31,520606,LVL1
2025-12-31,520898,LVL3
2025-12-31,521155,LVL1
2025-12-31,521187,LVL1
2025-12-31,521188,LVL3
2025-12-31,521228,LVL3
2025-12-31,521254,LVL3
2025-12-31,521332,LVL3
2025-12-31,521478,LVL1
2025-12-31,521523,LVL1
2025-12-31,521570,LVL1
2025-12-31,521585,LVL1
2025-12-31,521586,LVL1
2025-12-31,521674,LVL3
2025-12-31,521734,LVL1
2025-12-31,521798,LVL3
2025-12-31,521846,LVL1
2025-12-31,521884,LVL1
2025-12-31,522073,LVL1
2025-12-31,522241,LVL1
2025-12-31,522444,LVL2
2025-12-31,522611,LVL1
2025-12-31,522629,LVL1
2025-12-31,522902,LVL1
2025-12-31,522934,LVL3
2025-12-31,523008,LVL1
2025-12-31,523015,LVL3
2025-12-31,523020,LVL1
2025-12-31,523096,LVL3
2025-12-31,523098,LVL2
2025-12-31,523146,LVL1
2025-12-31,523158,LVL1
2025-12-31,523377,LVL1
2025-12-31,523398,LVL3
2025-12-31,523408,LVL1
2025-12-31,523442,LVL3
2025-12-31,523552,LVL1
2025-12-31,523745,LVL1
2025-12-31,523803,LVL3
2025-12-31,523819,LVL1
2025-12-31,523966,LVL1
2025-12-31,524050,LVL1
2025-12-31,524063,LVL2
2025-12-31,524086,LVL3
2025-12-31,524161,LVL1
2025-12-31,524183,LVL1
2025-12-31,524193,LVL1
2025-12-31,524233,LVL1
2025-12-31,524402,LVL1
2025-12-31,524438,LVL1
2025-12-31,524641,LVL3
2025-12-31,524653,LVL1
2025-12-31,524678,LVL3
2025-12-31,524683,LVL3
2025-12-31,524684,LVL2
2025-12-31,524773,LVL1
2025-12-31,524784,LVL1
2025-12-31,524920,LVL1
2025-12-31,524933,LVL1
2025-12-31,524939,LVL1
2025-12-31,525005,LVL1
2025-12-31,525065,LVL1
2025-12-31,525184,LVL3
2025-12-31,525277,LVL1
2025-12-31,525359,LVL3
2025-12-31,525389,LVL1
2025-12-31,525504,LVL1
2025-12-31,525553,LVL1
2025-12-31,525581,LVL3
2025-12-31,525946,LVL1
2025-12-31,525952,LVL2
2025-12-31,525963,LVL1
2025-12-31,526050,LVL2
2025-12-31,526055,LVL3
2025-12-31,526116,LVL1
2025-12-31,526129,LVL1
2025-12-31,526243,LVL1
2025-12-31,526251,LVL1
2025-12-31,526278,LVL1
2025-12-31,526382,LVL1
2025-12-31,526389,LVL1
2026-01-31,500339,LVL1
2026-01-31,501150,LVL1
2026-01-31,503408,LVL1
2026-01-31,503658,LVL3
2026-01-31,503746,LVL1
2026-01-31,503873,LVL1
2026-01-31,504180,LVL3
2026-01-31,504436,LVL3
2026-01-31,505035,LVL1
2026-01-31,505453,LVL1
2026-01-31,505490,LVL3
2026-01-31,505991,LVL1
2026-01-31,506052,LVL3
2026-01-31,506328,LVL1
2026-01-31,506464,LVL1
2026-01-31,506899,LVL3
2026-01-31,507170,LVL1
2026-01-31,507624,LVL3
2026-01-31,508231,LVL1
2026-01-31,508516,LVL1
2026-01-31,508548,LVL1
2026-01-31,508781,LVL1
2026-01-31,509714,LVL1
2026-01-31,509868,LVL3
2026-01-31,510002,LVL2
2026-01-31,510570,LVL1
2026-01-31,510618,LVL3
2026-01-31,510657,LVL3
2026-01-31,510755,LVL3
2026-01-31,510786,LVL3
2026-01-31,511788,LVL3
2026-01-31,511872,LVL1
2026-01-31,512178,LVL1
2026-01-31,512225,LVL1
2026-01-31,512323,LVL1
2026-01-31,512558,LVL1
2026-01-31,512699,LVL1
2026-01-31,513138,LVL1
2026-01-31,513227,LVL3
2026-01-31,513268,LVL1
2026-01-31,513315,LVL1
2026-01-31,513460,LVL3
2026-01-31,513480,LVL1
2026-01-31,513539,LVL3
2026-01-31,513672,LVL3
2026-01-31,513741,LVL3
2026-01-31,514234,LVL3
2026-01-31,514272,LVL2
2026-01-31,514353,LVL1
2026-01-31,514757,LVL1
2026-01-31,515046,LVL3
2026-01-31,515075,LVL1
2026-01-31,515359,LVL1
2026-01-31,515370,LVL1
2026-01-31,515439,LVL1
2026-01-31,515580,LVL1
2026-01-31,515878,LVL3
2026-01-31,516052,LVL1
2026-01-31,516128,LVL3
2026-01-31,516432,LVL1
2026-01-31,516438,LVL3
2026-01-31,516674,LVL3
2026-01-31,516989,LVL1
2026-01-31,517295,LVL3
2026-01-31,517336,LVL1
2026-01-31,517338,LVL1
2026-01-31,517466,LVL3
2026-01-31,517641,LVL1
2026-01-31,518034,LVL3
2026-01-31,518170,LVL1
2026-01-31,518197,LVL1
2026-01-31,518287,LVL3
2026-01-31,518417,LVL3
2026-01-31,518542,LVL1
2026-01-31,518634,LVL1
2026-01-31,518848,LVL1
2026-01-31,519012,LVL1
2026-01-31,519070,LVL1
2026-01-31,519210,LVL1
2026-01-31,519236,LVL3
2026-01-31,519237,LVL1
2026-01-31,519315,LVL3
2026-01-31,519515,LVL1
2026-01-31,519609,LVL3
2026-01-31,519624,LVL1
2026-01-31,519630,LVL3
2026-01-31,519776,LVL1
2026-01-31,520075,LVL1
2026-01-31,520319,LVL1
2026-01-31,520364,LVL1
2026-01-31,520404,LVL1
2026-01-31,520539,LVL1
2026-01-31,520578,LVL3
2026-01-31,520636,LVL1
2026-01-31,520659,LVL3
2026-01-31,520697,LVL1
2026-01-31,520752,LVL1
2026-01-31,520836,LVL1
2026-01-31,520845,LVL3
2026-01-31,520905,LVL1
2026-01-31,520922,LVL1
2026-01-31,520986,LVL2
2026-01-31,521303,LVL1
2026-01-31,521312,LVL1
2026-01-31,521354,LVL3
2026-01-31,521385,LVL3
2026-01-31,521409,LVL1
2026-01-31,521438,LVL3
2026-01-31,521617,LVL1
2026-01-31,521636,LVL3
2026-01-31,521791,LVL1
2026-01-31,521983,LVL1
2026-01-31,521994,LVL1
2026-01-31,522119,LVL1
2026-01-31,522381,LVL1
2026-01-31,522413,LVL1
2026-01-31,522428,LVL1
2026-01-31,522435,LVL1
2026-01-31,522461,LVL1
2026-01-31,522590,LVL1
2026-01-31,522606,LVL1
2026-01-31,522867,LVL3
2026-01-31,522886,LVL1
2026-01-31,523051,LVL1
2026-01-31,523126,LVL3
2026-01-31,523139,LVL2
2026-01-31,523215,LVL1
2026-01-31,523270,LVL3
2026-01-31,523281,LVL1
2026-01-31,523310,LVL3
2026-01-31,523314,LVL1
2026-01-31,523320,LVL3
2026-01-31,523402,LVL1
2026-01-31,523705,LVL1
2026-01-31,523803,LVL1
2026-01-31,523822,LVL1
2026-01-31,523887,LVL1
2026-01-31,523913,LVL3
2026-01-31,523958,LVL1
2026-01-31,523971,LVL3
2026-01-31,524031,LVL3
2026-01-31,524046,LVL3
2026-01-31,524097,LVL1
2026-01-31,524100,LVL3
2026-01-31,524124,LVL1
2026-01-31,524208,LVL1
2026-01-31,524273,LVL3
2026-01-31,524287,LVL1
2026-01-31,524297,LVL1
2026-01-31,524383,LVL1
2026-01-31,524451,LVL3
2026-01-31,524528,LVL1
2026-01-31,524587,LVL1
2026-01-31,524630,LVL1
2026-01-31,524675,LVL3
2026-01-31,524696,LVL1
2026-01-31,524789,LVL1
2026-01-31,524801,LVL1
2026-01-31,524808,LVL1
2026-01-31,524879,LVL1
2026-01-31,525026,LVL2
2026-01-31,525064,LVL1
2026-01-31,525282,LVL2
2026-01-31,525349,LVL3
2026-01-31,525481,LVL3
2026-01-31,525495,LVL1
2026-01-31,525501,LVL3
2026-01-31,525584,LVL1
2026-01-31,525617,LVL1
2026-01-31,525637,LVL1
2026-01-31,525652,LVL1
2026-01-31,525667,LVL1
2026-01-31,525691,LVL1
2026-01-31,525718,LVL1
2026-01-31,525724,LVL1
2026-01-31,525808,LVL1
2026-01-31,525879,LVL2
2026-01-31,526105,LVL1
2026-01-31,526109,LVL1
2026-01-31,526135,LVL3
2026-01-31,526142,LVL1
2026-01-31,526152,LVL1
2026-01-31,526302,LVL1
2026-01-31,526356,LVL1
2026-01-31,526480,LVL1
2026-01-31,526483,LVL1
2026-01-31,526565,LVL1
2026-01-31,526589,LVL1
2026-01-31,526626,LVL1
2026-01-31,526674,LVL2
2026-01-31,526708,LVL1
2026-01-31,526773,LVL1
2026-01-31,526817,LVL1
2026-01-31,526888,LVL1
2026-02-28,500782,LVL3
2026-02-28,502660,LVL1
2026-02-28,503223,LVL1
2026-02-28,503985,LVL1
2026-02-28,504498,LVL3
2026-02-28,505415,LVL3
2026-02-28,505546,LVL1
2026-02-28,506038,LVL1
2026-02-28,506534,LVL1
2026-02-28,508188,LVL1
2026-02-28,508520,LVL1
2026-02-28,508563,LVL3
2026-02-28,509757,LVL1
2026-02-28,510246,LVL1
2026-02-28,510651,LVL1
2026-02-28,511010,LVL1
2026-02-28,511338,LVL1
2026-02-28,511429,LVL3
2026-02-28,511495,LVL3
2026-02-28,511520,LVL1
2026-02-28,511817,LVL3
2026-02-28,512370,LVL1
2026-02-28,512544,LVL1
2026-02-28,512601,LVL3
2026-02-28,512843,LVL3
2026-02-28,512907,LVL1
2026-02-28,512954,LVL1
2026-02-28,513023,LVL3
2026-02-28,513248,LVL1
2026-02-28,513384,LVL1
2026-02-28,513506,LVL1
2026-02-28,513601,LVL3
2026-02-28,513679,LVL1
2026-02-28,513881,LVL3
2026-02-28,513944,LVL1
2026-02-28,514159,LVL1
2026-02-28,514164,LVL1
2026-02-28,514237,LVL1
2026-02-28,514549,LVL3
2026-02-28,514925,LVL2
2026-02-28,514974,LVL3
2026-02-28,515191,LVL3
2026-02-28,515409,LVL3
2026-02-28,515467,LVL3
2026-02-28,515989,LVL1
2026-02-28,516002,LVL1
2026-02-28,516104,LVL2
2026-02-28,516238,LVL3
2026-02-28,516283,LVL1
2026-02-28,516468,LVL3
2026-02-28,516601,LVL1
2026-02-28,516640,LVL1
2026-02-28,516744,LVL3
2026-02-28,516979,LVL1
2026-02-28,517086,LVL3
2026-02-28,517107,LVL1
2026-02-28,517190,LVL1
2026-02-28,517239,LVL3
2026-02-28,517261,LVL3
2026-02-28,517280,LVL1
2026-02-28,517683,LVL1
2026-02-28,517727,LVL3
2026-02-28,517733,LVL1
2026-02-28,518003,LVL1
2026-02-28,518193,LVL3
2026-02-28,518280,LVL2
2026-02-28,518282,LVL3
2026-02-28,518322,LVL3
2026-02-28,518489,LVL1
2026-02-28,518596,LVL1
2026-02-28,518653,LVL3
2026-02-28,518654,LVL3
2026-02-28,518773,LVL3
2026-02-28,518789,LVL1
2026-02-28,518854,LVL1
2026-02-28,518876,LVL1
2026-02-28,518944,LVL1
2026-02-28,519037,LVL1
2026-02-28,519124,LVL1
2026-02-28,519430,LVL1
2026-02-28,519559,LVL1
2026-02-28,519600,LVL3
2026-02-28,519641,LVL1
2026-02-28,519732,LVL3
2026-02-28,519956,LVL1
2026-02-28,520068,LVL1
2026-02-28,520156,LVL1
2026-02-28,520213,LVL3
2026-02-28,520469,LVL1
2026-02-28,520579,LVL1
2026-02-28,520809,LVL3
2026-02-28,520911,LVL1
2026-02-28,520973,LVL2
2026-02-28,521031,LVL3
2026-02-28,521037,LVL1
2026-02-28,521115,LVL1
2026-02-28,521429,LVL3
2026-02-28,521532,LVL3
2026-02-28,521771,LVL1
2026-02-28,521851,LVL3
2026-02-28,521912,LVL1
2026-02-28,521943,LVL3
2026-02-28,522058,LVL1
2026-02-28,522068,LVL1
2026-02-28,522123,LVL1
2026-02-28,522306,LVL1
2026-02-28,522325,LVL1
2026-02-28,522423,LVL1
2026-02-28,522831,LVL1
2026-02-28,523045,LVL1
2026-02-28,523139,LVL3
2026-02-28,523140,LVL3
2026-02-28,523431,LVL1
2026-02-28,523499,LVL3
2026-02-28,523572,LVL1
2026-02-28,523604,LVL3
2026-02-28,523733,LVL1
2026-02-28,524094,LVL2
2026-02-28,524379,LVL1
2026-02-28,524410,LVL1
2026-02-28,524453,LVL1
2026-02-28,524455,LVL1
2026-02-28,524465,LVL1
2026-02-28,524488,LVL1
2026-02-28,524651,LVL1
2026-02-28,524681,LVL1
2026-02-28,524686,LVL1
2026-02-28,524902,LVL3
2026-02-28,524962,LVL1
2026-02-28,524968,LVL1
2026-02-28,525202,LVL2
2026-02-28,525239,LVL1
2026-02-28,525277,LVL3
2026-02-28,525556,LVL1
2026-02-28,525588,LVL1
2026-02-28,525960,LVL1
2026-02-28,525970,LVL1
2026-02-28,526020,LVL1
2026-02-28,526052,LVL1
2026-02-28,526093,LVL1
2026-02-28,526202,LVL1
2026-02-28,526216,LVL1
2026-02-28,526232,LVL1
2026-02-28,526346,LVL1
2026-02-28,526516,LVL1
2026-02-28,526559,LVL3
2026-02-28,526617,LVL3
2026-02-28,526652,LVL2
2026-02-28,526686,LVL2
2026-02-28,526742,LVL1
2026-02-28,526764,LVL1
2026-02-28,526769,LVL1
2026-02-28,526772,LVL2
2026-02-28,526811,LVL1
2026-02-28,526945,LVL2
2026-02-28,526948,LVL1
2026-02-28,527019,LVL1
2026-02-28,527042,LVL3
2026-02-28,527058,LVL1
2026-02-28,527066,LVL1
2026-02-28,527141,LVL1
2026-02-28,527231,LVL1
2026-02-28,527250,LVL1
2026-02-28,527282,LVL1
2026-03-31,501123,LVL3
2026-03-31,502641,LVL3
2026-03-31,503297,LVL3
2026-03-31,504450,LVL3
2026-03-31,504730,LVL1
2026-03-31,505824,LVL1
2026-03-31,506249,LVL3
2026-03-31,506709,LVL1
2026-03-31,506960,LVL3
2026-03-31,508459,LVL1
2026-03-31,508539,LVL3
2026-03-31,508954,LVL1
2026-03-31,509001,LVL1
2026-03-31,509688,LVL3
2026-03-31,509969,LVL3
2026-03-31,510530,LVL1
2026-03-31,510734,LVL1
2026-03-31,511142,LVL1
2026-03-31,511278,LVL2
2026-03-31,511805,LVL1
2026-03-31,511894,LVL1
2026-03-31,512241,LVL1
2026-03-31,512403,LVL1
2026-03-31,512746,LVL1
2026-03-31,512774,LVL1
2026-03-31,513886,LVL3
2026-03-31,514043,LVL1
2026-03-31,514271,LVL1
2026-03-31,514547,LVL1
2026-03-31,514743,LVL2
2026-03-31,514941,LVL1
2026-03-31,515122,LVL1
2026-03-31,515128,LVL1
2026-03-31,515244,LVL2
2026-03-31,515423,LVL1
2026-03-31,515548,LVL3
2026-03-31,515578,LVL3
2026-03-31,515787,LVL1
2026-03-31,516070,LVL1
2026-03-31,516113,LVL1
2026-03-31,516260,LVL1
2026-03-31,516474,LVL3
2026-03-31,516784,LVL1
2026-03-31,516989,LVL1
2026-03-31,517334,LVL1
2026-03-31,517479,LVL3
2026-03-31,517494,LVL1
2026-03-31,517604,LVL1
2026-03-31,517631,LVL3
2026-03-31,517638,LVL3
2026-03-31,517781,LVL1
2026-03-31,517980,LVL1
2026-03-31,518077,LVL1
2026-03-31,518159,LVL3
2026-03-31,518211,LVL3
2026-03-31,518221,LVL1
2026-03-31,518293,LVL3
2026-03-31,518427,LVL1
2026-03-31,518490,LVL1
2026-03-31,518679,LVL3
2026-03-31,519231,LVL1
2026-03-31,519357,LVL1
2026-03-31,519398,LVL3
2026-03-31,519404,LVL1
2026-03-31,519442,LVL1
2026-03-31,519580,LVL1
2026-03-31,519585,LVL1
2026-03-31,519707,LVL1
2026-03-31,519895,LVL1
2026-03-31,519922,LVL3
2026-03-31,520322,LVL3
2026-03-31,520338,LVL3
2026-03-31,520414,LVL1
2026-03-31,520432,LVL1
2026-03-31,520755,LVL3
2026-03-31,520783,LVL1
2026-03-31,520892,LVL3
2026-03-31,520931,LVL1
2026-03-31,521137,LVL1
2026-03-31,521449,LVL1
2026-03-31,521584,LVL1
2026-03-31,521595,LVL1
2026-03-31,521692,LVL3
2026-03-31,521762,LVL1
2026-03-31,521801,LVL1
2026-03-31,521855,LVL1
2026-03-31,522083,LVL1
2026-03-31,522095,LVL1
2026-03-31,522131,LVL1
2026-03-31,522166,LVL1
2026-03-31,522226,LVL1
2026-03-31,522263,LVL3
2026-03-31,522264,LVL1
2026-03-31,522373,LVL1
2026-03-31,522430,LVL3
2026-03-31,522695,LVL1
2026-03-31,522699,LVL1
2026-03-31,522733,LVL1
2026-03-31,523072,LVL1
2026-03-31,523085,LVL1
2026-03-31,523247,LVL1
2026-03-31,523334,LVL3
2026-03-31,523342,LVL1
2026-03-31,523344,LVL1
2026-03-31,523456,LVL3
2026-03-31,523542,LVL1
2026-03-31,523587,LVL1
2026-03-31,523683,LVL1
2026-03-31,523734,LVL2
2026-03-31,523806,LVL1
2026-03-31,523903,LVL3
2026-03-31,523912,LVL1
2026-03-31,523938,LVL1
2026-03-31,524036,LVL1
2026-03-31,524110,LVL1
2026-03-31,524134,LVL1
2026-03-31,524233,LVL1
2026-03-31,524262,LVL1
2026-03-31,524367,LVL3
2026-03-31,524490,LVL1
2026-03-31,524511,LVL1
2026-03-31,524517,LVL2
2026-03-31,524667,LVL1
2026-03-31,524796,LVL1
2026-03-31,524845,LVL1
2026-03-31,524899,LVL1
2026-03-31,524928,LVL3
2026-03-31,524952,LVL1
2026-03-31,525035,LVL1
2026-03-31,525090,LVL1
2026-03-31,525091,LVL3
2026-03-31,525164,LVL1
2026-03-31,525212,LVL3
2026-03-31,525309,LVL1
2026-03-31,525466,LVL1
2026-03-31,525488,LVL1
2026-03-31,525622,LVL1
2026-03-31,525955,LVL1
2026-03-31,526095,LVL3
2026-03-31,526131,LVL3
2026-03-31,526217,LVL1
2026-03-31,526280,LVL1
2026-03-31,526436,LVL1
2026-03-31,526443,LVL1
2026-03-31,526444,LVL3
2026-03-31,526471,LVL3
2026-03-31,526484,LVL3
2026-03-31,526499,LVL1
2026-03-31,526527,LVL1
2026-03-31,526694,LVL1
2026-03-31,526736,LVL1
2026-03-31,526739,LVL1
2026-03-31,526742,LVL1
2026-03-31,526767,LVL1
2026-03-31,526859,LVL2
2026-03-31,526869,LVL1
2026-03-31,526879,LVL3
2026-03-31,526942,LVL3
2026-03-31,526961,LVL1
2026-03-31,527166,LVL2
2026-03-31,527222,LVL1
2026-03-31,527343,LVL3
2026-03-31,527445,LVL1
2026-03-31,527522,LVL3
2026-03-31,527551,LVL2
2026-03-31,527558,LVL3
2026-03-31,527601,LVL1
2026-04-30,500223,LVL1
2026-04-30,500550,LVL1
2026-04-30,502570,LVL3
2026-04-30,503662,LVL1
2026-04-30,503813,LVL1
2026-04-30,503851,LVL1
2026-04-30,505721,LVL1
2026-04-30,506206,LVL1
2026-04-30,506590,LVL1
2026-04-30,507416,LVL1
2026-04-30,507579,LVL3
2026-04-30,507820,LVL1
2026-04-30,508099,LVL3
2026-04-30,508640,LVL1
2026-04-30,508859,LVL2
2026-04-30,508944,LVL1
2026-04-30,509140,LVL3
2026-04-30,509219,LVL1
2026-04-30,509298,LVL1
2026-04-30,509846,LVL1
2026-04-30,510021,LVL3
2026-04-30,510029,LVL1
2026-04-30,510250,LVL3
2026-04-30,510281,LVL1
2026-04-30,510439,LVL2
2026-04-30,510855,LVL3
2026-04-30,511334,LVL3
2026-04-30,511429,LVL1
2026-04-30,512165,LVL1
2026-04-30,512468,LVL3
2026-04-30,512769,LVL1
2026-04-30,513657,LVL3
2026-04-30,513943,LVL1
2026-04-30,514228,LVL1
2026-04-30,514320,LVL1
2026-04-30,514359,LVL1
2026-04-30,514383,LVL3
2026-04-30,514485,LVL3
2026-04-30,514590,LVL1
2026-04-30,514598,LVL1
2026-04-30,514733,LVL1
2026-04-30,514743,LVL3
2026-04-30,514992,LVL3
2026-04-30,515057,LVL1
2026-04-30,515473,LVL1
2026-04-30,515542,LVL1
2026-04-30,515719,LVL3
2026-04-30,515808,LVL1
2026-04-30,516010,LVL3
2026-04-30,516131,LVL3
2026-04-30,516135,LVL3
2026-04-30,516772,LVL3
2026-04-30,516947,LVL1
2026-04-30,517140,LVL1
2026-04-30,517237,LVL1
2026-04-30,517373,LVL1
2026-04-30,517813,LVL1
2026-04-30,518319,LVL2
2026-04-30,518450,LVL1
2026-04-30,518536,LVL1
2026-04-30,518702,LVL1
2026-04-30,518866,LVL3
2026-04-30,519153,LVL1
2026-04-30,519192,LVL3
2026-04-30,519714,LVL3
2026-04-30,519811,LVL3
2026-04-30,520088,LVL1
2026-04-30,520326,LVL1
2026-04-30,520557,LVL3
2026-04-30,520656,LVL3
2026-04-30,520721,LVL3
2026-04-30,520755,LVL1
2026-04-30,520770,LVL3
2026-04-30,520907,LVL3
2026-04-30,520977,LVL1
2026-04-30,521155,LVL3
2026-04-30,521162,LVL1
2026-04-30,521363,LVL3
2026-04-30,521404,LVL3
2026-04-30,521410,LVL1
2026-04-30,521479,LVL1
2026-04-30,521491,LVL3
2026-04-30,521611,LVL3
2026-04-30,521691,LVL1
2026-04-30,521794,LVL3
2026-04-30,521956,LVL3
2026-04-30,522069,LVL1
2026-04-30,522077,LVL1
2026-04-30,522132,LVL1
2026-04-30,522179,LVL1
2026-04-30,522225,LVL3
2026-04-30,522299,LVL1
2026-04-30,522377,LVL3
2026-04-30,522637,LVL1
2026-04-30,522784,LVL3
2026-04-30,522790,LVL3
2026-04-30,523035,LVL1
2026-04-30,523183,LVL1
2026-04-30,523262,LVL1
2026-04-30,523274,LVL3
2026-04-30,523328,LVL3
2026-04-30,523346,LVL1
2026-04-30,523353,LVL1
2026-04-30,523380,LVL2
2026-04-30,523394,LVL1
2026-04-30,523416,LVL1
2026-04-30,523574,LVL3
2026-04-30,523784,LVL1
2026-04-30,523817,LVL1
2026-04-30,523923,LVL3
2026-04-30,524000,LVL1
2026-04-30,524090,LVL1
2026-04-30,524122,LVL1
2026-04-30,524163,LVL3
2026-04-30,524177,LVL3
2026-04-30,524251,LVL3
2026-04-30,524403,LVL1
2026-04-30,524464,LVL1
2026-04-30,524530,LVL1
2026-04-30,524545,LVL2
2026-04-30,524606,LVL1
2026-04-30,524610,LVL1
2026-04-30,524738,LVL1
2026-04-30,524747,LVL3
2026-04-30,524834,LVL3
2026-04-30,525017,LVL3
2026-04-30,525214,LVL3
2026-04-30,525279,LVL1
2026-04-30,525339,LVL1
2026-04-30,525504,LVL1
2026-04-30,525525,LVL3
2026-04-30,525619,LVL1
2026-04-30,525644,LVL1
2026-04-30,525900,LVL1
2026-04-30,526009,LVL1
2026-04-30,526162,LVL2
2026-04-30,526167,LVL1
2026-04-30,526267,LVL3
2026-04-30,526299,LVL1
2026-04-30,526332,LVL3
2026-04-30,526547,LVL1
2026-04-30,526573,LVL1
2026-04-30,526729,LVL1
2026-04-30,526739,LVL1
2026-04-30,526760,LVL1
2026-04-30,526785,LVL1
2026-04-30,526852,LVL3
2026-04-30,526855,LVL1
2026-04-30,526874,LVL3
2026-04-30,526924,LVL2
2026-04-30,526938,LVL1
2026-04-30,526943,LVL3
2026-04-30,526974,LVL1
2026-04-30,527047,LVL1
2026-04-30,527057,LVL1
2026-04-30,527140,LVL3
2026-04-30,527145,LVL1
2026-04-30,527185,LVL1
2026-04-30,527214,LVL1
2026-04-30,527250,LVL3
2026-04-30,527289,LVL1
2026-04-30,527338,LVL1
2026-04-30,527353,LVL1
2026-04-30,527368,LVL3
2026-04-30,527508,LVL3
2026-04-30,527561,LVL1
2026-04-30,527637,LVL1
2026-04-30,527689,LVL1
2026-04-30,527824,LVL3
2026-04-30,527895,LVL1
2026-04-30,527920,LVL3
2026-04-30,527939,LVL3
2026-04-30,527982,LVL1
2026-04-30,528004,LVL3
2026-04-30,528032,LVL1
2026-05-31,500350,LVL1
2026-05-31,502536,LVL3
2026-05-31,502903,LVL3
2026-05-31,504058,LVL1
2026-05-31,506382,LVL1
2026-05-31,507027,LVL3
2026-05-31,507492,LVL1
2026-05-31,508161,LVL1
2026-05-31,508648,LVL3
2026-05-31,509687,LVL1
2026-05-31,509927,LVL1
2026-05-31,509928,LVL3
2026-05-31,510147,LVL1
2026-05-31,510209,LVL3
2026-05-31,510575,LVL1
2026-05-31,512544,LVL1
2026-05-31,512750,LVL1
2026-05-31,512940,LVL3
2026-05-31,513067,LVL1
2026-05-31,513396,LVL1
2026-05-31,513527,LVL1
2026-05-31,513558,LVL1
2026-05-31,513821,LVL3
2026-05-31,513880,LVL1
2026-05-31,514091,LVL1
2026-05-31,514459,LVL1
2026-05-31,514765,LVL2
2026-05-31,514899,LVL3
2026-05-31,514941,LVL3
2026-05-31,515186,LVL3
2026-05-31,515237,LVL3
2026-05-31,515241,LVL3
2026-05-31,515405,LVL3
2026-05-31,515445,LVL1
2026-05-31,515623,LVL1
2026-05-31,515867,LVL1
2026-05-31,516228,LVL1
2026-05-31,516764,LVL3
2026-05-31,516839,LVL1
2026-05-31,516989,LVL1
2026-05-31,517104,LVL3
2026-05-31,517303,LVL3
2026-05-31,517650,LVL1
2026-05-31,517798,LVL1
2026-05-31,518045,LVL3
2026-05-31,518068,LVL3
2026-05-31,518203,LVL3
2026-05-31,518369,LVL1
2026-05-31,518540,LVL1
2026-05-31,518590,LVL1
2026-05-31,518721,LVL3
2026-05-31,518798,LVL1
2026-05-31,519632,LVL3
2026-05-31,519906,LVL1
2026-05-31,519925,LVL1
2026-05-31,519990,LVL1
2026-05-31,520266,LVL3
2026-05-31,520336,LVL3
2026-05-31,520353,LVL1
2026-05-31,520389,LVL1
2026-05-31,520460,LVL1
2026-05-31,520742,LVL3
2026-05-31,520765,LVL1
2026-05-31,520935,LVL3
2026-05-31,521119,LVL1
2026-05-31,521492,LVL1
2026-05-31,521580,LVL1
2026-05-31,521814,LVL1
2026-05-31,521862,LVL3
2026-05-31,521884,LVL1
2026-05-31,521969,LVL1
2026-05-31,522016,LVL3
2026-05-31,522074,LVL3
2026-05-31,522125,LVL3
2026-05-31,522126,LVL2
2026-05-31,522175,LVL3
2026-05-31,522188,LVL1
2026-05-31,522228,LVL1
2026-05-31,522248,LVL1
2026-05-31,522264,LVL1
2026-05-31,522401,LVL3
2026-05-31,522502,LVL1
2026-05-31,522621,LVL1
2026-05-31,522813,LVL1
2026-05-31,523243,LVL1
2026-05-31,523257,LVL3
2026-05-31,523306,LVL3
2026-05-31,523330,LVL3
2026-05-31,523346,LVL3
2026-05-31,523518,LVL1
2026-05-31,523780,LVL1
2026-05-31,523801,LVL3
2026-05-31,523844,LVL3
2026-05-31,523851,LVL3
2026-05-31,523882,LVL1
2026-05-31,523984,LVL1
2026-05-31,524212,LVL3
2026-05-31,524373,LVL1
2026-05-31,524399,LVL1
2026-05-31,524418,LVL3
2026-05-31,524502,LVL1
2026-05-31,524587,LVL1
2026-05-31,524702,LVL1
2026-05-31,524752,LVL1
2026-05-31,524815,LVL3
2026-05-31,525081,LVL1
2026-05-31,525082,LVL3
2026-05-31,525259,LVL1
2026-05-31,525397,LVL1
2026-05-31,525425,LVL1
2026-05-31,525427,LVL1
2026-05-31,525451,LVL1
2026-05-31,525472,LVL2
2026-05-31,525527,LVL1
2026-05-31,525558,LVL3
2026-05-31,525599,LVL1
2026-05-31,525644,LVL3
2026-05-31,525785,LVL1
2026-05-31,525858,LVL1
2026-05-31,525910,LVL1
2026-05-31,526009,LVL1
2026-05-31,526028,LVL3
2026-05-31,526051,LVL1
2026-05-31,526256,LVL3
2026-05-31,526361,LVL1
2026-05-31,526430,LVL1
2026-05-31,526466,LVL2
2026-05-31,526535,LVL3
2026-05-31,526540,LVL3
2026-05-31,526617,LVL3
2026-05-31,526772,LVL3
2026-05-31,526782,LVL1
2026-05-31,526978,LVL3
2026-05-31,527233,LVL2
2026-05-31,527365,LVL3
2026-05-31,527456,LVL1
2026-05-31,527493,LVL1
2026-05-31,527560,LVL1
2026-05-31,527599,LVL2
2026-05-31,527693,LVL1
2026-05-31,527812,LVL1
2026-05-31,527857,LVL1
2026-05-31,527862,LVL1
2026-05-31,527954,LVL1
2026-05-31,528141,LVL1
2026-05-31,528194,LVL1
2026-05-31,528200,LVL1
2026-05-31,528380,LVL1
2026-06-30,500472,LVL1
2026-06-30,501874,LVL1
2026-06-30,503901,LVL3
2026-06-30,505150,LVL3
2026-06-30,506376,LVL3
2026-06-30,507995,LVL1
2026-06-30,508351,LVL1
2026-06-30,509632,LVL1
2026-06-30,509989,LVL1
2026-06-30,510008,LVL1
2026-06-30,510321,LVL1
2026-06-30,510575,LVL2
2026-06-30,510638,LVL1
2026-06-30,510720,LVL3
2026-06-30,510949,LVL1
2026-06-30,511418,LVL3
2026-06-30,511678,LVL1
2026-06-30,511751,LVL1
2026-06-30,511862,LVL1
2026-06-30,511974,LVL1
2026-06-30,512031,LVL3
2026-06-30,512153,LVL3
2026-06-30,512374,LVL1
2026-06-30,512946,LVL3
2026-06-30,513171,LVL3
2026-06-30,513460,LVL1
2026-06-30,513803,LVL1
2026-06-30,514093,LVL1
2026-06-30,514494,LVL1
2026-06-30,514969,LVL1
2026-06-30,515003,LVL3
2026-06-30,515069,LVL3
2026-06-30,515092,LVL1
2026-06-30,515364,LVL1
2026-06-30,515448,LVL3
2026-06-30,515474,LVL3
2026-06-30,515615,LVL1
2026-06-30,515824,LVL1
2026-06-30,515933,LVL3
2026-06-30,516146,LVL3
2026-06-30,516205,LVL1
2026-06-30,516731,LVL1
2026-06-30,517081,LVL1
2026-06-30,517284,LVL1
2026-06-30,517400,LVL1
2026-06-30,517611,LVL1
2026-06-30,517818,LVL3
2026-06-30,518556,LVL1
2026-06-30,518970,LVL1
2026-06-30,519011,LVL3
2026-06-30,519037,LVL1
2026-06-30,519077,LVL3
2026-06-30,519395,LVL3
2026-06-30,519425,LVL1
2026-06-30,519444,LVL1
2026-06-30,519964,LVL3
2026-06-30,520067,LVL1
2026-06-30,520088,LVL1
2026-06-30,520168,LVL3
2026-06-30,520319,LVL3
2026-06-30,520369,LVL3
2026-06-30,520399,LVL1
2026-06-30,520966,LVL1
2026-06-30,521033,LVL3
2026-06-30,521139,LVL1
2026-06-30,521244,LVL3
2026-06-30,521336,LVL2
2026-06-30,521524,LVL1
2026-06-30,521550,LVL1
2026-06-30,521656,LVL1
2026-06-30,521664,LVL1
2026-06-30,522063,LVL1
2026-06-30,522124,LVL3
2026-06-30,522193,LVL3
2026-06-30,522213,LVL1
2026-06-30,522233,LVL3
2026-06-30,522370,LVL1
2026-06-30,522454,LVL1
2026-06-30,522538,LVL1
2026-06-30,522618,LVL1
2026-06-30,522765,LVL1
2026-06-30,522910,LVL1
2026-06-30,522919,LVL1
2026-06-30,523095,LVL3
2026-06-30,523180,LVL1
2026-06-30,523206,LVL1
2026-06-30,523268,LVL1
2026-06-30,523283,LVL1
2026-06-30,523380,LVL3
2026-06-30,523525,LVL3
2026-06-30,523798,LVL3
2026-06-30,523860,LVL3
2026-06-30,523887,LVL1
2026-06-30,523907,LVL1
2026-06-30,523987,LVL1
2026-06-30,524091,LVL1
2026-06-30,524190,LVL1
2026-06-30,524244,LVL1
2026-06-30,524295,LVL3
2026-06-30,524303,LVL1
2026-06-30,524343,LVL1
2026-06-30,524420,LVL3
2026-06-30,524528,LVL3
2026-06-30,524626,LVL2
2026-06-30,524702,LVL1
2026-06-30,524728,LVL1
2026-06-30,524805,LVL1
2026-06-30,524819,LVL3
2026-06-30,524830,LVL1
2026-06-30,524867,LVL1
2026-06-30,525026,LVL3
2026-06-30,525093,LVL1
2026-06-30,525100,LVL1
2026-06-30,525147,LVL3
2026-06-30,525148,LVL1
2026-06-30,525182,LVL1
2026-06-30,525233,LVL1
2026-06-30,525264,LVL1
2026-06-30,525311,LVL1
2026-06-30,525321,LVL1
2026-06-30,525411,LVL1
2026-06-30,525481,LVL1
2026-06-30,525536,LVL1
2026-06-30,525586,LVL1
2026-06-30,525609,LVL1
2026-06-30,525698,LVL1
2026-06-30,525855,LVL3
2026-06-30,525877,LVL3
2026-06-30,525879,LVL3
2026-06-30,525908,LVL1
2026-06-30,525951,LVL3
2026-06-30,526063,LVL1
2026-06-30,526085,LVL1
2026-06-30,526129,LVL1
2026-06-30,526165,LVL1
2026-06-30,526204,LVL1
2026-06-30,526276,LVL3
2026-06-30,526293,LVL3
2026-06-30,526317,LVL2
2026-06-30,526324,LVL2
2026-06-30,526354,LVL1
2026-06-30,526486,LVL1
2026-06-30,526541,LVL3
2026-06-30,526563,LVL1
2026-06-30,526747,LVL1
2026-06-30,526752,LVL3
2026-06-30,526770,LVL1
2026-06-30,526967,LVL1
2026-06-30,526980,LVL1
2026-06-30,527117,LVL1
2026-06-30,527321,LVL3
2026-06-30,527415,LVL1
2026-06-30,527562,LVL1
2026-06-30,527588,LVL1
2026-06-30,527633,LVL1
2026-06-30,527677,LVL1
2026-06-30,527893,LVL3
2026-06-30,527934,LVL1
2026-06-30,528038,LVL1
2026-06-30,528041,LVL1
2026-06-30,528054,LVL1
2026-06-30,528085,LVL1
2026-06-30,528181,LVL1
2026-06-30,528287,LVL1
2026-06-30,528296,LVL3
2026-06-30,528482,LVL1
2026-06-30,528517,LVL3
2026-06-30,528586,LVL1
2026-06-30,528601,LVL1
2026-07-31,500628,LVL1
2026-07-31,501452,LVL3
2026-07-31,501480,LVL1
2026-07-31,502627,LVL1
2026-07-31,503001,LVL1
2026-07-31,503908,LVL1
2026-07-31,504880,LVL1
2026-07-31,505860,LVL1
2026-07-31,506038,LVL1
2026-07-31,508029,LVL1
2026-07-31,508967,LVL1
2026-07-31,509343,LVL3
2026-07-31,509685,LVL1
2026-07-31,509753,LVL1
2026-07-31,510118,LVL1
2026-07-31,510281,LVL1
2026-07-31,510400,LVL1
2026-07-31,510727,LVL3
2026-07-31,511343,LVL3
2026-07-31,511410,LVL1
2026-07-31,511913,LVL1
2026-07-31,511983,LVL1
2026-07-31,512042,LVL3
2026-07-31,512393,LVL1
2026-07-31,512526,LVL3
2026-07-31,512929,LVL1
2026-07-31,513094,LVL3
2026-07-31,513366,LVL3
2026-07-31,513849,LVL3
2026-07-31,514195,LVL1
2026-07-31,514589,LVL2
2026-07-31,514627,LVL1
2026-07-31,514835,LVL2
2026-07-31,514876,LVL1
2026-07-31,514888,LVL3
2026-07-31,515179,LVL1
2026-07-31,515228,LVL1
2026-07-31,515370,LVL1
2026-07-31,515474,LVL1
2026-07-31,515542,LVL1
2026-07-31,515990,LVL1
2026-07-31,516139,LVL1
2026-07-31,516148,LVL3
2026-07-31,516516,LVL1
2026-07-31,516682,LVL1
2026-07-31,517439,LVL1
2026-07-31,517494,LVL3
2026-07-31,517549,LVL1
2026-07-31,518305,LVL1
2026-07-31,518421,LVL3
2026-07-31,518458,LVL1
2026-07-31,519135,LVL1
2026-07-31,519267,LVL1
2026-07-31,519320,LVL3
2026-07-31,519394,LVL1
2026-07-31,519412,LVL3
2026-07-31,519433,LVL3
2026-07-31,519436,LVL3
2026-07-31,519515,LVL3
2026-07-31,519585,LVL3
2026-07-31,519770,LVL1
2026-07-31,519812,LVL1
2026-07-31,519886,LVL3
2026-07-31,519916,LVL1
2026-07-31,520040,LVL2
2026-07-31,520085,LVL1
2026-07-31,520190,LVL1
2026-07-31,520322,LVL3
2026-07-31,520327,LVL1
2026-07-31,520549,LVL1
2026-07-31,520565,LVL3
2026-07-31,520649,LVL3
2026-07-31,520713,LVL1
2026-07-31,520914,LVL1
2026-07-31,521102,LVL1
2026-07-31,521186,LVL1
2026-07-31,521362,LVL1
2026-07-31,521476,LVL1
2026-07-31,521480,LVL3
2026-07-31,521496,LVL1
2026-07-31,521519,LVL1
2026-07-31,521520,LVL1
2026-07-31,521604,LVL3
2026-07-31,521686,LVL1
2026-07-31,521842,LVL1
2026-07-31,522125,LVL1
2026-07-31,522281,LVL3
2026-07-31,522688,LVL3
2026-07-31,522695,LVL1
2026-07-31,522873,LVL1
2026-07-31,522886,LVL1
2026-07-31,522951,LVL1
2026-07-31,523000,LVL1
2026-07-31,523012,LVL3
2026-07-31,523013,LVL3
2026-07-31,523079,LVL2
2026-07-31,523146,LVL3
2026-07-31,523210,LVL3
2026-07-31,523261,LVL3
2026-07-31,523470,LVL1
2026-07-31,523675,LVL3
2026-07-31,523734,LVL1
2026-07-31,523746,LVL1
2026-07-31,523917,LVL3
2026-07-31,524125,LVL3
2026-07-31,524135,LVL1
2026-07-31,524172,LVL1
2026-07-31,524220,LVL1
2026-07-31,524262,LVL1
2026-07-31,524282,LVL3
2026-07-31,524283,LVL3
2026-07-31,524310,LVL3
2026-07-31,524417,LVL3
2026-07-31,524426,LVL1
2026-07-31,524440,LVL3
2026-07-31,524581,LVL1
2026-07-31,524645,LVL3
2026-07-31,524670,LVL3
2026-07-31,524690,LVL1
2026-07-31,524715,LVL3
2026-07-31,524750,LVL1
2026-07-31,524985,LVL3
2026-07-31,525040,LVL2
2026-07-31,525124,LVL3
2026-07-31,525144,LVL1
2026-07-31,525253,LVL1
2026-07-31,525336,LVL1
2026-07-31,525389,LVL2
2026-07-31,525400,LVL3
2026-07-31,525420,LVL1
2026-07-31,525464,LVL1
2026-07-31,525500,LVL1
2026-07-31,525511,LVL1
2026-07-31,525535,LVL1
2026-07-31,525550,LVL1
2026-07-31,525598,LVL1
2026-07-31,525747,LVL1
2026-07-31,525794,LVL3
2026-07-31,525856,LVL1
2026-07-31,525874,LVL1
2026-07-31,526122,LVL1
2026-07-31,526183,LVL3
2026-07-31,526195,LVL1
2026-07-31,526253,LVL3
2026-07-31,526266,LVL2
2026-07-31,526286,LVL3
2026-07-31,526401,LVL1
2026-07-31,526525,LVL1
2026-07-31,526569,LVL1
2026-07-31,526652,LVL3
2026-07-31,526761,LVL2
2026-07-31,526799,LVL1
2026-07-31,526839,LVL1
2026-07-31,526853,LVL1
2026-07-31,526865,LVL2
2026-07-31,526987,LVL2
2026-07-31,527000,LVL1
2026-07-31,527018,LVL2
2026-07-31,527051,LVL1
2026-07-31,527104,LVL1
2026-07-31,527214,LVL1
2026-07-31,527248,LVL1
2026-07-31,527252,LVL1
2026-07-31,527262,LVL1
2026-07-31,527313,LVL3
2026-07-31,527326,LVL1
2026-07-31,527333,LVL1
2026-07-31,527418,LVL1
2026-07-31,527467,LVL1
2026-07-31,527538,LVL1
2026-07-31,527673,LVL1
2026-07-31,527675,LVL1
2026-07-31,527769,LVL3
2026-07-31,527803,LVL1
2026-07-31,527814,LVL1
2026-07-31,527895,LVL1
2026-07-31,527919,LVL1
2026-07-31,528009,LVL3
2026-07-31,528100,LVL3
2026-07-31,528111,LVL1
2026-07-31,528113,LVL1
2026-07-31,528290,LVL1
2026-07-31,528318,LVL1
2026-07-31,528356,LVL1
2026-07-31,528419,LVL1
2026-07-31,528454,LVL1
2026-07-31,528457,LVL1
2026-07-31,528592,LVL2
2026-07-31,528674,LVL1
2026-07-31,528721,LVL1
2026-07-31,528953,LVL1
2026-07-31,529053,LVL1
2026-07-31,529086,LVL1
